Copyright 1986-2022 Xilinx, Inc. All Rights Reserved. Copyright 2022-2025 Advanced Micro Devices, Inc. All Rights Reserved.
------------------------------------------------------------------------------------------------------------------------------------------------------------------------------------------------------------------------------------------------------------------------------
| Tool Version : Vivado v.2025.1 (lin64) Build 6140274 Wed May 21 22:58:25 MDT 2025
| Date         : Wed May 13 16:17:54 2026
| Host         : 0226AUBUVVDO014 running 64-bit Ubuntu 24.04.3 LTS
| Command      : report_timing_summary -max_paths 10 -routable_nets -report_unconstrained -file Arty_Digilent_TopLevel_timing_summary_routed.rpt -pb Arty_Digilent_TopLevel_timing_summary_routed.pb -rpx Arty_Digilent_TopLevel_timing_summary_routed.rpx -warn_on_violation
| Design       : Arty_Digilent_TopLevel
| Device       : 7a35t-csg324
| Speed File   : -1  PRODUCTION 1.23 2018-06-13
| Design State : Routed
------------------------------------------------------------------------------------------------------------------------------------------------------------------------------------------------------------------------------------------------------------------------------

Timing Summary Report

------------------------------------------------------------------------------------------------
| Timer Settings
| --------------
------------------------------------------------------------------------------------------------

  Enable Multi Corner Analysis               :  Yes
  Enable Pessimism Removal                   :  Yes
  Pessimism Removal Resolution               :  Nearest Common Node
  Enable Input Delay Default Clock           :  No
  Enable Preset / Clear Arcs                 :  No
  Disable Flight Delays                      :  No
  Ignore I/O Paths                           :  No
  Timing Early Launch at Borrowing Latches   :  No
  Borrow Time for Max Delay Exceptions       :  Yes
  Merge Timing Exceptions                    :  Yes
  Inter-SLR Compensation                     :  Conservative

  Corner  Analyze    Analyze    
  Name    Max Paths  Min Paths  
  ------  ---------  ---------  
  Slow    Yes        Yes        
  Fast    Yes        Yes        


------------------------------------------------------------------------------------------------
| Report Methodology
| ------------------
------------------------------------------------------------------------------------------------

Rule       Severity  Description                    Violations  
---------  --------  -----------------------------  ----------  
TIMING-18  Warning   Missing input or output delay  19          

Note: This report is based on the most recent report_methodology run and may not be up-to-date. Run report_methodology on the current design for the latest report.



check_timing report

Table of Contents
-----------------
1. checking no_clock (0)
2. checking constant_clock (0)
3. checking pulse_width_clock (0)
4. checking unconstrained_internal_endpoints (0)
5. checking no_input_delay (8)
6. checking no_output_delay (11)
7. checking multiple_clock (0)
8. checking generated_clocks (0)
9. checking loops (0)
10. checking partial_input_delay (0)
11. checking partial_output_delay (0)
12. checking latch_loops (0)

1. checking no_clock (0)
------------------------
 There are 0 register/latch pins with no clock.


2. checking constant_clock (0)
------------------------------
 There are 0 register/latch pins with constant_clock.


3. checking pulse_width_clock (0)
---------------------------------
 There are 0 register/latch pins which need pulse_width check


4. checking unconstrained_internal_endpoints (0)
------------------------------------------------
 There are 0 pins that are not constrained for maximum delay.

 There are 0 pins that are not constrained for maximum delay due to constant clock.


5. checking no_input_delay (8)
------------------------------
 There are 8 input ports with no input delay specified. (HIGH)

 There are 0 input ports with no input delay but user has a false path constraint.


6. checking no_output_delay (11)
--------------------------------
 There are 11 ports with no output delay specified. (HIGH)

 There are 0 ports with no output delay but user has a false path constraint

 There are 0 ports with no output delay but with a timing clock defined on it or propagating through it


7. checking multiple_clock (0)
------------------------------
 There are 0 register/latch pins with multiple clocks.


8. checking generated_clocks (0)
--------------------------------
 There are 0 generated clocks that are not connected to a clock source.


9. checking loops (0)
---------------------
 There are 0 combinational loops in the design.


10. checking partial_input_delay (0)
------------------------------------
 There are 0 input ports with partial input delay specified.


11. checking partial_output_delay (0)
-------------------------------------
 There are 0 ports with partial output delay specified.


12. checking latch_loops (0)
----------------------------
 There are 0 combinational latch loops in the design through latch input



------------------------------------------------------------------------------------------------
| Design Timing Summary
| ---------------------
------------------------------------------------------------------------------------------------

    WNS(ns)      TNS(ns)  TNS Failing Endpoints  TNS Total Endpoints      WHS(ns)      THS(ns)  THS Failing Endpoints  THS Total Endpoints     WPWS(ns)     TPWS(ns)  TPWS Failing Endpoints  TPWS Total Endpoints  
    -------      -------  ---------------------  -------------------      -------      -------  ---------------------  -------------------     --------     --------  ----------------------  --------------------  
      4.955        0.000                      0                   71        0.200        0.000                      0                   71        4.500        0.000                       0                    50  


All user specified timing constraints are met.


------------------------------------------------------------------------------------------------
| Clock Summary
| -------------
------------------------------------------------------------------------------------------------

Clock        Waveform(ns)       Period(ns)      Frequency(MHz)
-----        ------------       ----------      --------------
sys_clk_pin  {0.000 5.000}      10.000          100.000         


------------------------------------------------------------------------------------------------
| Intra Clock Table
| -----------------
------------------------------------------------------------------------------------------------

Clock             WNS(ns)      TNS(ns)  TNS Failing Endpoints  TNS Total Endpoints      WHS(ns)      THS(ns)  THS Failing Endpoints  THS Total Endpoints     WPWS(ns)     TPWS(ns)  TPWS Failing Endpoints  TPWS Total Endpoints  
-----             -------      -------  ---------------------  -------------------      -------      -------  ---------------------  -------------------     --------     --------  ----------------------  --------------------  
sys_clk_pin         4.955        0.000                      0                   71        0.200        0.000                      0                   71        4.500        0.000                       0                    50  


------------------------------------------------------------------------------------------------
| Inter Clock Table
| -----------------
------------------------------------------------------------------------------------------------

From Clock    To Clock          WNS(ns)      TNS(ns)  TNS Failing Endpoints  TNS Total Endpoints      WHS(ns)      THS(ns)  THS Failing Endpoints  THS Total Endpoints  
----------    --------          -------      -------  ---------------------  -------------------      -------      -------  ---------------------  -------------------  


------------------------------------------------------------------------------------------------
| Other Path Groups Table
| -----------------------
------------------------------------------------------------------------------------------------

Path Group    From Clock    To Clock          WNS(ns)      TNS(ns)  TNS Failing Endpoints  TNS Total Endpoints      WHS(ns)      THS(ns)  THS Failing Endpoints  THS Total Endpoints  
----------    ----------    --------          -------      -------  ---------------------  -------------------      -------      -------  ---------------------  -------------------  


------------------------------------------------------------------------------------------------
| User Ignored Path Table
| -----------------------
------------------------------------------------------------------------------------------------

Path Group    From Clock    To Clock    
----------    ----------    --------    


------------------------------------------------------------------------------------------------
| Unconstrained Path Table
| ------------------------
------------------------------------------------------------------------------------------------

Path Group    From Clock    To Clock    
----------    ----------    --------    
(none)        sys_clk_pin                 
(none)                      sys_clk_pin   


------------------------------------------------------------------------------------------------
| Timing Details
| --------------
------------------------------------------------------------------------------------------------


---------------------------------------------------------------------------------------------------
From Clock:  sys_clk_pin
  To Clock:  sys_clk_pin

Setup :            0  Failing Endpoints,  Worst Slack        4.955ns,  Total Violation        0.000ns
Hold  :            0  Failing Endpoints,  Worst Slack        0.200ns,  Total Violation        0.000ns
PW    :            0  Failing Endpoints,  Worst Slack        4.500ns,  Total Violation        0.000ns
---------------------------------------------------------------------------------------------------


Max Delay Paths
--------------------------------------------------------------------------------------
Slack (MET) :             4.955ns  (required time - arrival time)
  Source:                 top_inst/custom_ops_inst/b_stored_reg[1]/C
                            (rising edge-triggered cell FDRE clocked by sys_clk_pin  {rise@0.000ns fall@5.000ns period=10.000ns})
  Destination:            top_inst/custom_ops_inst/result_buf_reg[5]/D
                            (rising edge-triggered cell FDRE clocked by sys_clk_pin  {rise@0.000ns fall@5.000ns period=10.000ns})
  Path Group:             sys_clk_pin
  Path Type:              Setup (Max at Slow Process Corner)
  Requirement:            10.000ns  (sys_clk_pin rise@10.000ns - sys_clk_pin rise@0.000ns)
  Data Path Delay:        4.734ns  (logic 1.589ns (33.563%)  route 3.145ns (66.437%))
  Logic Levels:           5  (CARRY4=1 LUT4=1 LUT6=3)
  Clock Path Skew:        -0.020ns (DCD - SCD + CPR)
    Destination Clock Delay (DCD):    4.800ns = ( 14.800 - 10.000 ) 
    Source Clock Delay      (SCD):    5.093ns
    Clock Pessimism Removal (CPR):    0.273ns
  Clock Uncertainty:      0.035ns  ((TSJ^2 + TIJ^2)^1/2 + DJ) / 2 + PE
    Total System Jitter     (TSJ):    0.071ns
    Total Input Jitter      (TIJ):    0.000ns
    Discrete Jitter          (DJ):    0.000ns
    Phase Error              (PE):    0.000ns

    Location             Delay type                Incr(ns)  Path(ns)    Netlist Resource(s)
  -------------------------------------------------------------------    -------------------
                         (clock sys_clk_pin rise edge)
                                                      0.000     0.000 r  
    E3                                                0.000     0.000 r  CLK100MHZ (IN)
                         net (fo=0)                   0.000     0.000    CLK100MHZ
    E3                   IBUF (Prop_ibuf_I_O)         1.489     1.489 r  CLK100MHZ_IBUF_inst/O
                         net (fo=1, routed)           1.967     3.455    CLK100MHZ_IBUF
    BUFGCTRL_X0Y16       BUFG (Prop_bufg_I_O)         0.096     3.551 r  CLK100MHZ_IBUF_BUFG_inst/O
                         net (fo=49, routed)          1.542     5.093    top_inst/custom_ops_inst/CLK
    SLICE_X13Y70         FDRE                                         r  top_inst/custom_ops_inst/b_stored_reg[1]/C
  -------------------------------------------------------------------    -------------------
    SLICE_X13Y70         FDRE (Prop_fdre_C_Q)         0.456     5.549 r  top_inst/custom_ops_inst/b_stored_reg[1]/Q
                         net (fo=19, routed)          0.986     6.536    top_inst/custom_ops_inst/b_stored_reg_n_0_[1]
    SLICE_X13Y68         LUT6 (Prop_lut6_I2_O)        0.124     6.660 r  top_inst/custom_ops_inst/i___1_carry__0_i_7/O
                         net (fo=2, routed)           0.435     7.095    top_inst/custom_ops_inst/i___1_carry__0_i_7_n_0
    SLICE_X12Y69         LUT6 (Prop_lut6_I0_O)        0.124     7.219 r  top_inst/custom_ops_inst/i___1_carry__0_i_3/O
                         net (fo=2, routed)           0.595     7.813    top_inst/custom_ops_inst/i___1_carry__0_i_3_n_0
    SLICE_X14Y69         LUT6 (Prop_lut6_I0_O)        0.124     7.937 r  top_inst/custom_ops_inst/i___1_carry__0_i_6/O
                         net (fo=1, routed)           0.000     7.937    top_inst/custom_ops_inst/i___1_carry__0_i_6_n_0
    SLICE_X14Y69         CARRY4 (Prop_carry4_S[0]_O[1])
                                                      0.427     8.364 r  top_inst/custom_ops_inst/final_result0_inferred__0/i___1_carry__0/O[1]
                         net (fo=1, routed)           0.649     9.014    top_inst/custom_ops_inst/final_result0[5]
    SLICE_X13Y69         LUT4 (Prop_lut4_I0_O)        0.334     9.348 r  top_inst/custom_ops_inst/result_buf[5]_i_1/O
                         net (fo=1, routed)           0.480     9.828    top_inst/custom_ops_inst/result_buf[5]_i_1_n_0
    SLICE_X13Y67         FDRE                                         r  top_inst/custom_ops_inst/result_buf_reg[5]/D
  -------------------------------------------------------------------    -------------------

                         (clock sys_clk_pin rise edge)
                                                     10.000    10.000 r  
    E3                                                0.000    10.000 r  CLK100MHZ (IN)
                         net (fo=0)                   0.000    10.000    CLK100MHZ
    E3                   IBUF (Prop_ibuf_I_O)         1.418    11.418 r  CLK100MHZ_IBUF_inst/O
                         net (fo=1, routed)           1.862    13.280    CLK100MHZ_IBUF
    BUFGCTRL_X0Y16       BUFG (Prop_bufg_I_O)         0.091    13.371 r  CLK100MHZ_IBUF_BUFG_inst/O
                         net (fo=49, routed)          1.429    14.800    top_inst/custom_ops_inst/CLK
    SLICE_X13Y67         FDRE                                         r  top_inst/custom_ops_inst/result_buf_reg[5]/C
                         clock pessimism              0.273    15.073    
                         clock uncertainty           -0.035    15.038    
    SLICE_X13Y67         FDRE (Setup_fdre_C_D)       -0.255    14.783    top_inst/custom_ops_inst/result_buf_reg[5]
  -------------------------------------------------------------------
                         required time                         14.783    
                         arrival time                          -9.828    
  -------------------------------------------------------------------
                         slack                                  4.955    

Slack (MET) :             5.406ns  (required time - arrival time)
  Source:                 top_inst/custom_ops_inst/b_stored_reg[1]/C
                            (rising edge-triggered cell FDRE clocked by sys_clk_pin  {rise@0.000ns fall@5.000ns period=10.000ns})
  Destination:            top_inst/custom_ops_inst/result_buf_reg[7]/D
                            (rising edge-triggered cell FDRE clocked by sys_clk_pin  {rise@0.000ns fall@5.000ns period=10.000ns})
  Path Group:             sys_clk_pin
  Path Type:              Setup (Max at Slow Process Corner)
  Requirement:            10.000ns  (sys_clk_pin rise@10.000ns - sys_clk_pin rise@0.000ns)
  Data Path Delay:        4.613ns  (logic 1.493ns (32.364%)  route 3.120ns (67.636%))
  Logic Levels:           5  (CARRY4=1 LUT4=1 LUT6=3)
  Clock Path Skew:        -0.020ns (DCD - SCD + CPR)
    Destination Clock Delay (DCD):    4.800ns = ( 14.800 - 10.000 ) 
    Source Clock Delay      (SCD):    5.093ns
    Clock Pessimism Removal (CPR):    0.273ns
  Clock Uncertainty:      0.035ns  ((TSJ^2 + TIJ^2)^1/2 + DJ) / 2 + PE
    Total System Jitter     (TSJ):    0.071ns
    Total Input Jitter      (TIJ):    0.000ns
    Discrete Jitter          (DJ):    0.000ns
    Phase Error              (PE):    0.000ns

    Location             Delay type                Incr(ns)  Path(ns)    Netlist Resource(s)
  -------------------------------------------------------------------    -------------------
                         (clock sys_clk_pin rise edge)
                                                      0.000     0.000 r  
    E3                                                0.000     0.000 r  CLK100MHZ (IN)
                         net (fo=0)                   0.000     0.000    CLK100MHZ
    E3                   IBUF (Prop_ibuf_I_O)         1.489     1.489 r  CLK100MHZ_IBUF_inst/O
                         net (fo=1, routed)           1.967     3.455    CLK100MHZ_IBUF
    BUFGCTRL_X0Y16       BUFG (Prop_bufg_I_O)         0.096     3.551 r  CLK100MHZ_IBUF_BUFG_inst/O
                         net (fo=49, routed)          1.542     5.093    top_inst/custom_ops_inst/CLK
    SLICE_X13Y70         FDRE                                         r  top_inst/custom_ops_inst/b_stored_reg[1]/C
  -------------------------------------------------------------------    -------------------
    SLICE_X13Y70         FDRE (Prop_fdre_C_Q)         0.456     5.549 r  top_inst/custom_ops_inst/b_stored_reg[1]/Q
                         net (fo=19, routed)          0.986     6.536    top_inst/custom_ops_inst/b_stored_reg_n_0_[1]
    SLICE_X13Y68         LUT6 (Prop_lut6_I2_O)        0.124     6.660 r  top_inst/custom_ops_inst/i___1_carry__0_i_7/O
                         net (fo=2, routed)           0.435     7.095    top_inst/custom_ops_inst/i___1_carry__0_i_7_n_0
    SLICE_X12Y69         LUT6 (Prop_lut6_I0_O)        0.124     7.219 r  top_inst/custom_ops_inst/i___1_carry__0_i_3/O
                         net (fo=2, routed)           0.595     7.813    top_inst/custom_ops_inst/i___1_carry__0_i_3_n_0
    SLICE_X14Y69         LUT6 (Prop_lut6_I0_O)        0.124     7.937 r  top_inst/custom_ops_inst/i___1_carry__0_i_6/O
                         net (fo=1, routed)           0.000     7.937    top_inst/custom_ops_inst/i___1_carry__0_i_6_n_0
    SLICE_X14Y69         CARRY4 (Prop_carry4_S[0]_CO[3])
                                                      0.513     8.450 r  top_inst/custom_ops_inst/final_result0_inferred__0/i___1_carry__0/CO[3]
                         net (fo=1, routed)           1.104     9.555    top_inst/custom_ops_inst/final_result0[7]
    SLICE_X15Y67         LUT4 (Prop_lut4_I0_O)        0.152     9.707 r  top_inst/custom_ops_inst/result_buf[7]_i_2/O
                         net (fo=1, routed)           0.000     9.707    top_inst/custom_ops_inst/result_buf[7]_i_2_n_0
    SLICE_X15Y67         FDRE                                         r  top_inst/custom_ops_inst/result_buf_reg[7]/D
  -------------------------------------------------------------------    -------------------

                         (clock sys_clk_pin rise edge)
                                                     10.000    10.000 r  
    E3                                                0.000    10.000 r  CLK100MHZ (IN)
                         net (fo=0)                   0.000    10.000    CLK100MHZ
    E3                   IBUF (Prop_ibuf_I_O)         1.418    11.418 r  CLK100MHZ_IBUF_inst/O
                         net (fo=1, routed)           1.862    13.280    CLK100MHZ_IBUF
    BUFGCTRL_X0Y16       BUFG (Prop_bufg_I_O)         0.091    13.371 r  CLK100MHZ_IBUF_BUFG_inst/O
                         net (fo=49, routed)          1.429    14.800    top_inst/custom_ops_inst/CLK
    SLICE_X15Y67         FDRE                                         r  top_inst/custom_ops_inst/result_buf_reg[7]/C
                         clock pessimism              0.273    15.073    
                         clock uncertainty           -0.035    15.038    
    SLICE_X15Y67         FDRE (Setup_fdre_C_D)        0.075    15.113    top_inst/custom_ops_inst/result_buf_reg[7]
  -------------------------------------------------------------------
                         required time                         15.113    
                         arrival time                          -9.707    
  -------------------------------------------------------------------
                         slack                                  5.406    

Slack (MET) :             5.817ns  (required time - arrival time)
  Source:                 top_inst/mem_ctrl/buf_b/buf_reg[0]/C
                            (rising edge-triggered cell FDRE clocked by sys_clk_pin  {rise@0.000ns fall@5.000ns period=10.000ns})
  Destination:            top_inst/mem_ctrl/buf_b/buf_reg[3]/D
                            (rising edge-triggered cell FDRE clocked by sys_clk_pin  {rise@0.000ns fall@5.000ns period=10.000ns})
  Path Group:             sys_clk_pin
  Path Type:              Setup (Max at Slow Process Corner)
  Requirement:            10.000ns  (sys_clk_pin rise@10.000ns - sys_clk_pin rise@0.000ns)
  Data Path Delay:        4.142ns  (logic 1.014ns (24.479%)  route 3.128ns (75.521%))
  Logic Levels:           4  (LUT6=4)
  Clock Path Skew:        -0.034ns (DCD - SCD + CPR)
    Destination Clock Delay (DCD):    4.796ns = ( 14.796 - 10.000 ) 
    Source Clock Delay      (SCD):    5.089ns
    Clock Pessimism Removal (CPR):    0.259ns
  Clock Uncertainty:      0.035ns  ((TSJ^2 + TIJ^2)^1/2 + DJ) / 2 + PE
    Total System Jitter     (TSJ):    0.071ns
    Total Input Jitter      (TIJ):    0.000ns
    Discrete Jitter          (DJ):    0.000ns
    Phase Error              (PE):    0.000ns

    Location             Delay type                Incr(ns)  Path(ns)    Netlist Resource(s)
  -------------------------------------------------------------------    -------------------
                         (clock sys_clk_pin rise edge)
                                                      0.000     0.000 r  
    E3                                                0.000     0.000 r  CLK100MHZ (IN)
                         net (fo=0)                   0.000     0.000    CLK100MHZ
    E3                   IBUF (Prop_ibuf_I_O)         1.489     1.489 r  CLK100MHZ_IBUF_inst/O
                         net (fo=1, routed)           1.967     3.455    CLK100MHZ_IBUF
    BUFGCTRL_X0Y16       BUFG (Prop_bufg_I_O)         0.096     3.551 r  CLK100MHZ_IBUF_BUFG_inst/O
                         net (fo=49, routed)          1.538     5.089    top_inst/mem_ctrl/buf_b/CLK
    SLICE_X10Y72         FDRE                                         r  top_inst/mem_ctrl/buf_b/buf_reg[0]/C
  -------------------------------------------------------------------    -------------------
    SLICE_X10Y72         FDRE (Prop_fdre_C_Q)         0.518     5.607 r  top_inst/mem_ctrl/buf_b/buf_reg[0]/Q
                         net (fo=13, routed)          1.216     6.823    top_inst/mem_ctrl/buf_b/Q[0]
    SLICE_X13Y70         LUT6 (Prop_lut6_I0_O)        0.124     6.947 r  top_inst/mem_ctrl/buf_b/buf[3]_i_13/O
                         net (fo=1, routed)           0.969     7.917    top_inst/mem_ctrl/buf_a/buf[3]_i_7_0
    SLICE_X14Y70         LUT6 (Prop_lut6_I2_O)        0.124     8.041 r  top_inst/mem_ctrl/buf_a/buf[3]_i_11/O
                         net (fo=1, routed)           0.648     8.688    top_inst/mem_ctrl/buf_a/buf[3]_i_11_n_0
    SLICE_X13Y70         LUT6 (Prop_lut6_I3_O)        0.124     8.812 f  top_inst/mem_ctrl/buf_a/buf[3]_i_7/O
                         net (fo=1, routed)           0.295     9.108    top_inst/mem_ctrl/reg_sel_fct/buf_reg[3]_1
    SLICE_X13Y71         LUT6 (Prop_lut6_I4_O)        0.124     9.232 r  top_inst/mem_ctrl/reg_sel_fct/buf[3]_i_2/O
                         net (fo=1, routed)           0.000     9.232    top_inst/mem_ctrl/buf_b/D[3]
    SLICE_X13Y71         FDRE                                         r  top_inst/mem_ctrl/buf_b/buf_reg[3]/D
  -------------------------------------------------------------------    -------------------

                         (clock sys_clk_pin rise edge)
                                                     10.000    10.000 r  
    E3                                                0.000    10.000 r  CLK100MHZ (IN)
                         net (fo=0)                   0.000    10.000    CLK100MHZ
    E3                   IBUF (Prop_ibuf_I_O)         1.418    11.418 r  CLK100MHZ_IBUF_inst/O
                         net (fo=1, routed)           1.862    13.280    CLK100MHZ_IBUF
    BUFGCTRL_X0Y16       BUFG (Prop_bufg_I_O)         0.091    13.371 r  CLK100MHZ_IBUF_BUFG_inst/O
                         net (fo=49, routed)          1.425    14.796    top_inst/mem_ctrl/buf_b/CLK
    SLICE_X13Y71         FDRE                                         r  top_inst/mem_ctrl/buf_b/buf_reg[3]/C
                         clock pessimism              0.259    15.055    
                         clock uncertainty           -0.035    15.020    
    SLICE_X13Y71         FDRE (Setup_fdre_C_D)        0.029    15.049    top_inst/mem_ctrl/buf_b/buf_reg[3]
  -------------------------------------------------------------------
                         required time                         15.049    
                         arrival time                          -9.232    
  -------------------------------------------------------------------
                         slack                                  5.817    

Slack (MET) :             5.876ns  (required time - arrival time)
  Source:                 top_inst/custom_ops_inst/b_stored_reg[1]/C
                            (rising edge-triggered cell FDRE clocked by sys_clk_pin  {rise@0.000ns fall@5.000ns period=10.000ns})
  Destination:            top_inst/custom_ops_inst/result_buf_reg[6]/D
                            (rising edge-triggered cell FDRE clocked by sys_clk_pin  {rise@0.000ns fall@5.000ns period=10.000ns})
  Path Group:             sys_clk_pin
  Path Type:              Setup (Max at Slow Process Corner)
  Requirement:            10.000ns  (sys_clk_pin rise@10.000ns - sys_clk_pin rise@0.000ns)
  Data Path Delay:        4.098ns  (logic 1.673ns (40.826%)  route 2.425ns (59.174%))
  Logic Levels:           5  (CARRY4=1 LUT4=1 LUT6=3)
  Clock Path Skew:        -0.020ns (DCD - SCD + CPR)
    Destination Clock Delay (DCD):    4.800ns = ( 14.800 - 10.000 ) 
    Source Clock Delay      (SCD):    5.093ns
    Clock Pessimism Removal (CPR):    0.273ns
  Clock Uncertainty:      0.035ns  ((TSJ^2 + TIJ^2)^1/2 + DJ) / 2 + PE
    Total System Jitter     (TSJ):    0.071ns
    Total Input Jitter      (TIJ):    0.000ns
    Discrete Jitter          (DJ):    0.000ns
    Phase Error              (PE):    0.000ns

    Location             Delay type                Incr(ns)  Path(ns)    Netlist Resource(s)
  -------------------------------------------------------------------    -------------------
                         (clock sys_clk_pin rise edge)
                                                      0.000     0.000 r  
    E3                                                0.000     0.000 r  CLK100MHZ (IN)
                         net (fo=0)                   0.000     0.000    CLK100MHZ
    E3                   IBUF (Prop_ibuf_I_O)         1.489     1.489 r  CLK100MHZ_IBUF_inst/O
                         net (fo=1, routed)           1.967     3.455    CLK100MHZ_IBUF
    BUFGCTRL_X0Y16       BUFG (Prop_bufg_I_O)         0.096     3.551 r  CLK100MHZ_IBUF_BUFG_inst/O
                         net (fo=49, routed)          1.542     5.093    top_inst/custom_ops_inst/CLK
    SLICE_X13Y70         FDRE                                         r  top_inst/custom_ops_inst/b_stored_reg[1]/C
  -------------------------------------------------------------------    -------------------
    SLICE_X13Y70         FDRE (Prop_fdre_C_Q)         0.456     5.549 r  top_inst/custom_ops_inst/b_stored_reg[1]/Q
                         net (fo=19, routed)          0.986     6.536    top_inst/custom_ops_inst/b_stored_reg_n_0_[1]
    SLICE_X13Y68         LUT6 (Prop_lut6_I2_O)        0.124     6.660 r  top_inst/custom_ops_inst/i___1_carry__0_i_7/O
                         net (fo=2, routed)           0.435     7.095    top_inst/custom_ops_inst/i___1_carry__0_i_7_n_0
    SLICE_X12Y69         LUT6 (Prop_lut6_I0_O)        0.124     7.219 r  top_inst/custom_ops_inst/i___1_carry__0_i_3/O
                         net (fo=2, routed)           0.595     7.813    top_inst/custom_ops_inst/i___1_carry__0_i_3_n_0
    SLICE_X14Y69         LUT6 (Prop_lut6_I0_O)        0.124     7.937 r  top_inst/custom_ops_inst/i___1_carry__0_i_6/O
                         net (fo=1, routed)           0.000     7.937    top_inst/custom_ops_inst/i___1_carry__0_i_6_n_0
    SLICE_X14Y69         CARRY4 (Prop_carry4_S[0]_O[2])
                                                      0.544     8.481 r  top_inst/custom_ops_inst/final_result0_inferred__0/i___1_carry__0/O[2]
                         net (fo=1, routed)           0.409     8.890    top_inst/custom_ops_inst/final_result0[6]
    SLICE_X15Y67         LUT4 (Prop_lut4_I0_O)        0.301     9.191 r  top_inst/custom_ops_inst/result_buf[6]_i_1/O
                         net (fo=1, routed)           0.000     9.191    top_inst/custom_ops_inst/result_buf[6]_i_1_n_0
    SLICE_X15Y67         FDRE                                         r  top_inst/custom_ops_inst/result_buf_reg[6]/D
  -------------------------------------------------------------------    -------------------

                         (clock sys_clk_pin rise edge)
                                                     10.000    10.000 r  
    E3                                                0.000    10.000 r  CLK100MHZ (IN)
                         net (fo=0)                   0.000    10.000    CLK100MHZ
    E3                   IBUF (Prop_ibuf_I_O)         1.418    11.418 r  CLK100MHZ_IBUF_inst/O
                         net (fo=1, routed)           1.862    13.280    CLK100MHZ_IBUF
    BUFGCTRL_X0Y16       BUFG (Prop_bufg_I_O)         0.091    13.371 r  CLK100MHZ_IBUF_BUFG_inst/O
                         net (fo=49, routed)          1.429    14.800    top_inst/custom_ops_inst/CLK
    SLICE_X15Y67         FDRE                                         r  top_inst/custom_ops_inst/result_buf_reg[6]/C
                         clock pessimism              0.273    15.073    
                         clock uncertainty           -0.035    15.038    
    SLICE_X15Y67         FDRE (Setup_fdre_C_D)        0.029    15.067    top_inst/custom_ops_inst/result_buf_reg[6]
  -------------------------------------------------------------------
                         required time                         15.067    
                         arrival time                          -9.191    
  -------------------------------------------------------------------
                         slack                                  5.876    

Slack (MET) :             5.930ns  (required time - arrival time)
  Source:                 top_inst/custom_ops_inst/b_stored_reg[1]/C
                            (rising edge-triggered cell FDRE clocked by sys_clk_pin  {rise@0.000ns fall@5.000ns period=10.000ns})
  Destination:            top_inst/custom_ops_inst/result_buf_reg[4]/D
                            (rising edge-triggered cell FDRE clocked by sys_clk_pin  {rise@0.000ns fall@5.000ns period=10.000ns})
  Path Group:             sys_clk_pin
  Path Type:              Setup (Max at Slow Process Corner)
  Requirement:            10.000ns  (sys_clk_pin rise@10.000ns - sys_clk_pin rise@0.000ns)
  Data Path Delay:        4.043ns  (logic 1.375ns (34.012%)  route 2.668ns (65.988%))
  Logic Levels:           5  (CARRY4=1 LUT6=4)
  Clock Path Skew:        -0.023ns (DCD - SCD + CPR)
    Destination Clock Delay (DCD):    4.797ns = ( 14.797 - 10.000 ) 
    Source Clock Delay      (SCD):    5.093ns
    Clock Pessimism Removal (CPR):    0.273ns
  Clock Uncertainty:      0.035ns  ((TSJ^2 + TIJ^2)^1/2 + DJ) / 2 + PE
    Total System Jitter     (TSJ):    0.071ns
    Total Input Jitter      (TIJ):    0.000ns
    Discrete Jitter          (DJ):    0.000ns
    Phase Error              (PE):    0.000ns

    Location             Delay type                Incr(ns)  Path(ns)    Netlist Resource(s)
  -------------------------------------------------------------------    -------------------
                         (clock sys_clk_pin rise edge)
                                                      0.000     0.000 r  
    E3                                                0.000     0.000 r  CLK100MHZ (IN)
                         net (fo=0)                   0.000     0.000    CLK100MHZ
    E3                   IBUF (Prop_ibuf_I_O)         1.489     1.489 r  CLK100MHZ_IBUF_inst/O
                         net (fo=1, routed)           1.967     3.455    CLK100MHZ_IBUF
    BUFGCTRL_X0Y16       BUFG (Prop_bufg_I_O)         0.096     3.551 r  CLK100MHZ_IBUF_BUFG_inst/O
                         net (fo=49, routed)          1.542     5.093    top_inst/custom_ops_inst/CLK
    SLICE_X13Y70         FDRE                                         r  top_inst/custom_ops_inst/b_stored_reg[1]/C
  -------------------------------------------------------------------    -------------------
    SLICE_X13Y70         FDRE (Prop_fdre_C_Q)         0.456     5.549 r  top_inst/custom_ops_inst/b_stored_reg[1]/Q
                         net (fo=19, routed)          0.986     6.536    top_inst/custom_ops_inst/b_stored_reg_n_0_[1]
    SLICE_X13Y68         LUT6 (Prop_lut6_I2_O)        0.124     6.660 r  top_inst/custom_ops_inst/i___1_carry__0_i_7/O
                         net (fo=2, routed)           0.435     7.095    top_inst/custom_ops_inst/i___1_carry__0_i_7_n_0
    SLICE_X12Y69         LUT6 (Prop_lut6_I0_O)        0.124     7.219 r  top_inst/custom_ops_inst/i___1_carry__0_i_3/O
                         net (fo=2, routed)           0.595     7.813    top_inst/custom_ops_inst/i___1_carry__0_i_3_n_0
    SLICE_X14Y69         LUT6 (Prop_lut6_I0_O)        0.124     7.937 r  top_inst/custom_ops_inst/i___1_carry__0_i_6/O
                         net (fo=1, routed)           0.000     7.937    top_inst/custom_ops_inst/i___1_carry__0_i_6_n_0
    SLICE_X14Y69         CARRY4 (Prop_carry4_S[0]_O[0])
                                                      0.252     8.189 r  top_inst/custom_ops_inst/final_result0_inferred__0/i___1_carry__0/O[0]
                         net (fo=1, routed)           0.652     8.841    top_inst/custom_ops_inst/final_result0[4]
    SLICE_X15Y69         LUT6 (Prop_lut6_I4_O)        0.295     9.136 r  top_inst/custom_ops_inst/result_buf[4]_i_1/O
                         net (fo=1, routed)           0.000     9.136    top_inst/custom_ops_inst/result_buf[4]_i_1_n_0
    SLICE_X15Y69         FDRE                                         r  top_inst/custom_ops_inst/result_buf_reg[4]/D
  -------------------------------------------------------------------    -------------------

                         (clock sys_clk_pin rise edge)
                                                     10.000    10.000 r  
    E3                                                0.000    10.000 r  CLK100MHZ (IN)
                         net (fo=0)                   0.000    10.000    CLK100MHZ
    E3                   IBUF (Prop_ibuf_I_O)         1.418    11.418 r  CLK100MHZ_IBUF_inst/O
                         net (fo=1, routed)           1.862    13.280    CLK100MHZ_IBUF
    BUFGCTRL_X0Y16       BUFG (Prop_bufg_I_O)         0.091    13.371 r  CLK100MHZ_IBUF_BUFG_inst/O
                         net (fo=49, routed)          1.426    14.797    top_inst/custom_ops_inst/CLK
    SLICE_X15Y69         FDRE                                         r  top_inst/custom_ops_inst/result_buf_reg[4]/C
                         clock pessimism              0.273    15.070    
                         clock uncertainty           -0.035    15.035    
    SLICE_X15Y69         FDRE (Setup_fdre_C_D)        0.031    15.066    top_inst/custom_ops_inst/result_buf_reg[4]
  -------------------------------------------------------------------
                         required time                         15.066    
                         arrival time                          -9.136    
  -------------------------------------------------------------------
                         slack                                  5.930    

Slack (MET) :             6.009ns  (required time - arrival time)
  Source:                 top_inst/custom_ops_inst/a_stored_reg[1]/C
                            (rising edge-triggered cell FDRE clocked by sys_clk_pin  {rise@0.000ns fall@5.000ns period=10.000ns})
  Destination:            top_inst/custom_ops_inst/result_buf_reg[1]/D
                            (rising edge-triggered cell FDRE clocked by sys_clk_pin  {rise@0.000ns fall@5.000ns period=10.000ns})
  Path Group:             sys_clk_pin
  Path Type:              Setup (Max at Slow Process Corner)
  Requirement:            10.000ns  (sys_clk_pin rise@10.000ns - sys_clk_pin rise@0.000ns)
  Data Path Delay:        3.963ns  (logic 1.532ns (38.662%)  route 2.431ns (61.338%))
  Logic Levels:           4  (CARRY4=1 LUT4=1 LUT5=1 LUT6=1)
  Clock Path Skew:        -0.024ns (DCD - SCD + CPR)
    Destination Clock Delay (DCD):    4.797ns = ( 14.797 - 10.000 ) 
    Source Clock Delay      (SCD):    5.094ns
    Clock Pessimism Removal (CPR):    0.273ns
  Clock Uncertainty:      0.035ns  ((TSJ^2 + TIJ^2)^1/2 + DJ) / 2 + PE
    Total System Jitter     (TSJ):    0.071ns
    Total Input Jitter      (TIJ):    0.000ns
    Discrete Jitter          (DJ):    0.000ns
    Phase Error              (PE):    0.000ns

    Location             Delay type                Incr(ns)  Path(ns)    Netlist Resource(s)
  -------------------------------------------------------------------    -------------------
                         (clock sys_clk_pin rise edge)
                                                      0.000     0.000 r  
    E3                                                0.000     0.000 r  CLK100MHZ (IN)
                         net (fo=0)                   0.000     0.000    CLK100MHZ
    E3                   IBUF (Prop_ibuf_I_O)         1.489     1.489 r  CLK100MHZ_IBUF_inst/O
                         net (fo=1, routed)           1.967     3.455    CLK100MHZ_IBUF
    BUFGCTRL_X0Y16       BUFG (Prop_bufg_I_O)         0.096     3.551 r  CLK100MHZ_IBUF_BUFG_inst/O
                         net (fo=49, routed)          1.543     5.094    top_inst/custom_ops_inst/CLK
    SLICE_X12Y69         FDRE                                         r  top_inst/custom_ops_inst/a_stored_reg[1]/C
  -------------------------------------------------------------------    -------------------
    SLICE_X12Y69         FDRE (Prop_fdre_C_Q)         0.518     5.612 r  top_inst/custom_ops_inst/a_stored_reg[1]/Q
                         net (fo=15, routed)          1.196     6.808    top_inst/custom_ops_inst/a_stored_reg_n_0_[1]
    SLICE_X14Y68         LUT4 (Prop_lut4_I0_O)        0.124     6.932 r  top_inst/custom_ops_inst/i___1_carry_i_6/O
                         net (fo=1, routed)           0.000     6.932    top_inst/custom_ops_inst/i___1_carry_i_6_n_0
    SLICE_X14Y68         CARRY4 (Prop_carry4_S[1]_O[1])
                                                      0.230     7.162 r  top_inst/custom_ops_inst/final_result0_inferred__0/i___1_carry/O[1]
                         net (fo=1, routed)           0.801     7.964    top_inst/custom_ops_inst/final_result0[1]
    SLICE_X15Y69         LUT5 (Prop_lut5_I0_O)        0.334     8.298 f  top_inst/custom_ops_inst/result_buf[1]_i_2/O
                         net (fo=1, routed)           0.433     8.731    top_inst/custom_ops_inst/result_buf[1]_i_2_n_0
    SLICE_X15Y69         LUT6 (Prop_lut6_I1_O)        0.326     9.057 r  top_inst/custom_ops_inst/result_buf[1]_i_1/O
                         net (fo=1, routed)           0.000     9.057    top_inst/custom_ops_inst/result_buf[1]_i_1_n_0
    SLICE_X15Y69         FDRE                                         r  top_inst/custom_ops_inst/result_buf_reg[1]/D
  -------------------------------------------------------------------    -------------------

                         (clock sys_clk_pin rise edge)
                                                     10.000    10.000 r  
    E3                                                0.000    10.000 r  CLK100MHZ (IN)
                         net (fo=0)                   0.000    10.000    CLK100MHZ
    E3                   IBUF (Prop_ibuf_I_O)         1.418    11.418 r  CLK100MHZ_IBUF_inst/O
                         net (fo=1, routed)           1.862    13.280    CLK100MHZ_IBUF
    BUFGCTRL_X0Y16       BUFG (Prop_bufg_I_O)         0.091    13.371 r  CLK100MHZ_IBUF_BUFG_inst/O
                         net (fo=49, routed)          1.426    14.797    top_inst/custom_ops_inst/CLK
    SLICE_X15Y69         FDRE                                         r  top_inst/custom_ops_inst/result_buf_reg[1]/C
                         clock pessimism              0.273    15.070    
                         clock uncertainty           -0.035    15.035    
    SLICE_X15Y69         FDRE (Setup_fdre_C_D)        0.031    15.066    top_inst/custom_ops_inst/result_buf_reg[1]
  -------------------------------------------------------------------
                         required time                         15.066    
                         arrival time                          -9.057    
  -------------------------------------------------------------------
                         slack                                  6.009    

Slack (MET) :             6.231ns  (required time - arrival time)
  Source:                 top_inst/mem_ctrl/reg_sel_fct/reg_reg[0]/C
                            (rising edge-triggered cell FDRE clocked by sys_clk_pin  {rise@0.000ns fall@5.000ns period=10.000ns})
  Destination:            top_inst/mem_ctrl/buf_b/buf_reg[1]/D
                            (rising edge-triggered cell FDRE clocked by sys_clk_pin  {rise@0.000ns fall@5.000ns period=10.000ns})
  Path Group:             sys_clk_pin
  Path Type:              Setup (Max at Slow Process Corner)
  Requirement:            10.000ns  (sys_clk_pin rise@10.000ns - sys_clk_pin rise@0.000ns)
  Data Path Delay:        3.739ns  (logic 1.277ns (34.151%)  route 2.462ns (65.849%))
  Logic Levels:           4  (LUT5=2 LUT6=1 MUXF7=1)
  Clock Path Skew:        -0.025ns (DCD - SCD + CPR)
    Destination Clock Delay (DCD):    4.795ns = ( 14.795 - 10.000 ) 
    Source Clock Delay      (SCD):    5.092ns
    Clock Pessimism Removal (CPR):    0.272ns
  Clock Uncertainty:      0.035ns  ((TSJ^2 + TIJ^2)^1/2 + DJ) / 2 + PE
    Total System Jitter     (TSJ):    0.071ns
    Total Input Jitter      (TIJ):    0.000ns
    Discrete Jitter          (DJ):    0.000ns
    Phase Error              (PE):    0.000ns

    Location             Delay type                Incr(ns)  Path(ns)    Netlist Resource(s)
  -------------------------------------------------------------------    -------------------
                         (clock sys_clk_pin rise edge)
                                                      0.000     0.000 r  
    E3                                                0.000     0.000 r  CLK100MHZ (IN)
                         net (fo=0)                   0.000     0.000    CLK100MHZ
    E3                   IBUF (Prop_ibuf_I_O)         1.489     1.489 r  CLK100MHZ_IBUF_inst/O
                         net (fo=1, routed)           1.967     3.455    CLK100MHZ_IBUF
    BUFGCTRL_X0Y16       BUFG (Prop_bufg_I_O)         0.096     3.551 r  CLK100MHZ_IBUF_BUFG_inst/O
                         net (fo=49, routed)          1.541     5.092    top_inst/mem_ctrl/reg_sel_fct/CLK
    SLICE_X10Y71         FDRE                                         r  top_inst/mem_ctrl/reg_sel_fct/reg_reg[0]/C
  -------------------------------------------------------------------    -------------------
    SLICE_X10Y71         FDRE (Prop_fdre_C_Q)         0.518     5.610 r  top_inst/mem_ctrl/reg_sel_fct/reg_reg[0]/Q
                         net (fo=18, routed)          1.372     6.983    top_inst/mem_ctrl/reg_sel_fct/Q[0]
    SLICE_X10Y69         LUT5 (Prop_lut5_I0_O)        0.124     7.107 r  top_inst/mem_ctrl/reg_sel_fct/buf[1]_i_6/O
                         net (fo=1, routed)           0.655     7.762    top_inst/mem_ctrl/reg_sel_fct/buf[1]_i_6_n_0
    SLICE_X11Y69         LUT5 (Prop_lut5_I0_O)        0.124     7.886 r  top_inst/mem_ctrl/reg_sel_fct/buf[1]_i_4/O
                         net (fo=1, routed)           0.000     7.886    top_inst/mem_ctrl/reg_sel_fct/buf[1]_i_4_n_0
    SLICE_X11Y69         MUXF7 (Prop_muxf7_I0_O)      0.212     8.098 r  top_inst/mem_ctrl/reg_sel_fct/buf_reg[1]_i_3/O
                         net (fo=1, routed)           0.435     8.533    top_inst/mem_ctrl/reg_sel_fct/buf_reg[1]_i_3_n_0
    SLICE_X11Y72         LUT6 (Prop_lut6_I3_O)        0.299     8.832 r  top_inst/mem_ctrl/reg_sel_fct/buf[1]_i_1/O
                         net (fo=1, routed)           0.000     8.832    top_inst/mem_ctrl/buf_b/D[1]
    SLICE_X11Y72         FDRE                                         r  top_inst/mem_ctrl/buf_b/buf_reg[1]/D
  -------------------------------------------------------------------    -------------------

                         (clock sys_clk_pin rise edge)
                                                     10.000    10.000 r  
    E3                                                0.000    10.000 r  CLK100MHZ (IN)
                         net (fo=0)                   0.000    10.000    CLK100MHZ
    E3                   IBUF (Prop_ibuf_I_O)         1.418    11.418 r  CLK100MHZ_IBUF_inst/O
                         net (fo=1, routed)           1.862    13.280    CLK100MHZ_IBUF
    BUFGCTRL_X0Y16       BUFG (Prop_bufg_I_O)         0.091    13.371 r  CLK100MHZ_IBUF_BUFG_inst/O
                         net (fo=49, routed)          1.424    14.795    top_inst/mem_ctrl/buf_b/CLK
    SLICE_X11Y72         FDRE                                         r  top_inst/mem_ctrl/buf_b/buf_reg[1]/C
                         clock pessimism              0.272    15.067    
                         clock uncertainty           -0.035    15.032    
    SLICE_X11Y72         FDRE (Setup_fdre_C_D)        0.031    15.063    top_inst/mem_ctrl/buf_b/buf_reg[1]
  -------------------------------------------------------------------
                         required time                         15.063    
                         arrival time                          -8.832    
  -------------------------------------------------------------------
                         slack                                  6.231    

Slack (MET) :             6.295ns  (required time - arrival time)
  Source:                 top_inst/custom_ops_inst/a_stored_reg[1]/C
                            (rising edge-triggered cell FDRE clocked by sys_clk_pin  {rise@0.000ns fall@5.000ns period=10.000ns})
  Destination:            top_inst/custom_ops_inst/result_buf_reg[3]/D
                            (rising edge-triggered cell FDRE clocked by sys_clk_pin  {rise@0.000ns fall@5.000ns period=10.000ns})
  Path Group:             sys_clk_pin
  Path Type:              Setup (Max at Slow Process Corner)
  Requirement:            10.000ns  (sys_clk_pin rise@10.000ns - sys_clk_pin rise@0.000ns)
  Data Path Delay:        3.726ns  (logic 1.630ns (43.749%)  route 2.096ns (56.251%))
  Logic Levels:           3  (CARRY4=1 LUT4=1 LUT6=1)
  Clock Path Skew:        -0.021ns (DCD - SCD + CPR)
    Destination Clock Delay (DCD):    4.800ns = ( 14.800 - 10.000 ) 
    Source Clock Delay      (SCD):    5.094ns
    Clock Pessimism Removal (CPR):    0.273ns
  Clock Uncertainty:      0.035ns  ((TSJ^2 + TIJ^2)^1/2 + DJ) / 2 + PE
    Total System Jitter     (TSJ):    0.071ns
    Total Input Jitter      (TIJ):    0.000ns
    Discrete Jitter          (DJ):    0.000ns
    Phase Error              (PE):    0.000ns

    Location             Delay type                Incr(ns)  Path(ns)    Netlist Resource(s)
  -------------------------------------------------------------------    -------------------
                         (clock sys_clk_pin rise edge)
                                                      0.000     0.000 r  
    E3                                                0.000     0.000 r  CLK100MHZ (IN)
                         net (fo=0)                   0.000     0.000    CLK100MHZ
    E3                   IBUF (Prop_ibuf_I_O)         1.489     1.489 r  CLK100MHZ_IBUF_inst/O
                         net (fo=1, routed)           1.967     3.455    CLK100MHZ_IBUF
    BUFGCTRL_X0Y16       BUFG (Prop_bufg_I_O)         0.096     3.551 r  CLK100MHZ_IBUF_BUFG_inst/O
                         net (fo=49, routed)          1.543     5.094    top_inst/custom_ops_inst/CLK
    SLICE_X12Y69         FDRE                                         r  top_inst/custom_ops_inst/a_stored_reg[1]/C
  -------------------------------------------------------------------    -------------------
    SLICE_X12Y69         FDRE (Prop_fdre_C_Q)         0.518     5.612 r  top_inst/custom_ops_inst/a_stored_reg[1]/Q
                         net (fo=15, routed)          0.974     6.586    top_inst/custom_ops_inst/a_stored_reg_n_0_[1]
    SLICE_X15Y68         LUT4 (Prop_lut4_I1_O)        0.150     6.736 r  top_inst/custom_ops_inst/i___1_carry_i_2/O
                         net (fo=1, routed)           0.525     7.261    top_inst/custom_ops_inst/i___1_carry_i_2_n_0
    SLICE_X14Y68         CARRY4 (Prop_carry4_DI[2]_O[3])
                                                      0.655     7.916 r  top_inst/custom_ops_inst/final_result0_inferred__0/i___1_carry/O[3]
                         net (fo=1, routed)           0.597     8.513    top_inst/custom_ops_inst/final_result0[3]
    SLICE_X14Y67         LUT6 (Prop_lut6_I3_O)        0.307     8.820 r  top_inst/custom_ops_inst/result_buf[3]_i_1/O
                         net (fo=1, routed)           0.000     8.820    top_inst/custom_ops_inst/result_buf[3]_i_1_n_0
    SLICE_X14Y67         FDRE                                         r  top_inst/custom_ops_inst/result_buf_reg[3]/D
  -------------------------------------------------------------------    -------------------

                         (clock sys_clk_pin rise edge)
                                                     10.000    10.000 r  
    E3                                                0.000    10.000 r  CLK100MHZ (IN)
                         net (fo=0)                   0.000    10.000    CLK100MHZ
    E3                   IBUF (Prop_ibuf_I_O)         1.418    11.418 r  CLK100MHZ_IBUF_inst/O
                         net (fo=1, routed)           1.862    13.280    CLK100MHZ_IBUF
    BUFGCTRL_X0Y16       BUFG (Prop_bufg_I_O)         0.091    13.371 r  CLK100MHZ_IBUF_BUFG_inst/O
                         net (fo=49, routed)          1.429    14.800    top_inst/custom_ops_inst/CLK
    SLICE_X14Y67         FDRE                                         r  top_inst/custom_ops_inst/result_buf_reg[3]/C
                         clock pessimism              0.273    15.073    
                         clock uncertainty           -0.035    15.038    
    SLICE_X14Y67         FDRE (Setup_fdre_C_D)        0.077    15.115    top_inst/custom_ops_inst/result_buf_reg[3]
  -------------------------------------------------------------------
                         required time                         15.115    
                         arrival time                          -8.820    
  -------------------------------------------------------------------
                         slack                                  6.295    

Slack (MET) :             6.317ns  (required time - arrival time)
  Source:                 top_inst/mem_ctrl/reg_sel_fct/reg_reg[1]/C
                            (rising edge-triggered cell FDRE clocked by sys_clk_pin  {rise@0.000ns fall@5.000ns period=10.000ns})
  Destination:            top_inst/mem_ctrl/buf_b/buf_reg[2]/D
                            (rising edge-triggered cell FDRE clocked by sys_clk_pin  {rise@0.000ns fall@5.000ns period=10.000ns})
  Path Group:             sys_clk_pin
  Path Type:              Setup (Max at Slow Process Corner)
  Requirement:            10.000ns  (sys_clk_pin rise@10.000ns - sys_clk_pin rise@0.000ns)
  Data Path Delay:        3.704ns  (logic 0.890ns (24.031%)  route 2.814ns (75.969%))
  Logic Levels:           3  (LUT3=1 LUT6=2)
  Clock Path Skew:        -0.025ns (DCD - SCD + CPR)
    Destination Clock Delay (DCD):    4.795ns = ( 14.795 - 10.000 ) 
    Source Clock Delay      (SCD):    5.092ns
    Clock Pessimism Removal (CPR):    0.272ns
  Clock Uncertainty:      0.035ns  ((TSJ^2 + TIJ^2)^1/2 + DJ) / 2 + PE
    Total System Jitter     (TSJ):    0.071ns
    Total Input Jitter      (TIJ):    0.000ns
    Discrete Jitter          (DJ):    0.000ns
    Phase Error              (PE):    0.000ns

    Location             Delay type                Incr(ns)  Path(ns)    Netlist Resource(s)
  -------------------------------------------------------------------    -------------------
                         (clock sys_clk_pin rise edge)
                                                      0.000     0.000 r  
    E3                                                0.000     0.000 r  CLK100MHZ (IN)
                         net (fo=0)                   0.000     0.000    CLK100MHZ
    E3                   IBUF (Prop_ibuf_I_O)         1.489     1.489 r  CLK100MHZ_IBUF_inst/O
                         net (fo=1, routed)           1.967     3.455    CLK100MHZ_IBUF
    BUFGCTRL_X0Y16       BUFG (Prop_bufg_I_O)         0.096     3.551 r  CLK100MHZ_IBUF_BUFG_inst/O
                         net (fo=49, routed)          1.541     5.092    top_inst/mem_ctrl/reg_sel_fct/CLK
    SLICE_X10Y71         FDRE                                         r  top_inst/mem_ctrl/reg_sel_fct/reg_reg[1]/C
  -------------------------------------------------------------------    -------------------
    SLICE_X10Y71         FDRE (Prop_fdre_C_Q)         0.518     5.610 r  top_inst/mem_ctrl/reg_sel_fct/reg_reg[1]/Q
                         net (fo=16, routed)          1.361     6.971    top_inst/mem_ctrl/buf_b/buf_reg[1]_i_3[1]
    SLICE_X11Y69         LUT6 (Prop_lut6_I2_O)        0.124     7.095 f  top_inst/mem_ctrl/buf_b/buf[2]_i_5/O
                         net (fo=1, routed)           0.517     7.612    top_inst/mem_ctrl/reg_sel_fct/buf_reg[2]_2
    SLICE_X10Y69         LUT3 (Prop_lut3_I2_O)        0.124     7.736 r  top_inst/mem_ctrl/reg_sel_fct/buf[2]_i_3/O
                         net (fo=1, routed)           0.936     8.672    top_inst/mem_ctrl/reg_sel_fct/buf[2]_i_3_n_0
    SLICE_X10Y72         LUT6 (Prop_lut6_I1_O)        0.124     8.796 r  top_inst/mem_ctrl/reg_sel_fct/buf[2]_i_1/O
                         net (fo=1, routed)           0.000     8.796    top_inst/mem_ctrl/buf_b/D[2]
    SLICE_X10Y72         FDRE                                         r  top_inst/mem_ctrl/buf_b/buf_reg[2]/D
  -------------------------------------------------------------------    -------------------

                         (clock sys_clk_pin rise edge)
                                                     10.000    10.000 r  
    E3                                                0.000    10.000 r  CLK100MHZ (IN)
                         net (fo=0)                   0.000    10.000    CLK100MHZ
    E3                   IBUF (Prop_ibuf_I_O)         1.418    11.418 r  CLK100MHZ_IBUF_inst/O
                         net (fo=1, routed)           1.862    13.280    CLK100MHZ_IBUF
    BUFGCTRL_X0Y16       BUFG (Prop_bufg_I_O)         0.091    13.371 r  CLK100MHZ_IBUF_BUFG_inst/O
                         net (fo=49, routed)          1.424    14.795    top_inst/mem_ctrl/buf_b/CLK
    SLICE_X10Y72         FDRE                                         r  top_inst/mem_ctrl/buf_b/buf_reg[2]/C
                         clock pessimism              0.272    15.067    
                         clock uncertainty           -0.035    15.032    
    SLICE_X10Y72         FDRE (Setup_fdre_C_D)        0.081    15.113    top_inst/mem_ctrl/buf_b/buf_reg[2]
  -------------------------------------------------------------------
                         required time                         15.113    
                         arrival time                          -8.796    
  -------------------------------------------------------------------
                         slack                                  6.317    

Slack (MET) :             6.561ns  (required time - arrival time)
  Source:                 top_inst/mem_ctrl/instr_mem/pc_reg_rep[3]/C
                            (rising edge-triggered cell FDRE clocked by sys_clk_pin  {rise@0.000ns fall@5.000ns period=10.000ns})
  Destination:            top_inst/mem_ctrl/buf_b/buf_reg[3]/CE
                            (rising edge-triggered cell FDRE clocked by sys_clk_pin  {rise@0.000ns fall@5.000ns period=10.000ns})
  Path Group:             sys_clk_pin
  Path Type:              Setup (Max at Slow Process Corner)
  Requirement:            10.000ns  (sys_clk_pin rise@10.000ns - sys_clk_pin rise@0.000ns)
  Data Path Delay:        2.956ns  (logic 0.792ns (26.789%)  route 2.164ns (73.211%))
  Logic Levels:           2  (LUT3=1 LUT5=1)
  Clock Path Skew:        -0.038ns (DCD - SCD + CPR)
    Destination Clock Delay (DCD):    4.796ns = ( 14.796 - 10.000 ) 
    Source Clock Delay      (SCD):    5.093ns
    Clock Pessimism Removal (CPR):    0.259ns
  Clock Uncertainty:      0.035ns  ((TSJ^2 + TIJ^2)^1/2 + DJ) / 2 + PE
    Total System Jitter     (TSJ):    0.071ns
    Total Input Jitter      (TIJ):    0.000ns
    Discrete Jitter          (DJ):    0.000ns
    Phase Error              (PE):    0.000ns

    Location             Delay type                Incr(ns)  Path(ns)    Netlist Resource(s)
  -------------------------------------------------------------------    -------------------
                         (clock sys_clk_pin rise edge)
                                                      0.000     0.000 r  
    E3                                                0.000     0.000 r  CLK100MHZ (IN)
                         net (fo=0)                   0.000     0.000    CLK100MHZ
    E3                   IBUF (Prop_ibuf_I_O)         1.489     1.489 r  CLK100MHZ_IBUF_inst/O
                         net (fo=1, routed)           1.967     3.455    CLK100MHZ_IBUF
    BUFGCTRL_X0Y16       BUFG (Prop_bufg_I_O)         0.096     3.551 r  CLK100MHZ_IBUF_BUFG_inst/O
                         net (fo=49, routed)          1.542     5.093    top_inst/mem_ctrl/instr_mem/CLK
    SLICE_X10Y70         FDRE                                         r  top_inst/mem_ctrl/instr_mem/pc_reg_rep[3]/C
  -------------------------------------------------------------------    -------------------
    SLICE_X10Y70         FDRE (Prop_fdre_C_Q)         0.518     5.611 r  top_inst/mem_ctrl/instr_mem/pc_reg_rep[3]/Q
                         net (fo=2, routed)           0.889     6.501    top_inst/mem_ctrl/instr_mem/pc[3]
    SLICE_X10Y70         LUT5 (Prop_lut5_I1_O)        0.124     6.625 f  top_inst/mem_ctrl/instr_mem/reg[2]_i_2/O
                         net (fo=5, routed)           0.611     7.236    top_inst/mem_ctrl/instr_mem/reg[2]_i_2_n_0
    SLICE_X10Y71         LUT3 (Prop_lut3_I0_O)        0.150     7.386 r  top_inst/mem_ctrl/instr_mem/buf[3]_i_1/O
                         net (fo=4, routed)           0.664     8.050    top_inst/mem_ctrl/buf_b/E[0]
    SLICE_X13Y71         FDRE                                         r  top_inst/mem_ctrl/buf_b/buf_reg[3]/CE
  -------------------------------------------------------------------    -------------------

                         (clock sys_clk_pin rise edge)
                                                     10.000    10.000 r  
    E3                                                0.000    10.000 r  CLK100MHZ (IN)
                         net (fo=0)                   0.000    10.000    CLK100MHZ
    E3                   IBUF (Prop_ibuf_I_O)         1.418    11.418 r  CLK100MHZ_IBUF_inst/O
                         net (fo=1, routed)           1.862    13.280    CLK100MHZ_IBUF
    BUFGCTRL_X0Y16       BUFG (Prop_bufg_I_O)         0.091    13.371 r  CLK100MHZ_IBUF_BUFG_inst/O
                         net (fo=49, routed)          1.425    14.796    top_inst/mem_ctrl/buf_b/CLK
    SLICE_X13Y71         FDRE                                         r  top_inst/mem_ctrl/buf_b/buf_reg[3]/C
                         clock pessimism              0.259    15.055    
                         clock uncertainty           -0.035    15.020    
    SLICE_X13Y71         FDRE (Setup_fdre_C_CE)      -0.409    14.611    top_inst/mem_ctrl/buf_b/buf_reg[3]
  -------------------------------------------------------------------
                         required time                         14.611    
                         arrival time                          -8.050    
  -------------------------------------------------------------------
                         slack                                  6.561    





Min Delay Paths
--------------------------------------------------------------------------------------
Slack (MET) :             0.200ns  (arrival time - required time)
  Source:                 top_inst/mem_ctrl/instr_mem/pc_reg_rep[2]/C
                            (rising edge-triggered cell FDRE clocked by sys_clk_pin  {rise@0.000ns fall@5.000ns period=10.000ns})
  Destination:            top_inst/mem_ctrl/reg_sel_fct/reg_reg[3]/D
                            (rising edge-triggered cell FDRE clocked by sys_clk_pin  {rise@0.000ns fall@5.000ns period=10.000ns})
  Path Group:             sys_clk_pin
  Path Type:              Hold (Min at Fast Process Corner)
  Requirement:            0.000ns  (sys_clk_pin rise@0.000ns - sys_clk_pin rise@0.000ns)
  Data Path Delay:        0.320ns  (logic 0.246ns (76.992%)  route 0.074ns (23.008%))
  Logic Levels:           1  (LUT6=1)
  Clock Path Skew:        0.000ns (DCD - SCD - CPR)
    Destination Clock Delay (DCD):    1.979ns
    Source Clock Delay      (SCD):    1.466ns
    Clock Pessimism Removal (CPR):    0.512ns

    Location             Delay type                Incr(ns)  Path(ns)    Netlist Resource(s)
  -------------------------------------------------------------------    -------------------
                         (clock sys_clk_pin rise edge)
                                                      0.000     0.000 r  
    E3                                                0.000     0.000 r  CLK100MHZ (IN)
                         net (fo=0)                   0.000     0.000    CLK100MHZ
    E3                   IBUF (Prop_ibuf_I_O)         0.257     0.257 r  CLK100MHZ_IBUF_inst/O
                         net (fo=1, routed)           0.631     0.888    CLK100MHZ_IBUF
    BUFGCTRL_X0Y16       BUFG (Prop_bufg_I_O)         0.026     0.914 r  CLK100MHZ_IBUF_BUFG_inst/O
                         net (fo=49, routed)          0.553     1.466    top_inst/mem_ctrl/instr_mem/CLK
    SLICE_X10Y70         FDRE                                         r  top_inst/mem_ctrl/instr_mem/pc_reg_rep[2]/C
  -------------------------------------------------------------------    -------------------
    SLICE_X10Y70         FDRE (Prop_fdre_C_Q)         0.148     1.614 f  top_inst/mem_ctrl/instr_mem/pc_reg_rep[2]/Q
                         net (fo=2, routed)           0.074     1.688    top_inst/mem_ctrl/instr_mem/pc[2]
    SLICE_X10Y70         LUT6 (Prop_lut6_I4_O)        0.098     1.786 r  top_inst/mem_ctrl/instr_mem/reg[3]_i_1/O
                         net (fo=1, routed)           0.000     1.786    top_inst/mem_ctrl/reg_sel_fct/reg_reg[3]_0[2]
    SLICE_X10Y70         FDRE                                         r  top_inst/mem_ctrl/reg_sel_fct/reg_reg[3]/D
  -------------------------------------------------------------------    -------------------

                         (clock sys_clk_pin rise edge)
                                                      0.000     0.000 r  
    E3                                                0.000     0.000 r  CLK100MHZ (IN)
                         net (fo=0)                   0.000     0.000    CLK100MHZ
    E3                   IBUF (Prop_ibuf_I_O)         0.445     0.445 r  CLK100MHZ_IBUF_inst/O
                         net (fo=1, routed)           0.685     1.129    CLK100MHZ_IBUF
    BUFGCTRL_X0Y16       BUFG (Prop_bufg_I_O)         0.029     1.158 r  CLK100MHZ_IBUF_BUFG_inst/O
                         net (fo=49, routed)          0.821     1.979    top_inst/mem_ctrl/reg_sel_fct/CLK
    SLICE_X10Y70         FDRE                                         r  top_inst/mem_ctrl/reg_sel_fct/reg_reg[3]/C
                         clock pessimism             -0.512     1.466    
    SLICE_X10Y70         FDRE (Hold_fdre_C_D)         0.120     1.586    top_inst/mem_ctrl/reg_sel_fct/reg_reg[3]
  -------------------------------------------------------------------
                         required time                         -1.586    
                         arrival time                           1.786    
  -------------------------------------------------------------------
                         slack                                  0.200    

Slack (MET) :             0.212ns  (arrival time - required time)
  Source:                 top_inst/custom_ops_inst/start_prev_reg/C
                            (rising edge-triggered cell FDRE clocked by sys_clk_pin  {rise@0.000ns fall@5.000ns period=10.000ns})
  Destination:            top_inst/custom_ops_inst/RES_VALID_reg/D
                            (rising edge-triggered cell FDRE clocked by sys_clk_pin  {rise@0.000ns fall@5.000ns period=10.000ns})
  Path Group:             sys_clk_pin
  Path Type:              Hold (Min at Fast Process Corner)
  Requirement:            0.000ns  (sys_clk_pin rise@0.000ns - sys_clk_pin rise@0.000ns)
  Data Path Delay:        0.333ns  (logic 0.246ns (73.853%)  route 0.087ns (26.147%))
  Logic Levels:           1  (LUT6=1)
  Clock Path Skew:        0.000ns (DCD - SCD - CPR)
    Destination Clock Delay (DCD):    1.978ns
    Source Clock Delay      (SCD):    1.465ns
    Clock Pessimism Removal (CPR):    0.512ns

    Location             Delay type                Incr(ns)  Path(ns)    Netlist Resource(s)
  -------------------------------------------------------------------    -------------------
                         (clock sys_clk_pin rise edge)
                                                      0.000     0.000 r  
    E3                                                0.000     0.000 r  CLK100MHZ (IN)
                         net (fo=0)                   0.000     0.000    CLK100MHZ
    E3                   IBUF (Prop_ibuf_I_O)         0.257     0.257 r  CLK100MHZ_IBUF_inst/O
                         net (fo=1, routed)           0.631     0.888    CLK100MHZ_IBUF
    BUFGCTRL_X0Y16       BUFG (Prop_bufg_I_O)         0.026     0.914 r  CLK100MHZ_IBUF_BUFG_inst/O
                         net (fo=49, routed)          0.552     1.465    top_inst/custom_ops_inst/CLK
    SLICE_X12Y71         FDRE                                         r  top_inst/custom_ops_inst/start_prev_reg/C
  -------------------------------------------------------------------    -------------------
    SLICE_X12Y71         FDRE (Prop_fdre_C_Q)         0.148     1.613 r  top_inst/custom_ops_inst/start_prev_reg/Q
                         net (fo=6, routed)           0.087     1.701    top_inst/custom_ops_inst/start_prev
    SLICE_X12Y71         LUT6 (Prop_lut6_I1_O)        0.098     1.799 r  top_inst/custom_ops_inst/RES_VALID_i_1/O
                         net (fo=1, routed)           0.000     1.799    top_inst/custom_ops_inst/RES_VALID_i_1_n_0
    SLICE_X12Y71         FDRE                                         r  top_inst/custom_ops_inst/RES_VALID_reg/D
  -------------------------------------------------------------------    -------------------

                         (clock sys_clk_pin rise edge)
                                                      0.000     0.000 r  
    E3                                                0.000     0.000 r  CLK100MHZ (IN)
                         net (fo=0)                   0.000     0.000    CLK100MHZ
    E3                   IBUF (Prop_ibuf_I_O)         0.445     0.445 r  CLK100MHZ_IBUF_inst/O
                         net (fo=1, routed)           0.685     1.129    CLK100MHZ_IBUF
    BUFGCTRL_X0Y16       BUFG (Prop_bufg_I_O)         0.029     1.158 r  CLK100MHZ_IBUF_BUFG_inst/O
                         net (fo=49, routed)          0.820     1.978    top_inst/custom_ops_inst/CLK
    SLICE_X12Y71         FDRE                                         r  top_inst/custom_ops_inst/RES_VALID_reg/C
                         clock pessimism             -0.512     1.465    
    SLICE_X12Y71         FDRE (Hold_fdre_C_D)         0.121     1.586    top_inst/custom_ops_inst/RES_VALID_reg
  -------------------------------------------------------------------
                         required time                         -1.586    
                         arrival time                           1.799    
  -------------------------------------------------------------------
                         slack                                  0.212    

Slack (MET) :             0.215ns  (arrival time - required time)
  Source:                 top_inst/custom_ops_inst/start_prev_reg/C
                            (rising edge-triggered cell FDRE clocked by sys_clk_pin  {rise@0.000ns fall@5.000ns period=10.000ns})
  Destination:            top_inst/custom_ops_inst/FSM_onehot_state_reg[2]/D
                            (rising edge-triggered cell FDRE clocked by sys_clk_pin  {rise@0.000ns fall@5.000ns period=10.000ns})
  Path Group:             sys_clk_pin
  Path Type:              Hold (Min at Fast Process Corner)
  Requirement:            0.000ns  (sys_clk_pin rise@0.000ns - sys_clk_pin rise@0.000ns)
  Data Path Delay:        0.335ns  (logic 0.246ns (73.413%)  route 0.089ns (26.587%))
  Logic Levels:           1  (LUT5=1)
  Clock Path Skew:        0.000ns (DCD - SCD - CPR)
    Destination Clock Delay (DCD):    1.978ns
    Source Clock Delay      (SCD):    1.465ns
    Clock Pessimism Removal (CPR):    0.512ns

    Location             Delay type                Incr(ns)  Path(ns)    Netlist Resource(s)
  -------------------------------------------------------------------    -------------------
                         (clock sys_clk_pin rise edge)
                                                      0.000     0.000 r  
    E3                                                0.000     0.000 r  CLK100MHZ (IN)
                         net (fo=0)                   0.000     0.000    CLK100MHZ
    E3                   IBUF (Prop_ibuf_I_O)         0.257     0.257 r  CLK100MHZ_IBUF_inst/O
                         net (fo=1, routed)           0.631     0.888    CLK100MHZ_IBUF
    BUFGCTRL_X0Y16       BUFG (Prop_bufg_I_O)         0.026     0.914 r  CLK100MHZ_IBUF_BUFG_inst/O
                         net (fo=49, routed)          0.552     1.465    top_inst/custom_ops_inst/CLK
    SLICE_X12Y71         FDRE                                         r  top_inst/custom_ops_inst/start_prev_reg/C
  -------------------------------------------------------------------    -------------------
    SLICE_X12Y71         FDRE (Prop_fdre_C_Q)         0.148     1.613 r  top_inst/custom_ops_inst/start_prev_reg/Q
                         net (fo=6, routed)           0.089     1.703    top_inst/custom_ops_inst/start_prev
    SLICE_X12Y71         LUT5 (Prop_lut5_I1_O)        0.098     1.801 r  top_inst/custom_ops_inst/FSM_onehot_state[2]_i_1/O
                         net (fo=1, routed)           0.000     1.801    top_inst/custom_ops_inst/FSM_onehot_state[2]_i_1_n_0
    SLICE_X12Y71         FDRE                                         r  top_inst/custom_ops_inst/FSM_onehot_state_reg[2]/D
  -------------------------------------------------------------------    -------------------

                         (clock sys_clk_pin rise edge)
                                                      0.000     0.000 r  
    E3                                                0.000     0.000 r  CLK100MHZ (IN)
                         net (fo=0)                   0.000     0.000    CLK100MHZ
    E3                   IBUF (Prop_ibuf_I_O)         0.445     0.445 r  CLK100MHZ_IBUF_inst/O
                         net (fo=1, routed)           0.685     1.129    CLK100MHZ_IBUF
    BUFGCTRL_X0Y16       BUFG (Prop_bufg_I_O)         0.029     1.158 r  CLK100MHZ_IBUF_BUFG_inst/O
                         net (fo=49, routed)          0.820     1.978    top_inst/custom_ops_inst/CLK
    SLICE_X12Y71         FDRE                                         r  top_inst/custom_ops_inst/FSM_onehot_state_reg[2]/C
                         clock pessimism             -0.512     1.465    
    SLICE_X12Y71         FDRE (Hold_fdre_C_D)         0.120     1.585    top_inst/custom_ops_inst/FSM_onehot_state_reg[2]
  -------------------------------------------------------------------
                         required time                         -1.585    
                         arrival time                           1.801    
  -------------------------------------------------------------------
                         slack                                  0.215    

Slack (MET) :             0.235ns  (arrival time - required time)
  Source:                 top_inst/mem_ctrl/instr_mem/pc_reg[0]/C
                            (rising edge-triggered cell FDRE clocked by sys_clk_pin  {rise@0.000ns fall@5.000ns period=10.000ns})
  Destination:            top_inst/mem_ctrl/instr_mem/pc_reg[2]/D
                            (rising edge-triggered cell FDRE clocked by sys_clk_pin  {rise@0.000ns fall@5.000ns period=10.000ns})
  Path Group:             sys_clk_pin
  Path Type:              Hold (Min at Fast Process Corner)
  Requirement:            0.000ns  (sys_clk_pin rise@0.000ns - sys_clk_pin rise@0.000ns)
  Data Path Delay:        0.341ns  (logic 0.186ns (54.558%)  route 0.155ns (45.442%))
  Logic Levels:           1  (LUT3=1)
  Clock Path Skew:        0.015ns (DCD - SCD - CPR)
    Destination Clock Delay (DCD):    1.979ns
    Source Clock Delay      (SCD):    1.465ns
    Clock Pessimism Removal (CPR):    0.498ns

    Location             Delay type                Incr(ns)  Path(ns)    Netlist Resource(s)
  -------------------------------------------------------------------    -------------------
                         (clock sys_clk_pin rise edge)
                                                      0.000     0.000 r  
    E3                                                0.000     0.000 r  CLK100MHZ (IN)
                         net (fo=0)                   0.000     0.000    CLK100MHZ
    E3                   IBUF (Prop_ibuf_I_O)         0.257     0.257 r  CLK100MHZ_IBUF_inst/O
                         net (fo=1, routed)           0.631     0.888    CLK100MHZ_IBUF
    BUFGCTRL_X0Y16       BUFG (Prop_bufg_I_O)         0.026     0.914 r  CLK100MHZ_IBUF_BUFG_inst/O
                         net (fo=49, routed)          0.552     1.465    top_inst/mem_ctrl/instr_mem/CLK
    SLICE_X11Y71         FDRE                                         r  top_inst/mem_ctrl/instr_mem/pc_reg[0]/C
  -------------------------------------------------------------------    -------------------
    SLICE_X11Y71         FDRE (Prop_fdre_C_Q)         0.141     1.606 r  top_inst/mem_ctrl/instr_mem/pc_reg[0]/Q
                         net (fo=7, routed)           0.155     1.761    top_inst/mem_ctrl/instr_mem/pc_reg_n_0_[0]
    SLICE_X11Y70         LUT3 (Prop_lut3_I2_O)        0.045     1.806 r  top_inst/mem_ctrl/instr_mem/pc_rep[2]_i_1/O
                         net (fo=2, routed)           0.000     1.806    top_inst/mem_ctrl/instr_mem/pc__0[2]
    SLICE_X11Y70         FDRE                                         r  top_inst/mem_ctrl/instr_mem/pc_reg[2]/D
  -------------------------------------------------------------------    -------------------

                         (clock sys_clk_pin rise edge)
                                                      0.000     0.000 r  
    E3                                                0.000     0.000 r  CLK100MHZ (IN)
                         net (fo=0)                   0.000     0.000    CLK100MHZ
    E3                   IBUF (Prop_ibuf_I_O)         0.445     0.445 r  CLK100MHZ_IBUF_inst/O
                         net (fo=1, routed)           0.685     1.129    CLK100MHZ_IBUF
    BUFGCTRL_X0Y16       BUFG (Prop_bufg_I_O)         0.029     1.158 r  CLK100MHZ_IBUF_BUFG_inst/O
                         net (fo=49, routed)          0.821     1.979    top_inst/mem_ctrl/instr_mem/CLK
    SLICE_X11Y70         FDRE                                         r  top_inst/mem_ctrl/instr_mem/pc_reg[2]/C
                         clock pessimism             -0.498     1.480    
    SLICE_X11Y70         FDRE (Hold_fdre_C_D)         0.091     1.571    top_inst/mem_ctrl/instr_mem/pc_reg[2]
  -------------------------------------------------------------------
                         required time                         -1.571    
                         arrival time                           1.806    
  -------------------------------------------------------------------
                         slack                                  0.235    

Slack (MET) :             0.241ns  (arrival time - required time)
  Source:                 top_inst/mem_ctrl/buf_b/buf_reg[3]/C
                            (rising edge-triggered cell FDRE clocked by sys_clk_pin  {rise@0.000ns fall@5.000ns period=10.000ns})
  Destination:            top_inst/custom_ops_inst/b_stored_reg[3]/D
                            (rising edge-triggered cell FDRE clocked by sys_clk_pin  {rise@0.000ns fall@5.000ns period=10.000ns})
  Path Group:             sys_clk_pin
  Path Type:              Hold (Min at Fast Process Corner)
  Requirement:            0.000ns  (sys_clk_pin rise@0.000ns - sys_clk_pin rise@0.000ns)
  Data Path Delay:        0.329ns  (logic 0.141ns (42.908%)  route 0.188ns (57.092%))
  Logic Levels:           0  
  Clock Path Skew:        0.016ns (DCD - SCD - CPR)
    Destination Clock Delay (DCD):    1.980ns
    Source Clock Delay      (SCD):    1.465ns
    Clock Pessimism Removal (CPR):    0.498ns

    Location             Delay type                Incr(ns)  Path(ns)    Netlist Resource(s)
  -------------------------------------------------------------------    -------------------
                         (clock sys_clk_pin rise edge)
                                                      0.000     0.000 r  
    E3                                                0.000     0.000 r  CLK100MHZ (IN)
                         net (fo=0)                   0.000     0.000    CLK100MHZ
    E3                   IBUF (Prop_ibuf_I_O)         0.257     0.257 r  CLK100MHZ_IBUF_inst/O
                         net (fo=1, routed)           0.631     0.888    CLK100MHZ_IBUF
    BUFGCTRL_X0Y16       BUFG (Prop_bufg_I_O)         0.026     0.914 r  CLK100MHZ_IBUF_BUFG_inst/O
                         net (fo=49, routed)          0.552     1.465    top_inst/mem_ctrl/buf_b/CLK
    SLICE_X13Y71         FDRE                                         r  top_inst/mem_ctrl/buf_b/buf_reg[3]/C
  -------------------------------------------------------------------    -------------------
    SLICE_X13Y71         FDRE (Prop_fdre_C_Q)         0.141     1.606 r  top_inst/mem_ctrl/buf_b/buf_reg[3]/Q
                         net (fo=7, routed)           0.188     1.794    top_inst/custom_ops_inst/Q[3]
    SLICE_X13Y69         FDRE                                         r  top_inst/custom_ops_inst/b_stored_reg[3]/D
  -------------------------------------------------------------------    -------------------

                         (clock sys_clk_pin rise edge)
                                                      0.000     0.000 r  
    E3                                                0.000     0.000 r  CLK100MHZ (IN)
                         net (fo=0)                   0.000     0.000    CLK100MHZ
    E3                   IBUF (Prop_ibuf_I_O)         0.445     0.445 r  CLK100MHZ_IBUF_inst/O
                         net (fo=1, routed)           0.685     1.129    CLK100MHZ_IBUF
    BUFGCTRL_X0Y16       BUFG (Prop_bufg_I_O)         0.029     1.158 r  CLK100MHZ_IBUF_BUFG_inst/O
                         net (fo=49, routed)          0.822     1.980    top_inst/custom_ops_inst/CLK
    SLICE_X13Y69         FDRE                                         r  top_inst/custom_ops_inst/b_stored_reg[3]/C
                         clock pessimism             -0.498     1.481    
    SLICE_X13Y69         FDRE (Hold_fdre_C_D)         0.072     1.553    top_inst/custom_ops_inst/b_stored_reg[3]
  -------------------------------------------------------------------
                         required time                         -1.553    
                         arrival time                           1.794    
  -------------------------------------------------------------------
                         slack                                  0.241    

Slack (MET) :             0.250ns  (arrival time - required time)
  Source:                 top_inst/mem_ctrl/instr_mem/pc_reg[2]/C
                            (rising edge-triggered cell FDRE clocked by sys_clk_pin  {rise@0.000ns fall@5.000ns period=10.000ns})
  Destination:            top_inst/mem_ctrl/instr_mem/pc_reg[5]/D
                            (rising edge-triggered cell FDRE clocked by sys_clk_pin  {rise@0.000ns fall@5.000ns period=10.000ns})
  Path Group:             sys_clk_pin
  Path Type:              Hold (Min at Fast Process Corner)
  Requirement:            0.000ns  (sys_clk_pin rise@0.000ns - sys_clk_pin rise@0.000ns)
  Data Path Delay:        0.342ns  (logic 0.186ns (54.336%)  route 0.156ns (45.664%))
  Logic Levels:           1  (LUT6=1)
  Clock Path Skew:        0.000ns (DCD - SCD - CPR)
    Destination Clock Delay (DCD):    1.979ns
    Source Clock Delay      (SCD):    1.466ns
    Clock Pessimism Removal (CPR):    0.512ns

    Location             Delay type                Incr(ns)  Path(ns)    Netlist Resource(s)
  -------------------------------------------------------------------    -------------------
                         (clock sys_clk_pin rise edge)
                                                      0.000     0.000 r  
    E3                                                0.000     0.000 r  CLK100MHZ (IN)
                         net (fo=0)                   0.000     0.000    CLK100MHZ
    E3                   IBUF (Prop_ibuf_I_O)         0.257     0.257 r  CLK100MHZ_IBUF_inst/O
                         net (fo=1, routed)           0.631     0.888    CLK100MHZ_IBUF
    BUFGCTRL_X0Y16       BUFG (Prop_bufg_I_O)         0.026     0.914 r  CLK100MHZ_IBUF_BUFG_inst/O
                         net (fo=49, routed)          0.553     1.466    top_inst/mem_ctrl/instr_mem/CLK
    SLICE_X11Y70         FDRE                                         r  top_inst/mem_ctrl/instr_mem/pc_reg[2]/C
  -------------------------------------------------------------------    -------------------
    SLICE_X11Y70         FDRE (Prop_fdre_C_Q)         0.141     1.607 r  top_inst/mem_ctrl/instr_mem/pc_reg[2]/Q
                         net (fo=5, routed)           0.156     1.764    top_inst/mem_ctrl/instr_mem/pc_reg_n_0_[2]
    SLICE_X11Y70         LUT6 (Prop_lut6_I4_O)        0.045     1.809 r  top_inst/mem_ctrl/instr_mem/pc_rep[5]_i_1/O
                         net (fo=2, routed)           0.000     1.809    top_inst/mem_ctrl/instr_mem/pc__0[5]
    SLICE_X11Y70         FDRE                                         r  top_inst/mem_ctrl/instr_mem/pc_reg[5]/D
  -------------------------------------------------------------------    -------------------

                         (clock sys_clk_pin rise edge)
                                                      0.000     0.000 r  
    E3                                                0.000     0.000 r  CLK100MHZ (IN)
                         net (fo=0)                   0.000     0.000    CLK100MHZ
    E3                   IBUF (Prop_ibuf_I_O)         0.445     0.445 r  CLK100MHZ_IBUF_inst/O
                         net (fo=1, routed)           0.685     1.129    CLK100MHZ_IBUF
    BUFGCTRL_X0Y16       BUFG (Prop_bufg_I_O)         0.029     1.158 r  CLK100MHZ_IBUF_BUFG_inst/O
                         net (fo=49, routed)          0.821     1.979    top_inst/mem_ctrl/instr_mem/CLK
    SLICE_X11Y70         FDRE                                         r  top_inst/mem_ctrl/instr_mem/pc_reg[5]/C
                         clock pessimism             -0.512     1.466    
    SLICE_X11Y70         FDRE (Hold_fdre_C_D)         0.092     1.558    top_inst/mem_ctrl/instr_mem/pc_reg[5]
  -------------------------------------------------------------------
                         required time                         -1.558    
                         arrival time                           1.809    
  -------------------------------------------------------------------
                         slack                                  0.250    

Slack (MET) :             0.254ns  (arrival time - required time)
  Source:                 top_inst/mem_ctrl/reg_sel_fct/reg_reg[3]/C
                            (rising edge-triggered cell FDRE clocked by sys_clk_pin  {rise@0.000ns fall@5.000ns period=10.000ns})
  Destination:            top_inst/mem_ctrl/buf_b/buf_reg[0]/D
                            (rising edge-triggered cell FDRE clocked by sys_clk_pin  {rise@0.000ns fall@5.000ns period=10.000ns})
  Path Group:             sys_clk_pin
  Path Type:              Hold (Min at Fast Process Corner)
  Requirement:            0.000ns  (sys_clk_pin rise@0.000ns - sys_clk_pin rise@0.000ns)
  Data Path Delay:        0.386ns  (logic 0.209ns (54.177%)  route 0.177ns (45.823%))
  Logic Levels:           1  (LUT6=1)
  Clock Path Skew:        0.012ns (DCD - SCD - CPR)
    Destination Clock Delay (DCD):    1.977ns
    Source Clock Delay      (SCD):    1.466ns
    Clock Pessimism Removal (CPR):    0.498ns

    Location             Delay type                Incr(ns)  Path(ns)    Netlist Resource(s)
  -------------------------------------------------------------------    -------------------
                         (clock sys_clk_pin rise edge)
                                                      0.000     0.000 r  
    E3                                                0.000     0.000 r  CLK100MHZ (IN)
                         net (fo=0)                   0.000     0.000    CLK100MHZ
    E3                   IBUF (Prop_ibuf_I_O)         0.257     0.257 r  CLK100MHZ_IBUF_inst/O
                         net (fo=1, routed)           0.631     0.888    CLK100MHZ_IBUF
    BUFGCTRL_X0Y16       BUFG (Prop_bufg_I_O)         0.026     0.914 r  CLK100MHZ_IBUF_BUFG_inst/O
                         net (fo=49, routed)          0.553     1.466    top_inst/mem_ctrl/reg_sel_fct/CLK
    SLICE_X10Y70         FDRE                                         r  top_inst/mem_ctrl/reg_sel_fct/reg_reg[3]/C
  -------------------------------------------------------------------    -------------------
    SLICE_X10Y70         FDRE (Prop_fdre_C_Q)         0.164     1.630 r  top_inst/mem_ctrl/reg_sel_fct/reg_reg[3]/Q
                         net (fo=11, routed)          0.177     1.807    top_inst/mem_ctrl/reg_sel_fct/reg_reg_n_0_[3]
    SLICE_X10Y72         LUT6 (Prop_lut6_I3_O)        0.045     1.852 r  top_inst/mem_ctrl/reg_sel_fct/buf[0]_i_1/O
                         net (fo=1, routed)           0.000     1.852    top_inst/mem_ctrl/buf_b/D[0]
    SLICE_X10Y72         FDRE                                         r  top_inst/mem_ctrl/buf_b/buf_reg[0]/D
  -------------------------------------------------------------------    -------------------

                         (clock sys_clk_pin rise edge)
                                                      0.000     0.000 r  
    E3                                                0.000     0.000 r  CLK100MHZ (IN)
                         net (fo=0)                   0.000     0.000    CLK100MHZ
    E3                   IBUF (Prop_ibuf_I_O)         0.445     0.445 r  CLK100MHZ_IBUF_inst/O
                         net (fo=1, routed)           0.685     1.129    CLK100MHZ_IBUF
    BUFGCTRL_X0Y16       BUFG (Prop_bufg_I_O)         0.029     1.158 r  CLK100MHZ_IBUF_BUFG_inst/O
                         net (fo=49, routed)          0.818     1.977    top_inst/mem_ctrl/buf_b/CLK
    SLICE_X10Y72         FDRE                                         r  top_inst/mem_ctrl/buf_b/buf_reg[0]/C
                         clock pessimism             -0.498     1.478    
    SLICE_X10Y72         FDRE (Hold_fdre_C_D)         0.120     1.598    top_inst/mem_ctrl/buf_b/buf_reg[0]
  -------------------------------------------------------------------
                         required time                         -1.598    
                         arrival time                           1.852    
  -------------------------------------------------------------------
                         slack                                  0.254    

Slack (MET) :             0.266ns  (arrival time - required time)
  Source:                 top_inst/mem_ctrl/instr_mem/pc_reg_rep[0]/C
                            (rising edge-triggered cell FDRE clocked by sys_clk_pin  {rise@0.000ns fall@5.000ns period=10.000ns})
  Destination:            top_inst/mem_ctrl/reg_sel_fct/reg_reg[0]/D
                            (rising edge-triggered cell FDRE clocked by sys_clk_pin  {rise@0.000ns fall@5.000ns period=10.000ns})
  Path Group:             sys_clk_pin
  Path Type:              Hold (Min at Fast Process Corner)
  Requirement:            0.000ns  (sys_clk_pin rise@0.000ns - sys_clk_pin rise@0.000ns)
  Data Path Delay:        0.387ns  (logic 0.209ns (54.064%)  route 0.178ns (45.936%))
  Logic Levels:           1  (LUT3=1)
  Clock Path Skew:        0.000ns (DCD - SCD - CPR)
    Destination Clock Delay (DCD):    1.978ns
    Source Clock Delay      (SCD):    1.465ns
    Clock Pessimism Removal (CPR):    0.512ns

    Location             Delay type                Incr(ns)  Path(ns)    Netlist Resource(s)
  -------------------------------------------------------------------    -------------------
                         (clock sys_clk_pin rise edge)
                                                      0.000     0.000 r  
    E3                                                0.000     0.000 r  CLK100MHZ (IN)
                         net (fo=0)                   0.000     0.000    CLK100MHZ
    E3                   IBUF (Prop_ibuf_I_O)         0.257     0.257 r  CLK100MHZ_IBUF_inst/O
                         net (fo=1, routed)           0.631     0.888    CLK100MHZ_IBUF
    BUFGCTRL_X0Y16       BUFG (Prop_bufg_I_O)         0.026     0.914 r  CLK100MHZ_IBUF_BUFG_inst/O
                         net (fo=49, routed)          0.552     1.465    top_inst/mem_ctrl/instr_mem/CLK
    SLICE_X10Y71         FDRE                                         r  top_inst/mem_ctrl/instr_mem/pc_reg_rep[0]/C
  -------------------------------------------------------------------    -------------------
    SLICE_X10Y71         FDRE (Prop_fdre_C_Q)         0.164     1.629 r  top_inst/mem_ctrl/instr_mem/pc_reg_rep[0]/Q
                         net (fo=6, routed)           0.178     1.807    top_inst/mem_ctrl/instr_mem/pc[0]
    SLICE_X10Y71         LUT3 (Prop_lut3_I2_O)        0.045     1.852 r  top_inst/mem_ctrl/instr_mem/reg[0]_i_1/O
                         net (fo=1, routed)           0.000     1.852    top_inst/mem_ctrl/reg_sel_fct/reg_reg[3]_0[0]
    SLICE_X10Y71         FDRE                                         r  top_inst/mem_ctrl/reg_sel_fct/reg_reg[0]/D
  -------------------------------------------------------------------    -------------------

                         (clock sys_clk_pin rise edge)
                                                      0.000     0.000 r  
    E3                                                0.000     0.000 r  CLK100MHZ (IN)
                         net (fo=0)                   0.000     0.000    CLK100MHZ
    E3                   IBUF (Prop_ibuf_I_O)         0.445     0.445 r  CLK100MHZ_IBUF_inst/O
                         net (fo=1, routed)           0.685     1.129    CLK100MHZ_IBUF
    BUFGCTRL_X0Y16       BUFG (Prop_bufg_I_O)         0.029     1.158 r  CLK100MHZ_IBUF_BUFG_inst/O
                         net (fo=49, routed)          0.820     1.978    top_inst/mem_ctrl/reg_sel_fct/CLK
    SLICE_X10Y71         FDRE                                         r  top_inst/mem_ctrl/reg_sel_fct/reg_reg[0]/C
                         clock pessimism             -0.512     1.465    
    SLICE_X10Y71         FDRE (Hold_fdre_C_D)         0.121     1.586    top_inst/mem_ctrl/reg_sel_fct/reg_reg[0]
  -------------------------------------------------------------------
                         required time                         -1.586    
                         arrival time                           1.852    
  -------------------------------------------------------------------
                         slack                                  0.266    

Slack (MET) :             0.266ns  (arrival time - required time)
  Source:                 top_inst/custom_ops_inst/b_stored_reg[3]/C
                            (rising edge-triggered cell FDRE clocked by sys_clk_pin  {rise@0.000ns fall@5.000ns period=10.000ns})
  Destination:            top_inst/custom_ops_inst/result_buf_reg[4]/D
                            (rising edge-triggered cell FDRE clocked by sys_clk_pin  {rise@0.000ns fall@5.000ns period=10.000ns})
  Path Group:             sys_clk_pin
  Path Type:              Hold (Min at Fast Process Corner)
  Requirement:            0.000ns  (sys_clk_pin rise@0.000ns - sys_clk_pin rise@0.000ns)
  Data Path Delay:        0.372ns  (logic 0.186ns (49.955%)  route 0.186ns (50.045%))
  Logic Levels:           1  (LUT6=1)
  Clock Path Skew:        0.014ns (DCD - SCD - CPR)
    Destination Clock Delay (DCD):    1.980ns
    Source Clock Delay      (SCD):    1.467ns
    Clock Pessimism Removal (CPR):    0.498ns

    Location             Delay type                Incr(ns)  Path(ns)    Netlist Resource(s)
  -------------------------------------------------------------------    -------------------
                         (clock sys_clk_pin rise edge)
                                                      0.000     0.000 r  
    E3                                                0.000     0.000 r  CLK100MHZ (IN)
                         net (fo=0)                   0.000     0.000    CLK100MHZ
    E3                   IBUF (Prop_ibuf_I_O)         0.257     0.257 r  CLK100MHZ_IBUF_inst/O
                         net (fo=1, routed)           0.631     0.888    CLK100MHZ_IBUF
    BUFGCTRL_X0Y16       BUFG (Prop_bufg_I_O)         0.026     0.914 r  CLK100MHZ_IBUF_BUFG_inst/O
                         net (fo=49, routed)          0.554     1.467    top_inst/custom_ops_inst/CLK
    SLICE_X13Y69         FDRE                                         r  top_inst/custom_ops_inst/b_stored_reg[3]/C
  -------------------------------------------------------------------    -------------------
    SLICE_X13Y69         FDRE (Prop_fdre_C_Q)         0.141     1.608 r  top_inst/custom_ops_inst/b_stored_reg[3]/Q
                         net (fo=11, routed)          0.186     1.795    top_inst/custom_ops_inst/b_stored_reg_n_0_[3]
    SLICE_X15Y69         LUT6 (Prop_lut6_I0_O)        0.045     1.840 r  top_inst/custom_ops_inst/result_buf[4]_i_1/O
                         net (fo=1, routed)           0.000     1.840    top_inst/custom_ops_inst/result_buf[4]_i_1_n_0
    SLICE_X15Y69         FDRE                                         r  top_inst/custom_ops_inst/result_buf_reg[4]/D
  -------------------------------------------------------------------    -------------------

                         (clock sys_clk_pin rise edge)
                                                      0.000     0.000 r  
    E3                                                0.000     0.000 r  CLK100MHZ (IN)
                         net (fo=0)                   0.000     0.000    CLK100MHZ
    E3                   IBUF (Prop_ibuf_I_O)         0.445     0.445 r  CLK100MHZ_IBUF_inst/O
                         net (fo=1, routed)           0.685     1.129    CLK100MHZ_IBUF
    BUFGCTRL_X0Y16       BUFG (Prop_bufg_I_O)         0.029     1.158 r  CLK100MHZ_IBUF_BUFG_inst/O
                         net (fo=49, routed)          0.822     1.980    top_inst/custom_ops_inst/CLK
    SLICE_X15Y69         FDRE                                         r  top_inst/custom_ops_inst/result_buf_reg[4]/C
                         clock pessimism             -0.498     1.481    
    SLICE_X15Y69         FDRE (Hold_fdre_C_D)         0.092     1.573    top_inst/custom_ops_inst/result_buf_reg[4]
  -------------------------------------------------------------------
                         required time                         -1.573    
                         arrival time                           1.840    
  -------------------------------------------------------------------
                         slack                                  0.266    

Slack (MET) :             0.274ns  (arrival time - required time)
  Source:                 top_inst/custom_ops_inst/FSM_onehot_state_reg[0]/C
                            (rising edge-triggered cell FDSE clocked by sys_clk_pin  {rise@0.000ns fall@5.000ns period=10.000ns})
  Destination:            top_inst/custom_ops_inst/FSM_onehot_state_reg[1]/D
                            (rising edge-triggered cell FDRE clocked by sys_clk_pin  {rise@0.000ns fall@5.000ns period=10.000ns})
  Path Group:             sys_clk_pin
  Path Type:              Hold (Min at Fast Process Corner)
  Requirement:            0.000ns  (sys_clk_pin rise@0.000ns - sys_clk_pin rise@0.000ns)
  Data Path Delay:        0.395ns  (logic 0.209ns (52.866%)  route 0.186ns (47.134%))
  Logic Levels:           1  (LUT6=1)
  Clock Path Skew:        0.000ns (DCD - SCD - CPR)
    Destination Clock Delay (DCD):    1.979ns
    Source Clock Delay      (SCD):    1.466ns
    Clock Pessimism Removal (CPR):    0.512ns

    Location             Delay type                Incr(ns)  Path(ns)    Netlist Resource(s)
  -------------------------------------------------------------------    -------------------
                         (clock sys_clk_pin rise edge)
                                                      0.000     0.000 r  
    E3                                                0.000     0.000 r  CLK100MHZ (IN)
                         net (fo=0)                   0.000     0.000    CLK100MHZ
    E3                   IBUF (Prop_ibuf_I_O)         0.257     0.257 r  CLK100MHZ_IBUF_inst/O
                         net (fo=1, routed)           0.631     0.888    CLK100MHZ_IBUF
    BUFGCTRL_X0Y16       BUFG (Prop_bufg_I_O)         0.026     0.914 r  CLK100MHZ_IBUF_BUFG_inst/O
                         net (fo=49, routed)          0.553     1.466    top_inst/custom_ops_inst/CLK
    SLICE_X12Y70         FDSE                                         r  top_inst/custom_ops_inst/FSM_onehot_state_reg[0]/C
  -------------------------------------------------------------------    -------------------
    SLICE_X12Y70         FDSE (Prop_fdse_C_Q)         0.164     1.630 r  top_inst/custom_ops_inst/FSM_onehot_state_reg[0]/Q
                         net (fo=4, routed)           0.186     1.817    top_inst/custom_ops_inst/FSM_onehot_state_reg_n_0_[0]
    SLICE_X12Y70         LUT6 (Prop_lut6_I5_O)        0.045     1.862 r  top_inst/custom_ops_inst/FSM_onehot_state[1]_i_1/O
                         net (fo=1, routed)           0.000     1.862    top_inst/custom_ops_inst/FSM_onehot_state[1]_i_1_n_0
    SLICE_X12Y70         FDRE                                         r  top_inst/custom_ops_inst/FSM_onehot_state_reg[1]/D
  -------------------------------------------------------------------    -------------------

                         (clock sys_clk_pin rise edge)
                                                      0.000     0.000 r  
    E3                                                0.000     0.000 r  CLK100MHZ (IN)
                         net (fo=0)                   0.000     0.000    CLK100MHZ
    E3                   IBUF (Prop_ibuf_I_O)         0.445     0.445 r  CLK100MHZ_IBUF_inst/O
                         net (fo=1, routed)           0.685     1.129    CLK100MHZ_IBUF
    BUFGCTRL_X0Y16       BUFG (Prop_bufg_I_O)         0.029     1.158 r  CLK100MHZ_IBUF_BUFG_inst/O
                         net (fo=49, routed)          0.821     1.979    top_inst/custom_ops_inst/CLK
    SLICE_X12Y70         FDRE                                         r  top_inst/custom_ops_inst/FSM_onehot_state_reg[1]/C
                         clock pessimism             -0.512     1.466    
    SLICE_X12Y70         FDRE (Hold_fdre_C_D)         0.121     1.587    top_inst/custom_ops_inst/FSM_onehot_state_reg[1]
  -------------------------------------------------------------------
                         required time                         -1.587    
                         arrival time                           1.862    
  -------------------------------------------------------------------
                         slack                                  0.274    





Pulse Width Checks
--------------------------------------------------------------------------------------
Clock Name:         sys_clk_pin
Waveform(ns):       { 0.000 5.000 }
Period(ns):         10.000
Sources:            { CLK100MHZ }

Check Type        Corner  Lib Pin  Reference Pin  Required(ns)  Actual(ns)  Slack(ns)  Location        Pin
Min Period        n/a     BUFG/I   n/a            2.155         10.000      7.845      BUFGCTRL_X0Y16  CLK100MHZ_IBUF_BUFG_inst/I
Min Period        n/a     FDSE/C   n/a            1.000         10.000      9.000      SLICE_X12Y70    top_inst/custom_ops_inst/FSM_onehot_state_reg[0]/C
Min Period        n/a     FDRE/C   n/a            1.000         10.000      9.000      SLICE_X12Y70    top_inst/custom_ops_inst/FSM_onehot_state_reg[1]/C
Min Period        n/a     FDRE/C   n/a            1.000         10.000      9.000      SLICE_X12Y71    top_inst/custom_ops_inst/FSM_onehot_state_reg[2]/C
Min Period        n/a     FDRE/C   n/a            1.000         10.000      9.000      SLICE_X12Y71    top_inst/custom_ops_inst/RES_VALID_reg/C
Min Period        n/a     FDRE/C   n/a            1.000         10.000      9.000      SLICE_X14Y69    top_inst/custom_ops_inst/a_stored_reg[0]/C
Min Period        n/a     FDRE/C   n/a            1.000         10.000      9.000      SLICE_X12Y69    top_inst/custom_ops_inst/a_stored_reg[1]/C
Min Period        n/a     FDRE/C   n/a            1.000         10.000      9.000      SLICE_X14Y70    top_inst/custom_ops_inst/a_stored_reg[2]/C
Min Period        n/a     FDRE/C   n/a            1.000         10.000      9.000      SLICE_X13Y69    top_inst/custom_ops_inst/a_stored_reg[3]/C
Min Period        n/a     FDRE/C   n/a            1.000         10.000      9.000      SLICE_X13Y69    top_inst/custom_ops_inst/b_stored_reg[0]/C
Low Pulse Width   Slow    FDSE/C   n/a            0.500         5.000       4.500      SLICE_X12Y70    top_inst/custom_ops_inst/FSM_onehot_state_reg[0]/C
Low Pulse Width   Fast    FDSE/C   n/a            0.500         5.000       4.500      SLICE_X12Y70    top_inst/custom_ops_inst/FSM_onehot_state_reg[0]/C
Low Pulse Width   Slow    FDRE/C   n/a            0.500         5.000       4.500      SLICE_X12Y70    top_inst/custom_ops_inst/FSM_onehot_state_reg[1]/C
Low Pulse Width   Fast    FDRE/C   n/a            0.500         5.000       4.500      SLICE_X12Y70    top_inst/custom_ops_inst/FSM_onehot_state_reg[1]/C
Low Pulse Width   Slow    FDRE/C   n/a            0.500         5.000       4.500      SLICE_X12Y71    top_inst/custom_ops_inst/FSM_onehot_state_reg[2]/C
Low Pulse Width   Fast    FDRE/C   n/a            0.500         5.000       4.500      SLICE_X12Y71    top_inst/custom_ops_inst/FSM_onehot_state_reg[2]/C
Low Pulse Width   Slow    FDRE/C   n/a            0.500         5.000       4.500      SLICE_X12Y71    top_inst/custom_ops_inst/RES_VALID_reg/C
Low Pulse Width   Fast    FDRE/C   n/a            0.500         5.000       4.500      SLICE_X12Y71    top_inst/custom_ops_inst/RES_VALID_reg/C
Low Pulse Width   Slow    FDRE/C   n/a            0.500         5.000       4.500      SLICE_X14Y69    top_inst/custom_ops_inst/a_stored_reg[0]/C
Low Pulse Width   Fast    FDRE/C   n/a            0.500         5.000       4.500      SLICE_X14Y69    top_inst/custom_ops_inst/a_stored_reg[0]/C
High Pulse Width  Slow    FDSE/C   n/a            0.500         5.000       4.500      SLICE_X12Y70    top_inst/custom_ops_inst/FSM_onehot_state_reg[0]/C
High Pulse Width  Fast    FDSE/C   n/a            0.500         5.000       4.500      SLICE_X12Y70    top_inst/custom_ops_inst/FSM_onehot_state_reg[0]/C
High Pulse Width  Slow    FDRE/C   n/a            0.500         5.000       4.500      SLICE_X12Y70    top_inst/custom_ops_inst/FSM_onehot_state_reg[1]/C
High Pulse Width  Fast    FDRE/C   n/a            0.500         5.000       4.500      SLICE_X12Y70    top_inst/custom_ops_inst/FSM_onehot_state_reg[1]/C
High Pulse Width  Slow    FDRE/C   n/a            0.500         5.000       4.500      SLICE_X12Y71    top_inst/custom_ops_inst/FSM_onehot_state_reg[2]/C
High Pulse Width  Fast    FDRE/C   n/a            0.500         5.000       4.500      SLICE_X12Y71    top_inst/custom_ops_inst/FSM_onehot_state_reg[2]/C
High Pulse Width  Slow    FDRE/C   n/a            0.500         5.000       4.500      SLICE_X12Y71    top_inst/custom_ops_inst/RES_VALID_reg/C
High Pulse Width  Fast    FDRE/C   n/a            0.500         5.000       4.500      SLICE_X12Y71    top_inst/custom_ops_inst/RES_VALID_reg/C
High Pulse Width  Slow    FDRE/C   n/a            0.500         5.000       4.500      SLICE_X14Y69    top_inst/custom_ops_inst/a_stored_reg[0]/C
High Pulse Width  Fast    FDRE/C   n/a            0.500         5.000       4.500      SLICE_X14Y69    top_inst/custom_ops_inst/a_stored_reg[0]/C



--------------------------------------------------------------------------------------
Path Group:  (none)
From Clock:  sys_clk_pin
  To Clock:  

Max Delay            11 Endpoints
Min Delay            11 Endpoints
--------------------------------------------------------------------------------------


Max Delay Paths
--------------------------------------------------------------------------------------
Slack:                    inf
  Source:                 top_inst/mem_ctrl/reg_sel_fct/reg_reg[2]/C
                            (rising edge-triggered cell FDRE clocked by sys_clk_pin  {rise@0.000ns fall@5.000ns period=10.000ns})
  Destination:            led0_b
                            (output port)
  Path Group:             (none)
  Path Type:              Max at Slow Process Corner
  Data Path Delay:        8.525ns  (logic 4.187ns (49.112%)  route 4.338ns (50.888%))
  Logic Levels:           2  (LUT6=1 OBUF=1)
  Clock Uncertainty:      0.025ns  ((TSJ^2 + TIJ^2)^1/2 + DJ) / 2 + PE
    Total System Jitter     (TSJ):    0.050ns
    Total Input Jitter      (TIJ):    0.000ns
    Discrete Jitter          (DJ):    0.000ns
    Phase Error              (PE):    0.000ns

    Location             Delay type                Incr(ns)  Path(ns)    Netlist Resource(s)
  -------------------------------------------------------------------    -------------------
                         (clock sys_clk_pin rise edge)
                                                      0.000     0.000 r  
    E3                                                0.000     0.000 r  CLK100MHZ (IN)
                         net (fo=0)                   0.000     0.000    CLK100MHZ
    E3                   IBUF (Prop_ibuf_I_O)         1.489     1.489 r  CLK100MHZ_IBUF_inst/O
                         net (fo=1, routed)           1.967     3.455    CLK100MHZ_IBUF
    BUFGCTRL_X0Y16       BUFG (Prop_bufg_I_O)         0.096     3.551 r  CLK100MHZ_IBUF_BUFG_inst/O
                         net (fo=49, routed)          1.542     5.093    top_inst/mem_ctrl/reg_sel_fct/CLK
    SLICE_X10Y70         FDRE                                         r  top_inst/mem_ctrl/reg_sel_fct/reg_reg[2]/C
  -------------------------------------------------------------------    -------------------
    SLICE_X10Y70         FDRE (Prop_fdre_C_Q)         0.518     5.611 r  top_inst/mem_ctrl/reg_sel_fct/reg_reg[2]/Q
                         net (fo=12, routed)          1.303     6.915    top_inst/mem_ctrl/reg_sel_fct/reg_reg_n_0_[2]
    SLICE_X12Y69         LUT6 (Prop_lut6_I3_O)        0.124     7.039 r  top_inst/mem_ctrl/reg_sel_fct/led0_b_OBUF_inst_i_1/O
                         net (fo=1, routed)           3.035    10.074    led0_b_OBUF
    E1                   OBUF (Prop_obuf_I_O)         3.545    13.618 r  led0_b_OBUF_inst/O
                         net (fo=0)                   0.000    13.618    led0_b
    E1                                                                r  led0_b (OUT)
  -------------------------------------------------------------------    -------------------

Slack:                    inf
  Source:                 top_inst/mem_ctrl/reg_sel_fct/reg_reg[2]/C
                            (rising edge-triggered cell FDRE clocked by sys_clk_pin  {rise@0.000ns fall@5.000ns period=10.000ns})
  Destination:            led1_b
                            (output port)
  Path Group:             (none)
  Path Type:              Max at Slow Process Corner
  Data Path Delay:        8.501ns  (logic 4.188ns (49.263%)  route 4.313ns (50.737%))
  Logic Levels:           2  (LUT6=1 OBUF=1)
  Clock Uncertainty:      0.025ns  ((TSJ^2 + TIJ^2)^1/2 + DJ) / 2 + PE
    Total System Jitter     (TSJ):    0.050ns
    Total Input Jitter      (TIJ):    0.000ns
    Discrete Jitter          (DJ):    0.000ns
    Phase Error              (PE):    0.000ns

    Location             Delay type                Incr(ns)  Path(ns)    Netlist Resource(s)
  -------------------------------------------------------------------    -------------------
                         (clock sys_clk_pin rise edge)
                                                      0.000     0.000 r  
    E3                                                0.000     0.000 r  CLK100MHZ (IN)
                         net (fo=0)                   0.000     0.000    CLK100MHZ
    E3                   IBUF (Prop_ibuf_I_O)         1.489     1.489 r  CLK100MHZ_IBUF_inst/O
                         net (fo=1, routed)           1.967     3.455    CLK100MHZ_IBUF
    BUFGCTRL_X0Y16       BUFG (Prop_bufg_I_O)         0.096     3.551 r  CLK100MHZ_IBUF_BUFG_inst/O
                         net (fo=49, routed)          1.542     5.093    top_inst/mem_ctrl/reg_sel_fct/CLK
    SLICE_X10Y70         FDRE                                         r  top_inst/mem_ctrl/reg_sel_fct/reg_reg[2]/C
  -------------------------------------------------------------------    -------------------
    SLICE_X10Y70         FDRE (Prop_fdre_C_Q)         0.518     5.611 r  top_inst/mem_ctrl/reg_sel_fct/reg_reg[2]/Q
                         net (fo=12, routed)          1.292     6.904    top_inst/mem_ctrl/reg_sel_fct/reg_reg_n_0_[2]
    SLICE_X13Y69         LUT6 (Prop_lut6_I4_O)        0.124     7.028 r  top_inst/mem_ctrl/reg_sel_fct/led1_b_OBUF_inst_i_1/O
                         net (fo=1, routed)           3.021    10.049    led1_b_OBUF
    G4                   OBUF (Prop_obuf_I_O)         3.546    13.595 r  led1_b_OBUF_inst/O
                         net (fo=0)                   0.000    13.595    led1_b
    G4                                                                r  led1_b (OUT)
  -------------------------------------------------------------------    -------------------

Slack:                    inf
  Source:                 top_inst/custom_ops_inst/result_buf_reg[2]/C
                            (rising edge-triggered cell FDRE clocked by sys_clk_pin  {rise@0.000ns fall@5.000ns period=10.000ns})
  Destination:            led[2]
                            (output port)
  Path Group:             (none)
  Path Type:              Max at Slow Process Corner
  Data Path Delay:        8.393ns  (logic 4.002ns (47.684%)  route 4.391ns (52.316%))
  Logic Levels:           1  (OBUF=1)
  Clock Uncertainty:      0.025ns  ((TSJ^2 + TIJ^2)^1/2 + DJ) / 2 + PE
    Total System Jitter     (TSJ):    0.050ns
    Total Input Jitter      (TIJ):    0.000ns
    Discrete Jitter          (DJ):    0.000ns
    Phase Error              (PE):    0.000ns

    Location             Delay type                Incr(ns)  Path(ns)    Netlist Resource(s)
  -------------------------------------------------------------------    -------------------
                         (clock sys_clk_pin rise edge)
                                                      0.000     0.000 r  
    E3                                                0.000     0.000 r  CLK100MHZ (IN)
                         net (fo=0)                   0.000     0.000    CLK100MHZ
    E3                   IBUF (Prop_ibuf_I_O)         1.489     1.489 r  CLK100MHZ_IBUF_inst/O
                         net (fo=1, routed)           1.967     3.455    CLK100MHZ_IBUF
    BUFGCTRL_X0Y16       BUFG (Prop_bufg_I_O)         0.096     3.551 r  CLK100MHZ_IBUF_BUFG_inst/O
                         net (fo=49, routed)          1.546     5.097    top_inst/custom_ops_inst/CLK
    SLICE_X13Y67         FDRE                                         r  top_inst/custom_ops_inst/result_buf_reg[2]/C
  -------------------------------------------------------------------    -------------------
    SLICE_X13Y67         FDRE (Prop_fdre_C_Q)         0.456     5.553 r  top_inst/custom_ops_inst/result_buf_reg[2]/Q
                         net (fo=1, routed)           4.391     9.944    led_OBUF[2]
    T9                   OBUF (Prop_obuf_I_O)         3.546    13.490 r  led_OBUF[2]_inst/O
                         net (fo=0)                   0.000    13.490    led[2]
    T9                                                                r  led[2] (OUT)
  -------------------------------------------------------------------    -------------------

Slack:                    inf
  Source:                 top_inst/custom_ops_inst/result_buf_reg[3]/C
                            (rising edge-triggered cell FDRE clocked by sys_clk_pin  {rise@0.000ns fall@5.000ns period=10.000ns})
  Destination:            led[3]
                            (output port)
  Path Group:             (none)
  Path Type:              Max at Slow Process Corner
  Data Path Delay:        7.686ns  (logic 4.057ns (52.791%)  route 3.628ns (47.209%))
  Logic Levels:           1  (OBUF=1)
  Clock Uncertainty:      0.025ns  ((TSJ^2 + TIJ^2)^1/2 + DJ) / 2 + PE
    Total System Jitter     (TSJ):    0.050ns
    Total Input Jitter      (TIJ):    0.000ns
    Discrete Jitter          (DJ):    0.000ns
    Phase Error              (PE):    0.000ns

    Location             Delay type                Incr(ns)  Path(ns)    Netlist Resource(s)
  -------------------------------------------------------------------    -------------------
                         (clock sys_clk_pin rise edge)
                                                      0.000     0.000 r  
    E3                                                0.000     0.000 r  CLK100MHZ (IN)
                         net (fo=0)                   0.000     0.000    CLK100MHZ
    E3                   IBUF (Prop_ibuf_I_O)         1.489     1.489 r  CLK100MHZ_IBUF_inst/O
                         net (fo=1, routed)           1.967     3.455    CLK100MHZ_IBUF
    BUFGCTRL_X0Y16       BUFG (Prop_bufg_I_O)         0.096     3.551 r  CLK100MHZ_IBUF_BUFG_inst/O
                         net (fo=49, routed)          1.546     5.097    top_inst/custom_ops_inst/CLK
    SLICE_X14Y67         FDRE                                         r  top_inst/custom_ops_inst/result_buf_reg[3]/C
  -------------------------------------------------------------------    -------------------
    SLICE_X14Y67         FDRE (Prop_fdre_C_Q)         0.518     5.615 r  top_inst/custom_ops_inst/result_buf_reg[3]/Q
                         net (fo=1, routed)           3.628     9.244    led_OBUF[3]
    T10                  OBUF (Prop_obuf_I_O)         3.539    12.783 r  led_OBUF[3]_inst/O
                         net (fo=0)                   0.000    12.783    led[3]
    T10                                                               r  led[3] (OUT)
  -------------------------------------------------------------------    -------------------

Slack:                    inf
  Source:                 top_inst/custom_ops_inst/RES_VALID_reg/C
                            (rising edge-triggered cell FDRE clocked by sys_clk_pin  {rise@0.000ns fall@5.000ns period=10.000ns})
  Destination:            led3_g
                            (output port)
  Path Group:             (none)
  Path Type:              Max at Slow Process Corner
  Data Path Delay:        7.553ns  (logic 4.040ns (53.490%)  route 3.513ns (46.510%))
  Logic Levels:           1  (OBUF=1)
  Clock Uncertainty:      0.025ns  ((TSJ^2 + TIJ^2)^1/2 + DJ) / 2 + PE
    Total System Jitter     (TSJ):    0.050ns
    Total Input Jitter      (TIJ):    0.000ns
    Discrete Jitter          (DJ):    0.000ns
    Phase Error              (PE):    0.000ns

    Location             Delay type                Incr(ns)  Path(ns)    Netlist Resource(s)
  -------------------------------------------------------------------    -------------------
                         (clock sys_clk_pin rise edge)
                                                      0.000     0.000 r  
    E3                                                0.000     0.000 r  CLK100MHZ (IN)
                         net (fo=0)                   0.000     0.000    CLK100MHZ
    E3                   IBUF (Prop_ibuf_I_O)         1.489     1.489 r  CLK100MHZ_IBUF_inst/O
                         net (fo=1, routed)           1.967     3.455    CLK100MHZ_IBUF
    BUFGCTRL_X0Y16       BUFG (Prop_bufg_I_O)         0.096     3.551 r  CLK100MHZ_IBUF_BUFG_inst/O
                         net (fo=49, routed)          1.541     5.092    top_inst/custom_ops_inst/CLK
    SLICE_X12Y71         FDRE                                         r  top_inst/custom_ops_inst/RES_VALID_reg/C
  -------------------------------------------------------------------    -------------------
    SLICE_X12Y71         FDRE (Prop_fdre_C_Q)         0.518     5.610 r  top_inst/custom_ops_inst/RES_VALID_reg/Q
                         net (fo=1, routed)           3.513     9.123    led3_g_OBUF
    H6                   OBUF (Prop_obuf_I_O)         3.522    12.646 r  led3_g_OBUF_inst/O
                         net (fo=0)                   0.000    12.646    led3_g
    H6                                                                r  led3_g (OUT)
  -------------------------------------------------------------------    -------------------

Slack:                    inf
  Source:                 top_inst/custom_ops_inst/result_buf_reg[7]/C
                            (rising edge-triggered cell FDRE clocked by sys_clk_pin  {rise@0.000ns fall@5.000ns period=10.000ns})
  Destination:            led3_r
                            (output port)
  Path Group:             (none)
  Path Type:              Max at Slow Process Corner
  Data Path Delay:        7.465ns  (logic 4.120ns (55.185%)  route 3.346ns (44.815%))
  Logic Levels:           1  (OBUF=1)
  Clock Uncertainty:      0.025ns  ((TSJ^2 + TIJ^2)^1/2 + DJ) / 2 + PE
    Total System Jitter     (TSJ):    0.050ns
    Total Input Jitter      (TIJ):    0.000ns
    Discrete Jitter          (DJ):    0.000ns
    Phase Error              (PE):    0.000ns

    Location             Delay type                Incr(ns)  Path(ns)    Netlist Resource(s)
  -------------------------------------------------------------------    -------------------
                         (clock sys_clk_pin rise edge)
                                                      0.000     0.000 r  
    E3                                                0.000     0.000 r  CLK100MHZ (IN)
                         net (fo=0)                   0.000     0.000    CLK100MHZ
    E3                   IBUF (Prop_ibuf_I_O)         1.489     1.489 r  CLK100MHZ_IBUF_inst/O
                         net (fo=1, routed)           1.967     3.455    CLK100MHZ_IBUF
    BUFGCTRL_X0Y16       BUFG (Prop_bufg_I_O)         0.096     3.551 r  CLK100MHZ_IBUF_BUFG_inst/O
                         net (fo=49, routed)          1.546     5.097    top_inst/custom_ops_inst/CLK
    SLICE_X15Y67         FDRE                                         r  top_inst/custom_ops_inst/result_buf_reg[7]/C
  -------------------------------------------------------------------    -------------------
    SLICE_X15Y67         FDRE (Prop_fdre_C_Q)         0.419     5.516 r  top_inst/custom_ops_inst/result_buf_reg[7]/Q
                         net (fo=1, routed)           3.346     8.862    led3_r_OBUF
    K1                   OBUF (Prop_obuf_I_O)         3.701    12.563 r  led3_r_OBUF_inst/O
                         net (fo=0)                   0.000    12.563    led3_r
    K1                                                                r  led3_r (OUT)
  -------------------------------------------------------------------    -------------------

Slack:                    inf
  Source:                 top_inst/custom_ops_inst/result_buf_reg[1]/C
                            (rising edge-triggered cell FDRE clocked by sys_clk_pin  {rise@0.000ns fall@5.000ns period=10.000ns})
  Destination:            led[1]
                            (output port)
  Path Group:             (none)
  Path Type:              Max at Slow Process Corner
  Data Path Delay:        7.468ns  (logic 3.963ns (53.073%)  route 3.504ns (46.927%))
  Logic Levels:           1  (OBUF=1)
  Clock Uncertainty:      0.025ns  ((TSJ^2 + TIJ^2)^1/2 + DJ) / 2 + PE
    Total System Jitter     (TSJ):    0.050ns
    Total Input Jitter      (TIJ):    0.000ns
    Discrete Jitter          (DJ):    0.000ns
    Phase Error              (PE):    0.000ns

    Location             Delay type                Incr(ns)  Path(ns)    Netlist Resource(s)
  -------------------------------------------------------------------    -------------------
                         (clock sys_clk_pin rise edge)
                                                      0.000     0.000 r  
    E3                                                0.000     0.000 r  CLK100MHZ (IN)
                         net (fo=0)                   0.000     0.000    CLK100MHZ
    E3                   IBUF (Prop_ibuf_I_O)         1.489     1.489 r  CLK100MHZ_IBUF_inst/O
                         net (fo=1, routed)           1.967     3.455    CLK100MHZ_IBUF
    BUFGCTRL_X0Y16       BUFG (Prop_bufg_I_O)         0.096     3.551 r  CLK100MHZ_IBUF_BUFG_inst/O
                         net (fo=49, routed)          1.543     5.094    top_inst/custom_ops_inst/CLK
    SLICE_X15Y69         FDRE                                         r  top_inst/custom_ops_inst/result_buf_reg[1]/C
  -------------------------------------------------------------------    -------------------
    SLICE_X15Y69         FDRE (Prop_fdre_C_Q)         0.456     5.550 r  top_inst/custom_ops_inst/result_buf_reg[1]/Q
                         net (fo=1, routed)           3.504     9.055    led_OBUF[1]
    J5                   OBUF (Prop_obuf_I_O)         3.507    12.562 r  led_OBUF[1]_inst/O
                         net (fo=0)                   0.000    12.562    led[1]
    J5                                                                r  led[1] (OUT)
  -------------------------------------------------------------------    -------------------

Slack:                    inf
  Source:                 top_inst/custom_ops_inst/result_buf_reg[6]/C
                            (rising edge-triggered cell FDRE clocked by sys_clk_pin  {rise@0.000ns fall@5.000ns period=10.000ns})
  Destination:            led2_r
                            (output port)
  Path Group:             (none)
  Path Type:              Max at Slow Process Corner
  Data Path Delay:        7.291ns  (logic 3.976ns (54.534%)  route 3.315ns (45.466%))
  Logic Levels:           1  (OBUF=1)
  Clock Uncertainty:      0.025ns  ((TSJ^2 + TIJ^2)^1/2 + DJ) / 2 + PE
    Total System Jitter     (TSJ):    0.050ns
    Total Input Jitter      (TIJ):    0.000ns
    Discrete Jitter          (DJ):    0.000ns
    Phase Error              (PE):    0.000ns

    Location             Delay type                Incr(ns)  Path(ns)    Netlist Resource(s)
  -------------------------------------------------------------------    -------------------
                         (clock sys_clk_pin rise edge)
                                                      0.000     0.000 r  
    E3                                                0.000     0.000 r  CLK100MHZ (IN)
                         net (fo=0)                   0.000     0.000    CLK100MHZ
    E3                   IBUF (Prop_ibuf_I_O)         1.489     1.489 r  CLK100MHZ_IBUF_inst/O
                         net (fo=1, routed)           1.967     3.455    CLK100MHZ_IBUF
    BUFGCTRL_X0Y16       BUFG (Prop_bufg_I_O)         0.096     3.551 r  CLK100MHZ_IBUF_BUFG_inst/O
                         net (fo=49, routed)          1.546     5.097    top_inst/custom_ops_inst/CLK
    SLICE_X15Y67         FDRE                                         r  top_inst/custom_ops_inst/result_buf_reg[6]/C
  -------------------------------------------------------------------    -------------------
    SLICE_X15Y67         FDRE (Prop_fdre_C_Q)         0.456     5.553 r  top_inst/custom_ops_inst/result_buf_reg[6]/Q
                         net (fo=1, routed)           3.315     8.868    led2_r_OBUF
    J3                   OBUF (Prop_obuf_I_O)         3.520    12.389 r  led2_r_OBUF_inst/O
                         net (fo=0)                   0.000    12.389    led2_r
    J3                                                                r  led2_r (OUT)
  -------------------------------------------------------------------    -------------------

Slack:                    inf
  Source:                 top_inst/custom_ops_inst/result_buf_reg[5]/C
                            (rising edge-triggered cell FDRE clocked by sys_clk_pin  {rise@0.000ns fall@5.000ns period=10.000ns})
  Destination:            led1_r
                            (output port)
  Path Group:             (none)
  Path Type:              Max at Slow Process Corner
  Data Path Delay:        7.271ns  (logic 4.135ns (56.874%)  route 3.136ns (43.126%))
  Logic Levels:           1  (OBUF=1)
  Clock Uncertainty:      0.025ns  ((TSJ^2 + TIJ^2)^1/2 + DJ) / 2 + PE
    Total System Jitter     (TSJ):    0.050ns
    Total Input Jitter      (TIJ):    0.000ns
    Discrete Jitter          (DJ):    0.000ns
    Phase Error              (PE):    0.000ns

    Location             Delay type                Incr(ns)  Path(ns)    Netlist Resource(s)
  -------------------------------------------------------------------    -------------------
                         (clock sys_clk_pin rise edge)
                                                      0.000     0.000 r  
    E3                                                0.000     0.000 r  CLK100MHZ (IN)
                         net (fo=0)                   0.000     0.000    CLK100MHZ
    E3                   IBUF (Prop_ibuf_I_O)         1.489     1.489 r  CLK100MHZ_IBUF_inst/O
                         net (fo=1, routed)           1.967     3.455    CLK100MHZ_IBUF
    BUFGCTRL_X0Y16       BUFG (Prop_bufg_I_O)         0.096     3.551 r  CLK100MHZ_IBUF_BUFG_inst/O
                         net (fo=49, routed)          1.546     5.097    top_inst/custom_ops_inst/CLK
    SLICE_X13Y67         FDRE                                         r  top_inst/custom_ops_inst/result_buf_reg[5]/C
  -------------------------------------------------------------------    -------------------
    SLICE_X13Y67         FDRE (Prop_fdre_C_Q)         0.419     5.516 r  top_inst/custom_ops_inst/result_buf_reg[5]/Q
                         net (fo=1, routed)           3.136     8.652    led1_r_OBUF
    G3                   OBUF (Prop_obuf_I_O)         3.716    12.368 r  led1_r_OBUF_inst/O
                         net (fo=0)                   0.000    12.368    led1_r
    G3                                                                r  led1_r (OUT)
  -------------------------------------------------------------------    -------------------

Slack:                    inf
  Source:                 top_inst/custom_ops_inst/result_buf_reg[0]/C
                            (rising edge-triggered cell FDRE clocked by sys_clk_pin  {rise@0.000ns fall@5.000ns period=10.000ns})
  Destination:            led[0]
                            (output port)
  Path Group:             (none)
  Path Type:              Max at Slow Process Corner
  Data Path Delay:        7.177ns  (logic 3.981ns (55.478%)  route 3.195ns (44.522%))
  Logic Levels:           1  (OBUF=1)
  Clock Uncertainty:      0.025ns  ((TSJ^2 + TIJ^2)^1/2 + DJ) / 2 + PE
    Total System Jitter     (TSJ):    0.050ns
    Total Input Jitter      (TIJ):    0.000ns
    Discrete Jitter          (DJ):    0.000ns
    Phase Error              (PE):    0.000ns

    Location             Delay type                Incr(ns)  Path(ns)    Netlist Resource(s)
  -------------------------------------------------------------------    -------------------
                         (clock sys_clk_pin rise edge)
                                                      0.000     0.000 r  
    E3                                                0.000     0.000 r  CLK100MHZ (IN)
                         net (fo=0)                   0.000     0.000    CLK100MHZ
    E3                   IBUF (Prop_ibuf_I_O)         1.489     1.489 r  CLK100MHZ_IBUF_inst/O
                         net (fo=1, routed)           1.967     3.455    CLK100MHZ_IBUF
    BUFGCTRL_X0Y16       BUFG (Prop_bufg_I_O)         0.096     3.551 r  CLK100MHZ_IBUF_BUFG_inst/O
                         net (fo=49, routed)          1.546     5.097    top_inst/custom_ops_inst/CLK
    SLICE_X15Y67         FDRE                                         r  top_inst/custom_ops_inst/result_buf_reg[0]/C
  -------------------------------------------------------------------    -------------------
    SLICE_X15Y67         FDRE (Prop_fdre_C_Q)         0.456     5.553 r  top_inst/custom_ops_inst/result_buf_reg[0]/Q
                         net (fo=1, routed)           3.195     8.749    led_OBUF[0]
    H5                   OBUF (Prop_obuf_I_O)         3.525    12.274 r  led_OBUF[0]_inst/O
                         net (fo=0)                   0.000    12.274    led[0]
    H5                                                                r  led[0] (OUT)
  -------------------------------------------------------------------    -------------------





Min Delay Paths
--------------------------------------------------------------------------------------
Slack:                    inf
  Source:                 top_inst/custom_ops_inst/result_buf_reg[4]/C
                            (rising edge-triggered cell FDRE clocked by sys_clk_pin  {rise@0.000ns fall@5.000ns period=10.000ns})
  Destination:            led0_r
                            (output port)
  Path Group:             (none)
  Path Type:              Min at Fast Process Corner
  Data Path Delay:        2.394ns  (logic 1.380ns (57.659%)  route 1.014ns (42.341%))
  Logic Levels:           1  (OBUF=1)
  Clock Uncertainty:      0.025ns  ((TSJ^2 + TIJ^2)^1/2 + DJ) / 2 + PE
    Total System Jitter     (TSJ):    0.050ns
    Total Input Jitter      (TIJ):    0.000ns
    Discrete Jitter          (DJ):    0.000ns
    Phase Error              (PE):    0.000ns

    Location             Delay type                Incr(ns)  Path(ns)    Netlist Resource(s)
  -------------------------------------------------------------------    -------------------
                         (clock sys_clk_pin rise edge)
                                                      0.000     0.000 r  
    E3                                                0.000     0.000 r  CLK100MHZ (IN)
                         net (fo=0)                   0.000     0.000    CLK100MHZ
    E3                   IBUF (Prop_ibuf_I_O)         0.257     0.257 r  CLK100MHZ_IBUF_inst/O
                         net (fo=1, routed)           0.631     0.888    CLK100MHZ_IBUF
    BUFGCTRL_X0Y16       BUFG (Prop_bufg_I_O)         0.026     0.914 r  CLK100MHZ_IBUF_BUFG_inst/O
                         net (fo=49, routed)          0.554     1.467    top_inst/custom_ops_inst/CLK
    SLICE_X15Y69         FDRE                                         r  top_inst/custom_ops_inst/result_buf_reg[4]/C
  -------------------------------------------------------------------    -------------------
    SLICE_X15Y69         FDRE (Prop_fdre_C_Q)         0.141     1.608 r  top_inst/custom_ops_inst/result_buf_reg[4]/Q
                         net (fo=1, routed)           1.014     2.622    led0_r_OBUF
    G6                   OBUF (Prop_obuf_I_O)         1.239     3.861 r  led0_r_OBUF_inst/O
                         net (fo=0)                   0.000     3.861    led0_r
    G6                                                                r  led0_r (OUT)
  -------------------------------------------------------------------    -------------------

Slack:                    inf
  Source:                 top_inst/custom_ops_inst/result_buf_reg[0]/C
                            (rising edge-triggered cell FDRE clocked by sys_clk_pin  {rise@0.000ns fall@5.000ns period=10.000ns})
  Destination:            led[0]
                            (output port)
  Path Group:             (none)
  Path Type:              Min at Fast Process Corner
  Data Path Delay:        2.429ns  (logic 1.367ns (56.282%)  route 1.062ns (43.718%))
  Logic Levels:           1  (OBUF=1)
  Clock Uncertainty:      0.025ns  ((TSJ^2 + TIJ^2)^1/2 + DJ) / 2 + PE
    Total System Jitter     (TSJ):    0.050ns
    Total Input Jitter      (TIJ):    0.000ns
    Discrete Jitter          (DJ):    0.000ns
    Phase Error              (PE):    0.000ns

    Location             Delay type                Incr(ns)  Path(ns)    Netlist Resource(s)
  -------------------------------------------------------------------    -------------------
                         (clock sys_clk_pin rise edge)
                                                      0.000     0.000 r  
    E3                                                0.000     0.000 r  CLK100MHZ (IN)
                         net (fo=0)                   0.000     0.000    CLK100MHZ
    E3                   IBUF (Prop_ibuf_I_O)         0.257     0.257 r  CLK100MHZ_IBUF_inst/O
                         net (fo=1, routed)           0.631     0.888    CLK100MHZ_IBUF
    BUFGCTRL_X0Y16       BUFG (Prop_bufg_I_O)         0.026     0.914 r  CLK100MHZ_IBUF_BUFG_inst/O
                         net (fo=49, routed)          0.556     1.469    top_inst/custom_ops_inst/CLK
    SLICE_X15Y67         FDRE                                         r  top_inst/custom_ops_inst/result_buf_reg[0]/C
  -------------------------------------------------------------------    -------------------
    SLICE_X15Y67         FDRE (Prop_fdre_C_Q)         0.141     1.610 r  top_inst/custom_ops_inst/result_buf_reg[0]/Q
                         net (fo=1, routed)           1.062     2.673    led_OBUF[0]
    H5                   OBUF (Prop_obuf_I_O)         1.226     3.899 r  led_OBUF[0]_inst/O
                         net (fo=0)                   0.000     3.899    led[0]
    H5                                                                r  led[0] (OUT)
  -------------------------------------------------------------------    -------------------

Slack:                    inf
  Source:                 top_inst/custom_ops_inst/result_buf_reg[5]/C
                            (rising edge-triggered cell FDRE clocked by sys_clk_pin  {rise@0.000ns fall@5.000ns period=10.000ns})
  Destination:            led1_r
                            (output port)
  Path Group:             (none)
  Path Type:              Min at Fast Process Corner
  Data Path Delay:        2.461ns  (logic 1.424ns (57.872%)  route 1.037ns (42.128%))
  Logic Levels:           1  (OBUF=1)
  Clock Uncertainty:      0.025ns  ((TSJ^2 + TIJ^2)^1/2 + DJ) / 2 + PE
    Total System Jitter     (TSJ):    0.050ns
    Total Input Jitter      (TIJ):    0.000ns
    Discrete Jitter          (DJ):    0.000ns
    Phase Error              (PE):    0.000ns

    Location             Delay type                Incr(ns)  Path(ns)    Netlist Resource(s)
  -------------------------------------------------------------------    -------------------
                         (clock sys_clk_pin rise edge)
                                                      0.000     0.000 r  
    E3                                                0.000     0.000 r  CLK100MHZ (IN)
                         net (fo=0)                   0.000     0.000    CLK100MHZ
    E3                   IBUF (Prop_ibuf_I_O)         0.257     0.257 r  CLK100MHZ_IBUF_inst/O
                         net (fo=1, routed)           0.631     0.888    CLK100MHZ_IBUF
    BUFGCTRL_X0Y16       BUFG (Prop_bufg_I_O)         0.026     0.914 r  CLK100MHZ_IBUF_BUFG_inst/O
                         net (fo=49, routed)          0.556     1.469    top_inst/custom_ops_inst/CLK
    SLICE_X13Y67         FDRE                                         r  top_inst/custom_ops_inst/result_buf_reg[5]/C
  -------------------------------------------------------------------    -------------------
    SLICE_X13Y67         FDRE (Prop_fdre_C_Q)         0.128     1.597 r  top_inst/custom_ops_inst/result_buf_reg[5]/Q
                         net (fo=1, routed)           1.037     2.634    led1_r_OBUF
    G3                   OBUF (Prop_obuf_I_O)         1.296     3.930 r  led1_r_OBUF_inst/O
                         net (fo=0)                   0.000     3.930    led1_r
    G3                                                                r  led1_r (OUT)
  -------------------------------------------------------------------    -------------------

Slack:                    inf
  Source:                 top_inst/custom_ops_inst/result_buf_reg[6]/C
                            (rising edge-triggered cell FDRE clocked by sys_clk_pin  {rise@0.000ns fall@5.000ns period=10.000ns})
  Destination:            led2_r
                            (output port)
  Path Group:             (none)
  Path Type:              Min at Fast Process Corner
  Data Path Delay:        2.466ns  (logic 1.362ns (55.233%)  route 1.104ns (44.767%))
  Logic Levels:           1  (OBUF=1)
  Clock Uncertainty:      0.025ns  ((TSJ^2 + TIJ^2)^1/2 + DJ) / 2 + PE
    Total System Jitter     (TSJ):    0.050ns
    Total Input Jitter      (TIJ):    0.000ns
    Discrete Jitter          (DJ):    0.000ns
    Phase Error              (PE):    0.000ns

    Location             Delay type                Incr(ns)  Path(ns)    Netlist Resource(s)
  -------------------------------------------------------------------    -------------------
                         (clock sys_clk_pin rise edge)
                                                      0.000     0.000 r  
    E3                                                0.000     0.000 r  CLK100MHZ (IN)
                         net (fo=0)                   0.000     0.000    CLK100MHZ
    E3                   IBUF (Prop_ibuf_I_O)         0.257     0.257 r  CLK100MHZ_IBUF_inst/O
                         net (fo=1, routed)           0.631     0.888    CLK100MHZ_IBUF
    BUFGCTRL_X0Y16       BUFG (Prop_bufg_I_O)         0.026     0.914 r  CLK100MHZ_IBUF_BUFG_inst/O
                         net (fo=49, routed)          0.556     1.469    top_inst/custom_ops_inst/CLK
    SLICE_X15Y67         FDRE                                         r  top_inst/custom_ops_inst/result_buf_reg[6]/C
  -------------------------------------------------------------------    -------------------
    SLICE_X15Y67         FDRE (Prop_fdre_C_Q)         0.141     1.610 r  top_inst/custom_ops_inst/result_buf_reg[6]/Q
                         net (fo=1, routed)           1.104     2.714    led2_r_OBUF
    J3                   OBUF (Prop_obuf_I_O)         1.221     3.936 r  led2_r_OBUF_inst/O
                         net (fo=0)                   0.000     3.936    led2_r
    J3                                                                r  led2_r (OUT)
  -------------------------------------------------------------------    -------------------

Slack:                    inf
  Source:                 top_inst/custom_ops_inst/result_buf_reg[1]/C
                            (rising edge-triggered cell FDRE clocked by sys_clk_pin  {rise@0.000ns fall@5.000ns period=10.000ns})
  Destination:            led[1]
                            (output port)
  Path Group:             (none)
  Path Type:              Min at Fast Process Corner
  Data Path Delay:        2.522ns  (logic 1.349ns (53.511%)  route 1.172ns (46.489%))
  Logic Levels:           1  (OBUF=1)
  Clock Uncertainty:      0.025ns  ((TSJ^2 + TIJ^2)^1/2 + DJ) / 2 + PE
    Total System Jitter     (TSJ):    0.050ns
    Total Input Jitter      (TIJ):    0.000ns
    Discrete Jitter          (DJ):    0.000ns
    Phase Error              (PE):    0.000ns

    Location             Delay type                Incr(ns)  Path(ns)    Netlist Resource(s)
  -------------------------------------------------------------------    -------------------
                         (clock sys_clk_pin rise edge)
                                                      0.000     0.000 r  
    E3                                                0.000     0.000 r  CLK100MHZ (IN)
                         net (fo=0)                   0.000     0.000    CLK100MHZ
    E3                   IBUF (Prop_ibuf_I_O)         0.257     0.257 r  CLK100MHZ_IBUF_inst/O
                         net (fo=1, routed)           0.631     0.888    CLK100MHZ_IBUF
    BUFGCTRL_X0Y16       BUFG (Prop_bufg_I_O)         0.026     0.914 r  CLK100MHZ_IBUF_BUFG_inst/O
                         net (fo=49, routed)          0.554     1.467    top_inst/custom_ops_inst/CLK
    SLICE_X15Y69         FDRE                                         r  top_inst/custom_ops_inst/result_buf_reg[1]/C
  -------------------------------------------------------------------    -------------------
    SLICE_X15Y69         FDRE (Prop_fdre_C_Q)         0.141     1.608 r  top_inst/custom_ops_inst/result_buf_reg[1]/Q
                         net (fo=1, routed)           1.172     2.781    led_OBUF[1]
    J5                   OBUF (Prop_obuf_I_O)         1.208     3.989 r  led_OBUF[1]_inst/O
                         net (fo=0)                   0.000     3.989    led[1]
    J5                                                                r  led[1] (OUT)
  -------------------------------------------------------------------    -------------------

Slack:                    inf
  Source:                 top_inst/custom_ops_inst/result_buf_reg[7]/C
                            (rising edge-triggered cell FDRE clocked by sys_clk_pin  {rise@0.000ns fall@5.000ns period=10.000ns})
  Destination:            led3_r
                            (output port)
  Path Group:             (none)
  Path Type:              Min at Fast Process Corner
  Data Path Delay:        2.537ns  (logic 1.409ns (55.519%)  route 1.129ns (44.481%))
  Logic Levels:           1  (OBUF=1)
  Clock Uncertainty:      0.025ns  ((TSJ^2 + TIJ^2)^1/2 + DJ) / 2 + PE
    Total System Jitter     (TSJ):    0.050ns
    Total Input Jitter      (TIJ):    0.000ns
    Discrete Jitter          (DJ):    0.000ns
    Phase Error              (PE):    0.000ns

    Location             Delay type                Incr(ns)  Path(ns)    Netlist Resource(s)
  -------------------------------------------------------------------    -------------------
                         (clock sys_clk_pin rise edge)
                                                      0.000     0.000 r  
    E3                                                0.000     0.000 r  CLK100MHZ (IN)
                         net (fo=0)                   0.000     0.000    CLK100MHZ
    E3                   IBUF (Prop_ibuf_I_O)         0.257     0.257 r  CLK100MHZ_IBUF_inst/O
                         net (fo=1, routed)           0.631     0.888    CLK100MHZ_IBUF
    BUFGCTRL_X0Y16       BUFG (Prop_bufg_I_O)         0.026     0.914 r  CLK100MHZ_IBUF_BUFG_inst/O
                         net (fo=49, routed)          0.556     1.469    top_inst/custom_ops_inst/CLK
    SLICE_X15Y67         FDRE                                         r  top_inst/custom_ops_inst/result_buf_reg[7]/C
  -------------------------------------------------------------------    -------------------
    SLICE_X15Y67         FDRE (Prop_fdre_C_Q)         0.128     1.597 r  top_inst/custom_ops_inst/result_buf_reg[7]/Q
                         net (fo=1, routed)           1.129     2.726    led3_r_OBUF
    K1                   OBUF (Prop_obuf_I_O)         1.281     4.007 r  led3_r_OBUF_inst/O
                         net (fo=0)                   0.000     4.007    led3_r
    K1                                                                r  led3_r (OUT)
  -------------------------------------------------------------------    -------------------

Slack:                    inf
  Source:                 top_inst/custom_ops_inst/result_buf_reg[3]/C
                            (rising edge-triggered cell FDRE clocked by sys_clk_pin  {rise@0.000ns fall@5.000ns period=10.000ns})
  Destination:            led[3]
                            (output port)
  Path Group:             (none)
  Path Type:              Min at Fast Process Corner
  Data Path Delay:        2.562ns  (logic 1.404ns (54.818%)  route 1.157ns (45.182%))
  Logic Levels:           1  (OBUF=1)
  Clock Uncertainty:      0.025ns  ((TSJ^2 + TIJ^2)^1/2 + DJ) / 2 + PE
    Total System Jitter     (TSJ):    0.050ns
    Total Input Jitter      (TIJ):    0.000ns
    Discrete Jitter          (DJ):    0.000ns
    Phase Error              (PE):    0.000ns

    Location             Delay type                Incr(ns)  Path(ns)    Netlist Resource(s)
  -------------------------------------------------------------------    -------------------
                         (clock sys_clk_pin rise edge)
                                                      0.000     0.000 r  
    E3                                                0.000     0.000 r  CLK100MHZ (IN)
                         net (fo=0)                   0.000     0.000    CLK100MHZ
    E3                   IBUF (Prop_ibuf_I_O)         0.257     0.257 r  CLK100MHZ_IBUF_inst/O
                         net (fo=1, routed)           0.631     0.888    CLK100MHZ_IBUF
    BUFGCTRL_X0Y16       BUFG (Prop_bufg_I_O)         0.026     0.914 r  CLK100MHZ_IBUF_BUFG_inst/O
                         net (fo=49, routed)          0.556     1.469    top_inst/custom_ops_inst/CLK
    SLICE_X14Y67         FDRE                                         r  top_inst/custom_ops_inst/result_buf_reg[3]/C
  -------------------------------------------------------------------    -------------------
    SLICE_X14Y67         FDRE (Prop_fdre_C_Q)         0.164     1.633 r  top_inst/custom_ops_inst/result_buf_reg[3]/Q
                         net (fo=1, routed)           1.157     2.791    led_OBUF[3]
    T10                  OBUF (Prop_obuf_I_O)         1.240     4.031 r  led_OBUF[3]_inst/O
                         net (fo=0)                   0.000     4.031    led[3]
    T10                                                               r  led[3] (OUT)
  -------------------------------------------------------------------    -------------------

Slack:                    inf
  Source:                 top_inst/custom_ops_inst/RES_VALID_reg/C
                            (rising edge-triggered cell FDRE clocked by sys_clk_pin  {rise@0.000ns fall@5.000ns period=10.000ns})
  Destination:            led3_g
                            (output port)
  Path Group:             (none)
  Path Type:              Min at Fast Process Corner
  Data Path Delay:        2.568ns  (logic 1.387ns (54.014%)  route 1.181ns (45.986%))
  Logic Levels:           1  (OBUF=1)
  Clock Uncertainty:      0.025ns  ((TSJ^2 + TIJ^2)^1/2 + DJ) / 2 + PE
    Total System Jitter     (TSJ):    0.050ns
    Total Input Jitter      (TIJ):    0.000ns
    Discrete Jitter          (DJ):    0.000ns
    Phase Error              (PE):    0.000ns

    Location             Delay type                Incr(ns)  Path(ns)    Netlist Resource(s)
  -------------------------------------------------------------------    -------------------
                         (clock sys_clk_pin rise edge)
                                                      0.000     0.000 r  
    E3                                                0.000     0.000 r  CLK100MHZ (IN)
                         net (fo=0)                   0.000     0.000    CLK100MHZ
    E3                   IBUF (Prop_ibuf_I_O)         0.257     0.257 r  CLK100MHZ_IBUF_inst/O
                         net (fo=1, routed)           0.631     0.888    CLK100MHZ_IBUF
    BUFGCTRL_X0Y16       BUFG (Prop_bufg_I_O)         0.026     0.914 r  CLK100MHZ_IBUF_BUFG_inst/O
                         net (fo=49, routed)          0.552     1.465    top_inst/custom_ops_inst/CLK
    SLICE_X12Y71         FDRE                                         r  top_inst/custom_ops_inst/RES_VALID_reg/C
  -------------------------------------------------------------------    -------------------
    SLICE_X12Y71         FDRE (Prop_fdre_C_Q)         0.164     1.629 r  top_inst/custom_ops_inst/RES_VALID_reg/Q
                         net (fo=1, routed)           1.181     2.810    led3_g_OBUF
    H6                   OBUF (Prop_obuf_I_O)         1.223     4.034 r  led3_g_OBUF_inst/O
                         net (fo=0)                   0.000     4.034    led3_g
    H6                                                                r  led3_g (OUT)
  -------------------------------------------------------------------    -------------------

Slack:                    inf
  Source:                 top_inst/mem_ctrl/buf_b/buf_reg[3]/C
                            (rising edge-triggered cell FDRE clocked by sys_clk_pin  {rise@0.000ns fall@5.000ns period=10.000ns})
  Destination:            led0_b
                            (output port)
  Path Group:             (none)
  Path Type:              Min at Fast Process Corner
  Data Path Delay:        2.683ns  (logic 1.431ns (53.350%)  route 1.252ns (46.650%))
  Logic Levels:           2  (LUT6=1 OBUF=1)
  Clock Uncertainty:      0.025ns  ((TSJ^2 + TIJ^2)^1/2 + DJ) / 2 + PE
    Total System Jitter     (TSJ):    0.050ns
    Total Input Jitter      (TIJ):    0.000ns
    Discrete Jitter          (DJ):    0.000ns
    Phase Error              (PE):    0.000ns

    Location             Delay type                Incr(ns)  Path(ns)    Netlist Resource(s)
  -------------------------------------------------------------------    -------------------
                         (clock sys_clk_pin rise edge)
                                                      0.000     0.000 r  
    E3                                                0.000     0.000 r  CLK100MHZ (IN)
                         net (fo=0)                   0.000     0.000    CLK100MHZ
    E3                   IBUF (Prop_ibuf_I_O)         0.257     0.257 r  CLK100MHZ_IBUF_inst/O
                         net (fo=1, routed)           0.631     0.888    CLK100MHZ_IBUF
    BUFGCTRL_X0Y16       BUFG (Prop_bufg_I_O)         0.026     0.914 r  CLK100MHZ_IBUF_BUFG_inst/O
                         net (fo=49, routed)          0.552     1.465    top_inst/mem_ctrl/buf_b/CLK
    SLICE_X13Y71         FDRE                                         r  top_inst/mem_ctrl/buf_b/buf_reg[3]/C
  -------------------------------------------------------------------    -------------------
    SLICE_X13Y71         FDRE (Prop_fdre_C_Q)         0.141     1.606 r  top_inst/mem_ctrl/buf_b/buf_reg[3]/Q
                         net (fo=7, routed)           0.269     1.875    top_inst/mem_ctrl/reg_sel_fct/buf_reg[3][3]
    SLICE_X12Y69         LUT6 (Prop_lut6_I0_O)        0.045     1.920 r  top_inst/mem_ctrl/reg_sel_fct/led0_b_OBUF_inst_i_1/O
                         net (fo=1, routed)           0.983     2.903    led0_b_OBUF
    E1                   OBUF (Prop_obuf_I_O)         1.245     4.149 r  led0_b_OBUF_inst/O
                         net (fo=0)                   0.000     4.149    led0_b
    E1                                                                r  led0_b (OUT)
  -------------------------------------------------------------------    -------------------

Slack:                    inf
  Source:                 top_inst/mem_ctrl/reg_sel_fct/reg_reg[1]/C
                            (rising edge-triggered cell FDRE clocked by sys_clk_pin  {rise@0.000ns fall@5.000ns period=10.000ns})
  Destination:            led1_b
                            (output port)
  Path Group:             (none)
  Path Type:              Min at Fast Process Corner
  Data Path Delay:        2.701ns  (logic 1.456ns (53.886%)  route 1.246ns (46.114%))
  Logic Levels:           2  (LUT6=1 OBUF=1)
  Clock Uncertainty:      0.025ns  ((TSJ^2 + TIJ^2)^1/2 + DJ) / 2 + PE
    Total System Jitter     (TSJ):    0.050ns
    Total Input Jitter      (TIJ):    0.000ns
    Discrete Jitter          (DJ):    0.000ns
    Phase Error              (PE):    0.000ns

    Location             Delay type                Incr(ns)  Path(ns)    Netlist Resource(s)
  -------------------------------------------------------------------    -------------------
                         (clock sys_clk_pin rise edge)
                                                      0.000     0.000 r  
    E3                                                0.000     0.000 r  CLK100MHZ (IN)
                         net (fo=0)                   0.000     0.000    CLK100MHZ
    E3                   IBUF (Prop_ibuf_I_O)         0.257     0.257 r  CLK100MHZ_IBUF_inst/O
                         net (fo=1, routed)           0.631     0.888    CLK100MHZ_IBUF
    BUFGCTRL_X0Y16       BUFG (Prop_bufg_I_O)         0.026     0.914 r  CLK100MHZ_IBUF_BUFG_inst/O
                         net (fo=49, routed)          0.552     1.465    top_inst/mem_ctrl/reg_sel_fct/CLK
    SLICE_X10Y71         FDRE                                         r  top_inst/mem_ctrl/reg_sel_fct/reg_reg[1]/C
  -------------------------------------------------------------------    -------------------
    SLICE_X10Y71         FDRE (Prop_fdre_C_Q)         0.164     1.629 r  top_inst/mem_ctrl/reg_sel_fct/reg_reg[1]/Q
                         net (fo=16, routed)          0.307     1.936    top_inst/mem_ctrl/reg_sel_fct/Q[1]
    SLICE_X13Y69         LUT6 (Prop_lut6_I1_O)        0.045     1.981 r  top_inst/mem_ctrl/reg_sel_fct/led1_b_OBUF_inst_i_1/O
                         net (fo=1, routed)           0.939     2.920    led1_b_OBUF
    G4                   OBUF (Prop_obuf_I_O)         1.247     4.167 r  led1_b_OBUF_inst/O
                         net (fo=0)                   0.000     4.167    led1_b
    G4                                                                r  led1_b (OUT)
  -------------------------------------------------------------------    -------------------





--------------------------------------------------------------------------------------
Path Group:  (none)
From Clock:  
  To Clock:  sys_clk_pin

Max Delay            72 Endpoints
Min Delay            72 Endpoints
--------------------------------------------------------------------------------------


Max Delay Paths
--------------------------------------------------------------------------------------
Slack:                    inf
  Source:                 btn[3]
                            (input port)
  Destination:            top_inst/custom_ops_inst/result_buf_reg[3]/CE
                            (rising edge-triggered cell FDRE clocked by sys_clk_pin  {rise@0.000ns fall@5.000ns period=10.000ns})
  Path Group:             (none)
  Path Type:              Setup (Max at Slow Process Corner)
  Data Path Delay:        8.145ns  (logic 2.021ns (24.814%)  route 6.124ns (75.186%))
  Logic Levels:           3  (IBUF=1 LUT2=1 LUT6=1)
  Clock Path Skew:        4.800ns (DCD - SCD + CPR)
    Destination Clock Delay (DCD):    4.800ns
    Source Clock Delay      (SCD):    0.000ns
    Clock Pessimism Removal (CPR):    0.000ns
  Clock Uncertainty:      0.025ns  ((TSJ^2 + TIJ^2)^1/2 + DJ) / 2 + PE
    Total System Jitter     (TSJ):    0.050ns
    Total Input Jitter      (TIJ):    0.000ns
    Discrete Jitter          (DJ):    0.000ns
    Phase Error              (PE):    0.000ns

    Location             Delay type                Incr(ns)  Path(ns)    Netlist Resource(s)
  -------------------------------------------------------------------    -------------------
    B8                                                0.000     0.000 r  btn[3] (IN)
                         net (fo=0)                   0.000     0.000    btn[3]
    B8                   IBUF (Prop_ibuf_I_O)         1.537     1.537 r  btn_IBUF[3]_inst/O
                         net (fo=9, routed)           4.310     5.847    top_inst/custom_ops_inst/btn_IBUF[3]
    SLICE_X12Y71         LUT2 (Prop_lut2_I0_O)        0.153     6.000 f  top_inst/custom_ops_inst/FSM_onehot_state[2]_i_2/O
                         net (fo=6, routed)           0.889     6.890    top_inst/custom_ops_inst/btn[3]
    SLICE_X12Y70         LUT6 (Prop_lut6_I2_O)        0.331     7.221 r  top_inst/custom_ops_inst/result_buf[7]_i_1/O
                         net (fo=8, routed)           0.924     8.145    top_inst/custom_ops_inst/result_buf[7]_i_1_n_0
    SLICE_X14Y67         FDRE                                         r  top_inst/custom_ops_inst/result_buf_reg[3]/CE
  -------------------------------------------------------------------    -------------------

                         (clock sys_clk_pin rise edge)
                                                      0.000     0.000 r  
    E3                                                0.000     0.000 r  CLK100MHZ (IN)
                         net (fo=0)                   0.000     0.000    CLK100MHZ
    E3                   IBUF (Prop_ibuf_I_O)         1.418     1.418 r  CLK100MHZ_IBUF_inst/O
                         net (fo=1, routed)           1.862     3.280    CLK100MHZ_IBUF
    BUFGCTRL_X0Y16       BUFG (Prop_bufg_I_O)         0.091     3.371 r  CLK100MHZ_IBUF_BUFG_inst/O
                         net (fo=49, routed)          1.429     4.800    top_inst/custom_ops_inst/CLK
    SLICE_X14Y67         FDRE                                         r  top_inst/custom_ops_inst/result_buf_reg[3]/C

Slack:                    inf
  Source:                 btn[3]
                            (input port)
  Destination:            top_inst/mem_ctrl/buf_b/buf_reg[3]/D
                            (rising edge-triggered cell FDRE clocked by sys_clk_pin  {rise@0.000ns fall@5.000ns period=10.000ns})
  Path Group:             (none)
  Path Type:              Setup (Max at Slow Process Corner)
  Data Path Delay:        8.087ns  (logic 2.269ns (28.059%)  route 5.818ns (71.941%))
  Logic Levels:           5  (IBUF=1 LUT2=1 LUT6=3)
  Clock Path Skew:        4.796ns (DCD - SCD + CPR)
    Destination Clock Delay (DCD):    4.796ns
    Source Clock Delay      (SCD):    0.000ns
    Clock Pessimism Removal (CPR):    0.000ns
  Clock Uncertainty:      0.025ns  ((TSJ^2 + TIJ^2)^1/2 + DJ) / 2 + PE
    Total System Jitter     (TSJ):    0.050ns
    Total Input Jitter      (TIJ):    0.000ns
    Discrete Jitter          (DJ):    0.000ns
    Phase Error              (PE):    0.000ns

    Location             Delay type                Incr(ns)  Path(ns)    Netlist Resource(s)
  -------------------------------------------------------------------    -------------------
    B8                                                0.000     0.000 r  btn[3] (IN)
                         net (fo=0)                   0.000     0.000    btn[3]
    B8                   IBUF (Prop_ibuf_I_O)         1.537     1.537 r  btn_IBUF[3]_inst/O
                         net (fo=9, routed)           4.310     5.847    top_inst/custom_ops_inst/btn_IBUF[3]
    SLICE_X12Y71         LUT2 (Prop_lut2_I0_O)        0.153     6.000 f  top_inst/custom_ops_inst/FSM_onehot_state[2]_i_2/O
                         net (fo=6, routed)           0.722     6.722    top_inst/mem_ctrl/buf_a/buf[2]_i_4
    SLICE_X12Y71         LUT6 (Prop_lut6_I3_O)        0.331     7.053 r  top_inst/mem_ctrl/buf_a/buf[3]_i_10/O
                         net (fo=2, routed)           0.352     7.406    top_inst/mem_ctrl/buf_a/buf_reg[1]_2
    SLICE_X13Y71         LUT6 (Prop_lut6_I1_O)        0.124     7.530 r  top_inst/mem_ctrl/buf_a/buf[3]_i_5/O
                         net (fo=1, routed)           0.433     7.963    top_inst/mem_ctrl/reg_sel_fct/buf_reg[3]_0
    SLICE_X13Y71         LUT6 (Prop_lut6_I2_O)        0.124     8.087 r  top_inst/mem_ctrl/reg_sel_fct/buf[3]_i_2/O
                         net (fo=1, routed)           0.000     8.087    top_inst/mem_ctrl/buf_b/D[3]
    SLICE_X13Y71         FDRE                                         r  top_inst/mem_ctrl/buf_b/buf_reg[3]/D
  -------------------------------------------------------------------    -------------------

                         (clock sys_clk_pin rise edge)
                                                      0.000     0.000 r  
    E3                                                0.000     0.000 r  CLK100MHZ (IN)
                         net (fo=0)                   0.000     0.000    CLK100MHZ
    E3                   IBUF (Prop_ibuf_I_O)         1.418     1.418 r  CLK100MHZ_IBUF_inst/O
                         net (fo=1, routed)           1.862     3.280    CLK100MHZ_IBUF
    BUFGCTRL_X0Y16       BUFG (Prop_bufg_I_O)         0.091     3.371 r  CLK100MHZ_IBUF_BUFG_inst/O
                         net (fo=49, routed)          1.425     4.796    top_inst/mem_ctrl/buf_b/CLK
    SLICE_X13Y71         FDRE                                         r  top_inst/mem_ctrl/buf_b/buf_reg[3]/C

Slack:                    inf
  Source:                 btn[3]
                            (input port)
  Destination:            top_inst/custom_ops_inst/b_stored_reg[1]/CE
                            (rising edge-triggered cell FDRE clocked by sys_clk_pin  {rise@0.000ns fall@5.000ns period=10.000ns})
  Path Group:             (none)
  Path Type:              Setup (Max at Slow Process Corner)
  Data Path Delay:        8.040ns  (logic 2.021ns (25.136%)  route 6.019ns (74.864%))
  Logic Levels:           3  (IBUF=1 LUT2=1 LUT6=1)
  Clock Path Skew:        4.797ns (DCD - SCD + CPR)
    Destination Clock Delay (DCD):    4.797ns
    Source Clock Delay      (SCD):    0.000ns
    Clock Pessimism Removal (CPR):    0.000ns
  Clock Uncertainty:      0.025ns  ((TSJ^2 + TIJ^2)^1/2 + DJ) / 2 + PE
    Total System Jitter     (TSJ):    0.050ns
    Total Input Jitter      (TIJ):    0.000ns
    Discrete Jitter          (DJ):    0.000ns
    Phase Error              (PE):    0.000ns

    Location             Delay type                Incr(ns)  Path(ns)    Netlist Resource(s)
  -------------------------------------------------------------------    -------------------
    B8                                                0.000     0.000 r  btn[3] (IN)
                         net (fo=0)                   0.000     0.000    btn[3]
    B8                   IBUF (Prop_ibuf_I_O)         1.537     1.537 r  btn_IBUF[3]_inst/O
                         net (fo=9, routed)           4.310     5.847    top_inst/custom_ops_inst/btn_IBUF[3]
    SLICE_X12Y71         LUT2 (Prop_lut2_I0_O)        0.153     6.000 f  top_inst/custom_ops_inst/FSM_onehot_state[2]_i_2/O
                         net (fo=6, routed)           0.870     6.871    top_inst/custom_ops_inst/btn[3]
    SLICE_X12Y70         LUT6 (Prop_lut6_I2_O)        0.331     7.202 r  top_inst/custom_ops_inst/b_stored[3]_i_1/O
                         net (fo=10, routed)          0.839     8.040    top_inst/custom_ops_inst/b_stored[3]_i_1_n_0
    SLICE_X13Y70         FDRE                                         r  top_inst/custom_ops_inst/b_stored_reg[1]/CE
  -------------------------------------------------------------------    -------------------

                         (clock sys_clk_pin rise edge)
                                                      0.000     0.000 r  
    E3                                                0.000     0.000 r  CLK100MHZ (IN)
                         net (fo=0)                   0.000     0.000    CLK100MHZ
    E3                   IBUF (Prop_ibuf_I_O)         1.418     1.418 r  CLK100MHZ_IBUF_inst/O
                         net (fo=1, routed)           1.862     3.280    CLK100MHZ_IBUF
    BUFGCTRL_X0Y16       BUFG (Prop_bufg_I_O)         0.091     3.371 r  CLK100MHZ_IBUF_BUFG_inst/O
                         net (fo=49, routed)          1.426     4.797    top_inst/custom_ops_inst/CLK
    SLICE_X13Y70         FDRE                                         r  top_inst/custom_ops_inst/b_stored_reg[1]/C

Slack:                    inf
  Source:                 btn[3]
                            (input port)
  Destination:            top_inst/custom_ops_inst/result_buf_reg[0]/CE
                            (rising edge-triggered cell FDRE clocked by sys_clk_pin  {rise@0.000ns fall@5.000ns period=10.000ns})
  Path Group:             (none)
  Path Type:              Setup (Max at Slow Process Corner)
  Data Path Delay:        7.956ns  (logic 2.021ns (25.404%)  route 5.935ns (74.596%))
  Logic Levels:           3  (IBUF=1 LUT2=1 LUT6=1)
  Clock Path Skew:        4.800ns (DCD - SCD + CPR)
    Destination Clock Delay (DCD):    4.800ns
    Source Clock Delay      (SCD):    0.000ns
    Clock Pessimism Removal (CPR):    0.000ns
  Clock Uncertainty:      0.025ns  ((TSJ^2 + TIJ^2)^1/2 + DJ) / 2 + PE
    Total System Jitter     (TSJ):    0.050ns
    Total Input Jitter      (TIJ):    0.000ns
    Discrete Jitter          (DJ):    0.000ns
    Phase Error              (PE):    0.000ns

    Location             Delay type                Incr(ns)  Path(ns)    Netlist Resource(s)
  -------------------------------------------------------------------    -------------------
    B8                                                0.000     0.000 r  btn[3] (IN)
                         net (fo=0)                   0.000     0.000    btn[3]
    B8                   IBUF (Prop_ibuf_I_O)         1.537     1.537 r  btn_IBUF[3]_inst/O
                         net (fo=9, routed)           4.310     5.847    top_inst/custom_ops_inst/btn_IBUF[3]
    SLICE_X12Y71         LUT2 (Prop_lut2_I0_O)        0.153     6.000 f  top_inst/custom_ops_inst/FSM_onehot_state[2]_i_2/O
                         net (fo=6, routed)           0.889     6.890    top_inst/custom_ops_inst/btn[3]
    SLICE_X12Y70         LUT6 (Prop_lut6_I2_O)        0.331     7.221 r  top_inst/custom_ops_inst/result_buf[7]_i_1/O
                         net (fo=8, routed)           0.735     7.956    top_inst/custom_ops_inst/result_buf[7]_i_1_n_0
    SLICE_X15Y67         FDRE                                         r  top_inst/custom_ops_inst/result_buf_reg[0]/CE
  -------------------------------------------------------------------    -------------------

                         (clock sys_clk_pin rise edge)
                                                      0.000     0.000 r  
    E3                                                0.000     0.000 r  CLK100MHZ (IN)
                         net (fo=0)                   0.000     0.000    CLK100MHZ
    E3                   IBUF (Prop_ibuf_I_O)         1.418     1.418 r  CLK100MHZ_IBUF_inst/O
                         net (fo=1, routed)           1.862     3.280    CLK100MHZ_IBUF
    BUFGCTRL_X0Y16       BUFG (Prop_bufg_I_O)         0.091     3.371 r  CLK100MHZ_IBUF_BUFG_inst/O
                         net (fo=49, routed)          1.429     4.800    top_inst/custom_ops_inst/CLK
    SLICE_X15Y67         FDRE                                         r  top_inst/custom_ops_inst/result_buf_reg[0]/C

Slack:                    inf
  Source:                 btn[3]
                            (input port)
  Destination:            top_inst/custom_ops_inst/result_buf_reg[6]/CE
                            (rising edge-triggered cell FDRE clocked by sys_clk_pin  {rise@0.000ns fall@5.000ns period=10.000ns})
  Path Group:             (none)
  Path Type:              Setup (Max at Slow Process Corner)
  Data Path Delay:        7.956ns  (logic 2.021ns (25.404%)  route 5.935ns (74.596%))
  Logic Levels:           3  (IBUF=1 LUT2=1 LUT6=1)
  Clock Path Skew:        4.800ns (DCD - SCD + CPR)
    Destination Clock Delay (DCD):    4.800ns
    Source Clock Delay      (SCD):    0.000ns
    Clock Pessimism Removal (CPR):    0.000ns
  Clock Uncertainty:      0.025ns  ((TSJ^2 + TIJ^2)^1/2 + DJ) / 2 + PE
    Total System Jitter     (TSJ):    0.050ns
    Total Input Jitter      (TIJ):    0.000ns
    Discrete Jitter          (DJ):    0.000ns
    Phase Error              (PE):    0.000ns

    Location             Delay type                Incr(ns)  Path(ns)    Netlist Resource(s)
  -------------------------------------------------------------------    -------------------
    B8                                                0.000     0.000 r  btn[3] (IN)
                         net (fo=0)                   0.000     0.000    btn[3]
    B8                   IBUF (Prop_ibuf_I_O)         1.537     1.537 r  btn_IBUF[3]_inst/O
                         net (fo=9, routed)           4.310     5.847    top_inst/custom_ops_inst/btn_IBUF[3]
    SLICE_X12Y71         LUT2 (Prop_lut2_I0_O)        0.153     6.000 f  top_inst/custom_ops_inst/FSM_onehot_state[2]_i_2/O
                         net (fo=6, routed)           0.889     6.890    top_inst/custom_ops_inst/btn[3]
    SLICE_X12Y70         LUT6 (Prop_lut6_I2_O)        0.331     7.221 r  top_inst/custom_ops_inst/result_buf[7]_i_1/O
                         net (fo=8, routed)           0.735     7.956    top_inst/custom_ops_inst/result_buf[7]_i_1_n_0
    SLICE_X15Y67         FDRE                                         r  top_inst/custom_ops_inst/result_buf_reg[6]/CE
  -------------------------------------------------------------------    -------------------

                         (clock sys_clk_pin rise edge)
                                                      0.000     0.000 r  
    E3                                                0.000     0.000 r  CLK100MHZ (IN)
                         net (fo=0)                   0.000     0.000    CLK100MHZ
    E3                   IBUF (Prop_ibuf_I_O)         1.418     1.418 r  CLK100MHZ_IBUF_inst/O
                         net (fo=1, routed)           1.862     3.280    CLK100MHZ_IBUF
    BUFGCTRL_X0Y16       BUFG (Prop_bufg_I_O)         0.091     3.371 r  CLK100MHZ_IBUF_BUFG_inst/O
                         net (fo=49, routed)          1.429     4.800    top_inst/custom_ops_inst/CLK
    SLICE_X15Y67         FDRE                                         r  top_inst/custom_ops_inst/result_buf_reg[6]/C

Slack:                    inf
  Source:                 btn[3]
                            (input port)
  Destination:            top_inst/custom_ops_inst/result_buf_reg[7]/CE
                            (rising edge-triggered cell FDRE clocked by sys_clk_pin  {rise@0.000ns fall@5.000ns period=10.000ns})
  Path Group:             (none)
  Path Type:              Setup (Max at Slow Process Corner)
  Data Path Delay:        7.956ns  (logic 2.021ns (25.404%)  route 5.935ns (74.596%))
  Logic Levels:           3  (IBUF=1 LUT2=1 LUT6=1)
  Clock Path Skew:        4.800ns (DCD - SCD + CPR)
    Destination Clock Delay (DCD):    4.800ns
    Source Clock Delay      (SCD):    0.000ns
    Clock Pessimism Removal (CPR):    0.000ns
  Clock Uncertainty:      0.025ns  ((TSJ^2 + TIJ^2)^1/2 + DJ) / 2 + PE
    Total System Jitter     (TSJ):    0.050ns
    Total Input Jitter      (TIJ):    0.000ns
    Discrete Jitter          (DJ):    0.000ns
    Phase Error              (PE):    0.000ns

    Location             Delay type                Incr(ns)  Path(ns)    Netlist Resource(s)
  -------------------------------------------------------------------    -------------------
    B8                                                0.000     0.000 r  btn[3] (IN)
                         net (fo=0)                   0.000     0.000    btn[3]
    B8                   IBUF (Prop_ibuf_I_O)         1.537     1.537 r  btn_IBUF[3]_inst/O
                         net (fo=9, routed)           4.310     5.847    top_inst/custom_ops_inst/btn_IBUF[3]
    SLICE_X12Y71         LUT2 (Prop_lut2_I0_O)        0.153     6.000 f  top_inst/custom_ops_inst/FSM_onehot_state[2]_i_2/O
                         net (fo=6, routed)           0.889     6.890    top_inst/custom_ops_inst/btn[3]
    SLICE_X12Y70         LUT6 (Prop_lut6_I2_O)        0.331     7.221 r  top_inst/custom_ops_inst/result_buf[7]_i_1/O
                         net (fo=8, routed)           0.735     7.956    top_inst/custom_ops_inst/result_buf[7]_i_1_n_0
    SLICE_X15Y67         FDRE                                         r  top_inst/custom_ops_inst/result_buf_reg[7]/CE
  -------------------------------------------------------------------    -------------------

                         (clock sys_clk_pin rise edge)
                                                      0.000     0.000 r  
    E3                                                0.000     0.000 r  CLK100MHZ (IN)
                         net (fo=0)                   0.000     0.000    CLK100MHZ
    E3                   IBUF (Prop_ibuf_I_O)         1.418     1.418 r  CLK100MHZ_IBUF_inst/O
                         net (fo=1, routed)           1.862     3.280    CLK100MHZ_IBUF
    BUFGCTRL_X0Y16       BUFG (Prop_bufg_I_O)         0.091     3.371 r  CLK100MHZ_IBUF_BUFG_inst/O
                         net (fo=49, routed)          1.429     4.800    top_inst/custom_ops_inst/CLK
    SLICE_X15Y67         FDRE                                         r  top_inst/custom_ops_inst/result_buf_reg[7]/C

Slack:                    inf
  Source:                 btn[3]
                            (input port)
  Destination:            top_inst/mem_ctrl/buf_b/buf_reg[2]/D
                            (rising edge-triggered cell FDRE clocked by sys_clk_pin  {rise@0.000ns fall@5.000ns period=10.000ns})
  Path Group:             (none)
  Path Type:              Setup (Max at Slow Process Corner)
  Data Path Delay:        7.943ns  (logic 2.269ns (28.567%)  route 5.674ns (71.433%))
  Logic Levels:           5  (IBUF=1 LUT2=1 LUT6=3)
  Clock Path Skew:        4.795ns (DCD - SCD + CPR)
    Destination Clock Delay (DCD):    4.795ns
    Source Clock Delay      (SCD):    0.000ns
    Clock Pessimism Removal (CPR):    0.000ns
  Clock Uncertainty:      0.025ns  ((TSJ^2 + TIJ^2)^1/2 + DJ) / 2 + PE
    Total System Jitter     (TSJ):    0.050ns
    Total Input Jitter      (TIJ):    0.000ns
    Discrete Jitter          (DJ):    0.000ns
    Phase Error              (PE):    0.000ns

    Location             Delay type                Incr(ns)  Path(ns)    Netlist Resource(s)
  -------------------------------------------------------------------    -------------------
    B8                                                0.000     0.000 r  btn[3] (IN)
                         net (fo=0)                   0.000     0.000    btn[3]
    B8                   IBUF (Prop_ibuf_I_O)         1.537     1.537 r  btn_IBUF[3]_inst/O
                         net (fo=9, routed)           4.310     5.847    top_inst/custom_ops_inst/btn_IBUF[3]
    SLICE_X12Y71         LUT2 (Prop_lut2_I0_O)        0.153     6.000 f  top_inst/custom_ops_inst/FSM_onehot_state[2]_i_2/O
                         net (fo=6, routed)           0.722     6.722    top_inst/mem_ctrl/buf_a/buf[2]_i_4
    SLICE_X12Y71         LUT6 (Prop_lut6_I3_O)        0.331     7.053 r  top_inst/mem_ctrl/buf_a/buf[3]_i_10/O
                         net (fo=2, routed)           0.479     7.533    top_inst/mem_ctrl/reg_sel_fct/buf_reg[2]_1
    SLICE_X10Y72         LUT6 (Prop_lut6_I5_O)        0.124     7.657 r  top_inst/mem_ctrl/reg_sel_fct/buf[2]_i_4/O
                         net (fo=1, routed)           0.162     7.819    top_inst/mem_ctrl/reg_sel_fct/buf[2]_i_4_n_0
    SLICE_X10Y72         LUT6 (Prop_lut6_I2_O)        0.124     7.943 r  top_inst/mem_ctrl/reg_sel_fct/buf[2]_i_1/O
                         net (fo=1, routed)           0.000     7.943    top_inst/mem_ctrl/buf_b/D[2]
    SLICE_X10Y72         FDRE                                         r  top_inst/mem_ctrl/buf_b/buf_reg[2]/D
  -------------------------------------------------------------------    -------------------

                         (clock sys_clk_pin rise edge)
                                                      0.000     0.000 r  
    E3                                                0.000     0.000 r  CLK100MHZ (IN)
                         net (fo=0)                   0.000     0.000    CLK100MHZ
    E3                   IBUF (Prop_ibuf_I_O)         1.418     1.418 r  CLK100MHZ_IBUF_inst/O
                         net (fo=1, routed)           1.862     3.280    CLK100MHZ_IBUF
    BUFGCTRL_X0Y16       BUFG (Prop_bufg_I_O)         0.091     3.371 r  CLK100MHZ_IBUF_BUFG_inst/O
                         net (fo=49, routed)          1.424     4.795    top_inst/mem_ctrl/buf_b/CLK
    SLICE_X10Y72         FDRE                                         r  top_inst/mem_ctrl/buf_b/buf_reg[2]/C

Slack:                    inf
  Source:                 btn[3]
                            (input port)
  Destination:            top_inst/custom_ops_inst/result_buf_reg[2]/CE
                            (rising edge-triggered cell FDRE clocked by sys_clk_pin  {rise@0.000ns fall@5.000ns period=10.000ns})
  Path Group:             (none)
  Path Type:              Setup (Max at Slow Process Corner)
  Data Path Delay:        7.939ns  (logic 2.021ns (25.456%)  route 5.918ns (74.544%))
  Logic Levels:           3  (IBUF=1 LUT2=1 LUT6=1)
  Clock Path Skew:        4.800ns (DCD - SCD + CPR)
    Destination Clock Delay (DCD):    4.800ns
    Source Clock Delay      (SCD):    0.000ns
    Clock Pessimism Removal (CPR):    0.000ns
  Clock Uncertainty:      0.025ns  ((TSJ^2 + TIJ^2)^1/2 + DJ) / 2 + PE
    Total System Jitter     (TSJ):    0.050ns
    Total Input Jitter      (TIJ):    0.000ns
    Discrete Jitter          (DJ):    0.000ns
    Phase Error              (PE):    0.000ns

    Location             Delay type                Incr(ns)  Path(ns)    Netlist Resource(s)
  -------------------------------------------------------------------    -------------------
    B8                                                0.000     0.000 r  btn[3] (IN)
                         net (fo=0)                   0.000     0.000    btn[3]
    B8                   IBUF (Prop_ibuf_I_O)         1.537     1.537 r  btn_IBUF[3]_inst/O
                         net (fo=9, routed)           4.310     5.847    top_inst/custom_ops_inst/btn_IBUF[3]
    SLICE_X12Y71         LUT2 (Prop_lut2_I0_O)        0.153     6.000 f  top_inst/custom_ops_inst/FSM_onehot_state[2]_i_2/O
                         net (fo=6, routed)           0.889     6.890    top_inst/custom_ops_inst/btn[3]
    SLICE_X12Y70         LUT6 (Prop_lut6_I2_O)        0.331     7.221 r  top_inst/custom_ops_inst/result_buf[7]_i_1/O
                         net (fo=8, routed)           0.719     7.939    top_inst/custom_ops_inst/result_buf[7]_i_1_n_0
    SLICE_X13Y67         FDRE                                         r  top_inst/custom_ops_inst/result_buf_reg[2]/CE
  -------------------------------------------------------------------    -------------------

                         (clock sys_clk_pin rise edge)
                                                      0.000     0.000 r  
    E3                                                0.000     0.000 r  CLK100MHZ (IN)
                         net (fo=0)                   0.000     0.000    CLK100MHZ
    E3                   IBUF (Prop_ibuf_I_O)         1.418     1.418 r  CLK100MHZ_IBUF_inst/O
                         net (fo=1, routed)           1.862     3.280    CLK100MHZ_IBUF
    BUFGCTRL_X0Y16       BUFG (Prop_bufg_I_O)         0.091     3.371 r  CLK100MHZ_IBUF_BUFG_inst/O
                         net (fo=49, routed)          1.429     4.800    top_inst/custom_ops_inst/CLK
    SLICE_X13Y67         FDRE                                         r  top_inst/custom_ops_inst/result_buf_reg[2]/C

Slack:                    inf
  Source:                 btn[3]
                            (input port)
  Destination:            top_inst/custom_ops_inst/result_buf_reg[5]/CE
                            (rising edge-triggered cell FDRE clocked by sys_clk_pin  {rise@0.000ns fall@5.000ns period=10.000ns})
  Path Group:             (none)
  Path Type:              Setup (Max at Slow Process Corner)
  Data Path Delay:        7.939ns  (logic 2.021ns (25.456%)  route 5.918ns (74.544%))
  Logic Levels:           3  (IBUF=1 LUT2=1 LUT6=1)
  Clock Path Skew:        4.800ns (DCD - SCD + CPR)
    Destination Clock Delay (DCD):    4.800ns
    Source Clock Delay      (SCD):    0.000ns
    Clock Pessimism Removal (CPR):    0.000ns
  Clock Uncertainty:      0.025ns  ((TSJ^2 + TIJ^2)^1/2 + DJ) / 2 + PE
    Total System Jitter     (TSJ):    0.050ns
    Total Input Jitter      (TIJ):    0.000ns
    Discrete Jitter          (DJ):    0.000ns
    Phase Error              (PE):    0.000ns

    Location             Delay type                Incr(ns)  Path(ns)    Netlist Resource(s)
  -------------------------------------------------------------------    -------------------
    B8                                                0.000     0.000 r  btn[3] (IN)
                         net (fo=0)                   0.000     0.000    btn[3]
    B8                   IBUF (Prop_ibuf_I_O)         1.537     1.537 r  btn_IBUF[3]_inst/O
                         net (fo=9, routed)           4.310     5.847    top_inst/custom_ops_inst/btn_IBUF[3]
    SLICE_X12Y71         LUT2 (Prop_lut2_I0_O)        0.153     6.000 f  top_inst/custom_ops_inst/FSM_onehot_state[2]_i_2/O
                         net (fo=6, routed)           0.889     6.890    top_inst/custom_ops_inst/btn[3]
    SLICE_X12Y70         LUT6 (Prop_lut6_I2_O)        0.331     7.221 r  top_inst/custom_ops_inst/result_buf[7]_i_1/O
                         net (fo=8, routed)           0.719     7.939    top_inst/custom_ops_inst/result_buf[7]_i_1_n_0
    SLICE_X13Y67         FDRE                                         r  top_inst/custom_ops_inst/result_buf_reg[5]/CE
  -------------------------------------------------------------------    -------------------

                         (clock sys_clk_pin rise edge)
                                                      0.000     0.000 r  
    E3                                                0.000     0.000 r  CLK100MHZ (IN)
                         net (fo=0)                   0.000     0.000    CLK100MHZ
    E3                   IBUF (Prop_ibuf_I_O)         1.418     1.418 r  CLK100MHZ_IBUF_inst/O
                         net (fo=1, routed)           1.862     3.280    CLK100MHZ_IBUF
    BUFGCTRL_X0Y16       BUFG (Prop_bufg_I_O)         0.091     3.371 r  CLK100MHZ_IBUF_BUFG_inst/O
                         net (fo=49, routed)          1.429     4.800    top_inst/custom_ops_inst/CLK
    SLICE_X13Y67         FDRE                                         r  top_inst/custom_ops_inst/result_buf_reg[5]/C

Slack:                    inf
  Source:                 btn[3]
                            (input port)
  Destination:            top_inst/custom_ops_inst/result_buf_reg[1]/CE
                            (rising edge-triggered cell FDRE clocked by sys_clk_pin  {rise@0.000ns fall@5.000ns period=10.000ns})
  Path Group:             (none)
  Path Type:              Setup (Max at Slow Process Corner)
  Data Path Delay:        7.792ns  (logic 2.021ns (25.936%)  route 5.771ns (74.064%))
  Logic Levels:           3  (IBUF=1 LUT2=1 LUT6=1)
  Clock Path Skew:        4.797ns (DCD - SCD + CPR)
    Destination Clock Delay (DCD):    4.797ns
    Source Clock Delay      (SCD):    0.000ns
    Clock Pessimism Removal (CPR):    0.000ns
  Clock Uncertainty:      0.025ns  ((TSJ^2 + TIJ^2)^1/2 + DJ) / 2 + PE
    Total System Jitter     (TSJ):    0.050ns
    Total Input Jitter      (TIJ):    0.000ns
    Discrete Jitter          (DJ):    0.000ns
    Phase Error              (PE):    0.000ns

    Location             Delay type                Incr(ns)  Path(ns)    Netlist Resource(s)
  -------------------------------------------------------------------    -------------------
    B8                                                0.000     0.000 r  btn[3] (IN)
                         net (fo=0)                   0.000     0.000    btn[3]
    B8                   IBUF (Prop_ibuf_I_O)         1.537     1.537 r  btn_IBUF[3]_inst/O
                         net (fo=9, routed)           4.310     5.847    top_inst/custom_ops_inst/btn_IBUF[3]
    SLICE_X12Y71         LUT2 (Prop_lut2_I0_O)        0.153     6.000 f  top_inst/custom_ops_inst/FSM_onehot_state[2]_i_2/O
                         net (fo=6, routed)           0.889     6.890    top_inst/custom_ops_inst/btn[3]
    SLICE_X12Y70         LUT6 (Prop_lut6_I2_O)        0.331     7.221 r  top_inst/custom_ops_inst/result_buf[7]_i_1/O
                         net (fo=8, routed)           0.572     7.792    top_inst/custom_ops_inst/result_buf[7]_i_1_n_0
    SLICE_X15Y69         FDRE                                         r  top_inst/custom_ops_inst/result_buf_reg[1]/CE
  -------------------------------------------------------------------    -------------------

                         (clock sys_clk_pin rise edge)
                                                      0.000     0.000 r  
    E3                                                0.000     0.000 r  CLK100MHZ (IN)
                         net (fo=0)                   0.000     0.000    CLK100MHZ
    E3                   IBUF (Prop_ibuf_I_O)         1.418     1.418 r  CLK100MHZ_IBUF_inst/O
                         net (fo=1, routed)           1.862     3.280    CLK100MHZ_IBUF
    BUFGCTRL_X0Y16       BUFG (Prop_bufg_I_O)         0.091     3.371 r  CLK100MHZ_IBUF_BUFG_inst/O
                         net (fo=49, routed)          1.426     4.797    top_inst/custom_ops_inst/CLK
    SLICE_X15Y69         FDRE                                         r  top_inst/custom_ops_inst/result_buf_reg[1]/C





Min Delay Paths
--------------------------------------------------------------------------------------
Slack:                    inf
  Source:                 sw[1]
                            (input port)
  Destination:            top_inst/mem_ctrl/buf_a/buf_reg[1]/D
                            (rising edge-triggered cell FDRE clocked by sys_clk_pin  {rise@0.000ns fall@5.000ns period=10.000ns})
  Path Group:             (none)
  Path Type:              Hold (Min at Fast Process Corner)
  Data Path Delay:        1.529ns  (logic 0.279ns (18.246%)  route 1.250ns (81.754%))
  Logic Levels:           1  (IBUF=1)
  Clock Path Skew:        1.977ns (DCD - SCD - CPR)
    Destination Clock Delay (DCD):    1.977ns
    Source Clock Delay      (SCD):    0.000ns
    Clock Pessimism Removal (CPR):    -0.000ns

    Location             Delay type                Incr(ns)  Path(ns)    Netlist Resource(s)
  -------------------------------------------------------------------    -------------------
    C11                                               0.000     0.000 r  sw[1] (IN)
                         net (fo=0)                   0.000     0.000    sw[1]
    C11                  IBUF (Prop_ibuf_I_O)         0.279     0.279 r  sw_IBUF[1]_inst/O
                         net (fo=2, routed)           1.250     1.529    top_inst/mem_ctrl/buf_a/sw_IBUF[1]
    SLICE_X9Y72          FDRE                                         r  top_inst/mem_ctrl/buf_a/buf_reg[1]/D
  -------------------------------------------------------------------    -------------------

                         (clock sys_clk_pin rise edge)
                                                      0.000     0.000 r  
    E3                                                0.000     0.000 r  CLK100MHZ (IN)
                         net (fo=0)                   0.000     0.000    CLK100MHZ
    E3                   IBUF (Prop_ibuf_I_O)         0.445     0.445 r  CLK100MHZ_IBUF_inst/O
                         net (fo=1, routed)           0.685     1.129    CLK100MHZ_IBUF
    BUFGCTRL_X0Y16       BUFG (Prop_bufg_I_O)         0.029     1.158 r  CLK100MHZ_IBUF_BUFG_inst/O
                         net (fo=49, routed)          0.818     1.977    top_inst/mem_ctrl/buf_a/CLK
    SLICE_X9Y72          FDRE                                         r  top_inst/mem_ctrl/buf_a/buf_reg[1]/C

Slack:                    inf
  Source:                 sw[2]
                            (input port)
  Destination:            top_inst/mem_ctrl/buf_a/buf_reg[2]/D
                            (rising edge-triggered cell FDRE clocked by sys_clk_pin  {rise@0.000ns fall@5.000ns period=10.000ns})
  Path Group:             (none)
  Path Type:              Hold (Min at Fast Process Corner)
  Data Path Delay:        1.565ns  (logic 0.282ns (18.041%)  route 1.283ns (81.959%))
  Logic Levels:           1  (IBUF=1)
  Clock Path Skew:        1.977ns (DCD - SCD - CPR)
    Destination Clock Delay (DCD):    1.977ns
    Source Clock Delay      (SCD):    0.000ns
    Clock Pessimism Removal (CPR):    -0.000ns

    Location             Delay type                Incr(ns)  Path(ns)    Netlist Resource(s)
  -------------------------------------------------------------------    -------------------
    C10                                               0.000     0.000 r  sw[2] (IN)
                         net (fo=0)                   0.000     0.000    sw[2]
    C10                  IBUF (Prop_ibuf_I_O)         0.282     0.282 r  sw_IBUF[2]_inst/O
                         net (fo=2, routed)           1.283     1.565    top_inst/mem_ctrl/buf_a/sw_IBUF[2]
    SLICE_X9Y72          FDRE                                         r  top_inst/mem_ctrl/buf_a/buf_reg[2]/D
  -------------------------------------------------------------------    -------------------

                         (clock sys_clk_pin rise edge)
                                                      0.000     0.000 r  
    E3                                                0.000     0.000 r  CLK100MHZ (IN)
                         net (fo=0)                   0.000     0.000    CLK100MHZ
    E3                   IBUF (Prop_ibuf_I_O)         0.445     0.445 r  CLK100MHZ_IBUF_inst/O
                         net (fo=1, routed)           0.685     1.129    CLK100MHZ_IBUF
    BUFGCTRL_X0Y16       BUFG (Prop_bufg_I_O)         0.029     1.158 r  CLK100MHZ_IBUF_BUFG_inst/O
                         net (fo=49, routed)          0.818     1.977    top_inst/mem_ctrl/buf_a/CLK
    SLICE_X9Y72          FDRE                                         r  top_inst/mem_ctrl/buf_a/buf_reg[2]/C

Slack:                    inf
  Source:                 sw[0]
                            (input port)
  Destination:            top_inst/mem_ctrl/buf_a/buf_reg[0]/D
                            (rising edge-triggered cell FDRE clocked by sys_clk_pin  {rise@0.000ns fall@5.000ns period=10.000ns})
  Path Group:             (none)
  Path Type:              Hold (Min at Fast Process Corner)
  Data Path Delay:        1.587ns  (logic 0.308ns (19.418%)  route 1.279ns (80.582%))
  Logic Levels:           1  (IBUF=1)
  Clock Path Skew:        1.977ns (DCD - SCD - CPR)
    Destination Clock Delay (DCD):    1.977ns
    Source Clock Delay      (SCD):    0.000ns
    Clock Pessimism Removal (CPR):    -0.000ns

    Location             Delay type                Incr(ns)  Path(ns)    Netlist Resource(s)
  -------------------------------------------------------------------    -------------------
    A8                                                0.000     0.000 r  sw[0] (IN)
                         net (fo=0)                   0.000     0.000    sw[0]
    A8                   IBUF (Prop_ibuf_I_O)         0.308     0.308 r  sw_IBUF[0]_inst/O
                         net (fo=2, routed)           1.279     1.587    top_inst/mem_ctrl/buf_a/sw_IBUF[0]
    SLICE_X9Y72          FDRE                                         r  top_inst/mem_ctrl/buf_a/buf_reg[0]/D
  -------------------------------------------------------------------    -------------------

                         (clock sys_clk_pin rise edge)
                                                      0.000     0.000 r  
    E3                                                0.000     0.000 r  CLK100MHZ (IN)
                         net (fo=0)                   0.000     0.000    CLK100MHZ
    E3                   IBUF (Prop_ibuf_I_O)         0.445     0.445 r  CLK100MHZ_IBUF_inst/O
                         net (fo=1, routed)           0.685     1.129    CLK100MHZ_IBUF
    BUFGCTRL_X0Y16       BUFG (Prop_bufg_I_O)         0.029     1.158 r  CLK100MHZ_IBUF_BUFG_inst/O
                         net (fo=49, routed)          0.818     1.977    top_inst/mem_ctrl/buf_a/CLK
    SLICE_X9Y72          FDRE                                         r  top_inst/mem_ctrl/buf_a/buf_reg[0]/C

Slack:                    inf
  Source:                 sw[3]
                            (input port)
  Destination:            top_inst/mem_ctrl/buf_a/buf_reg[3]/D
                            (rising edge-triggered cell FDRE clocked by sys_clk_pin  {rise@0.000ns fall@5.000ns period=10.000ns})
  Path Group:             (none)
  Path Type:              Hold (Min at Fast Process Corner)
  Data Path Delay:        1.682ns  (logic 0.307ns (18.250%)  route 1.375ns (81.750%))
  Logic Levels:           1  (IBUF=1)
  Clock Path Skew:        1.978ns (DCD - SCD - CPR)
    Destination Clock Delay (DCD):    1.978ns
    Source Clock Delay      (SCD):    0.000ns
    Clock Pessimism Removal (CPR):    -0.000ns

    Location             Delay type                Incr(ns)  Path(ns)    Netlist Resource(s)
  -------------------------------------------------------------------    -------------------
    A10                                               0.000     0.000 r  sw[3] (IN)
                         net (fo=0)                   0.000     0.000    sw[3]
    A10                  IBUF (Prop_ibuf_I_O)         0.307     0.307 r  sw_IBUF[3]_inst/O
                         net (fo=2, routed)           1.375     1.682    top_inst/mem_ctrl/buf_a/sw_IBUF[3]
    SLICE_X10Y71         FDRE                                         r  top_inst/mem_ctrl/buf_a/buf_reg[3]/D
  -------------------------------------------------------------------    -------------------

                         (clock sys_clk_pin rise edge)
                                                      0.000     0.000 r  
    E3                                                0.000     0.000 r  CLK100MHZ (IN)
                         net (fo=0)                   0.000     0.000    CLK100MHZ
    E3                   IBUF (Prop_ibuf_I_O)         0.445     0.445 r  CLK100MHZ_IBUF_inst/O
                         net (fo=1, routed)           0.685     1.129    CLK100MHZ_IBUF
    BUFGCTRL_X0Y16       BUFG (Prop_bufg_I_O)         0.029     1.158 r  CLK100MHZ_IBUF_BUFG_inst/O
                         net (fo=49, routed)          0.820     1.978    top_inst/mem_ctrl/buf_a/CLK
    SLICE_X10Y71         FDRE                                         r  top_inst/mem_ctrl/buf_a/buf_reg[3]/C

Slack:                    inf
  Source:                 sw[2]
                            (input port)
  Destination:            top_inst/mem_ctrl/buf_b/buf_reg[2]/D
                            (rising edge-triggered cell FDRE clocked by sys_clk_pin  {rise@0.000ns fall@5.000ns period=10.000ns})
  Path Group:             (none)
  Path Type:              Hold (Min at Fast Process Corner)
  Data Path Delay:        1.718ns  (logic 0.327ns (19.052%)  route 1.391ns (80.948%))
  Logic Levels:           2  (IBUF=1 LUT6=1)
  Clock Path Skew:        1.977ns (DCD - SCD - CPR)
    Destination Clock Delay (DCD):    1.977ns
    Source Clock Delay      (SCD):    0.000ns
    Clock Pessimism Removal (CPR):    -0.000ns

    Location             Delay type                Incr(ns)  Path(ns)    Netlist Resource(s)
  -------------------------------------------------------------------    -------------------
    C10                                               0.000     0.000 r  sw[2] (IN)
                         net (fo=0)                   0.000     0.000    sw[2]
    C10                  IBUF (Prop_ibuf_I_O)         0.282     0.282 r  sw_IBUF[2]_inst/O
                         net (fo=2, routed)           1.391     1.673    top_inst/mem_ctrl/reg_sel_fct/sw_IBUF[2]
    SLICE_X10Y72         LUT6 (Prop_lut6_I4_O)        0.045     1.718 r  top_inst/mem_ctrl/reg_sel_fct/buf[2]_i_1/O
                         net (fo=1, routed)           0.000     1.718    top_inst/mem_ctrl/buf_b/D[2]
    SLICE_X10Y72         FDRE                                         r  top_inst/mem_ctrl/buf_b/buf_reg[2]/D
  -------------------------------------------------------------------    -------------------

                         (clock sys_clk_pin rise edge)
                                                      0.000     0.000 r  
    E3                                                0.000     0.000 r  CLK100MHZ (IN)
                         net (fo=0)                   0.000     0.000    CLK100MHZ
    E3                   IBUF (Prop_ibuf_I_O)         0.445     0.445 r  CLK100MHZ_IBUF_inst/O
                         net (fo=1, routed)           0.685     1.129    CLK100MHZ_IBUF
    BUFGCTRL_X0Y16       BUFG (Prop_bufg_I_O)         0.029     1.158 r  CLK100MHZ_IBUF_BUFG_inst/O
                         net (fo=49, routed)          0.818     1.977    top_inst/mem_ctrl/buf_b/CLK
    SLICE_X10Y72         FDRE                                         r  top_inst/mem_ctrl/buf_b/buf_reg[2]/C

Slack:                    inf
  Source:                 sw[1]
                            (input port)
  Destination:            top_inst/mem_ctrl/buf_b/buf_reg[1]/D
                            (rising edge-triggered cell FDRE clocked by sys_clk_pin  {rise@0.000ns fall@5.000ns period=10.000ns})
  Path Group:             (none)
  Path Type:              Hold (Min at Fast Process Corner)
  Data Path Delay:        1.755ns  (logic 0.324ns (18.467%)  route 1.431ns (81.533%))
  Logic Levels:           2  (IBUF=1 LUT6=1)
  Clock Path Skew:        1.977ns (DCD - SCD - CPR)
    Destination Clock Delay (DCD):    1.977ns
    Source Clock Delay      (SCD):    0.000ns
    Clock Pessimism Removal (CPR):    -0.000ns

    Location             Delay type                Incr(ns)  Path(ns)    Netlist Resource(s)
  -------------------------------------------------------------------    -------------------
    C11                                               0.000     0.000 r  sw[1] (IN)
                         net (fo=0)                   0.000     0.000    sw[1]
    C11                  IBUF (Prop_ibuf_I_O)         0.279     0.279 r  sw_IBUF[1]_inst/O
                         net (fo=2, routed)           1.431     1.710    top_inst/mem_ctrl/reg_sel_fct/sw_IBUF[1]
    SLICE_X11Y72         LUT6 (Prop_lut6_I0_O)        0.045     1.755 r  top_inst/mem_ctrl/reg_sel_fct/buf[1]_i_1/O
                         net (fo=1, routed)           0.000     1.755    top_inst/mem_ctrl/buf_b/D[1]
    SLICE_X11Y72         FDRE                                         r  top_inst/mem_ctrl/buf_b/buf_reg[1]/D
  -------------------------------------------------------------------    -------------------

                         (clock sys_clk_pin rise edge)
                                                      0.000     0.000 r  
    E3                                                0.000     0.000 r  CLK100MHZ (IN)
                         net (fo=0)                   0.000     0.000    CLK100MHZ
    E3                   IBUF (Prop_ibuf_I_O)         0.445     0.445 r  CLK100MHZ_IBUF_inst/O
                         net (fo=1, routed)           0.685     1.129    CLK100MHZ_IBUF
    BUFGCTRL_X0Y16       BUFG (Prop_bufg_I_O)         0.029     1.158 r  CLK100MHZ_IBUF_BUFG_inst/O
                         net (fo=49, routed)          0.818     1.977    top_inst/mem_ctrl/buf_b/CLK
    SLICE_X11Y72         FDRE                                         r  top_inst/mem_ctrl/buf_b/buf_reg[1]/C

Slack:                    inf
  Source:                 btn[0]
                            (input port)
  Destination:            top_inst/mem_ctrl/buf_a/buf_reg[3]/R
                            (rising edge-triggered cell FDRE clocked by sys_clk_pin  {rise@0.000ns fall@5.000ns period=10.000ns})
  Path Group:             (none)
  Path Type:              Hold (Min at Fast Process Corner)
  Data Path Delay:        1.786ns  (logic 0.235ns (13.150%)  route 1.551ns (86.850%))
  Logic Levels:           1  (IBUF=1)
  Clock Path Skew:        1.978ns (DCD - SCD - CPR)
    Destination Clock Delay (DCD):    1.978ns
    Source Clock Delay      (SCD):    0.000ns
    Clock Pessimism Removal (CPR):    -0.000ns

    Location             Delay type                Incr(ns)  Path(ns)    Netlist Resource(s)
  -------------------------------------------------------------------    -------------------
    D9                                                0.000     0.000 r  btn[0] (IN)
                         net (fo=0)                   0.000     0.000    btn[0]
    D9                   IBUF (Prop_ibuf_I_O)         0.235     0.235 r  btn_IBUF[0]_inst/O
                         net (fo=34, routed)          1.551     1.786    top_inst/mem_ctrl/buf_a/btn_IBUF[0]
    SLICE_X10Y71         FDRE                                         r  top_inst/mem_ctrl/buf_a/buf_reg[3]/R
  -------------------------------------------------------------------    -------------------

                         (clock sys_clk_pin rise edge)
                                                      0.000     0.000 r  
    E3                                                0.000     0.000 r  CLK100MHZ (IN)
                         net (fo=0)                   0.000     0.000    CLK100MHZ
    E3                   IBUF (Prop_ibuf_I_O)         0.445     0.445 r  CLK100MHZ_IBUF_inst/O
                         net (fo=1, routed)           0.685     1.129    CLK100MHZ_IBUF
    BUFGCTRL_X0Y16       BUFG (Prop_bufg_I_O)         0.029     1.158 r  CLK100MHZ_IBUF_BUFG_inst/O
                         net (fo=49, routed)          0.820     1.978    top_inst/mem_ctrl/buf_a/CLK
    SLICE_X10Y71         FDRE                                         r  top_inst/mem_ctrl/buf_a/buf_reg[3]/C

Slack:                    inf
  Source:                 btn[0]
                            (input port)
  Destination:            top_inst/mem_ctrl/instr_mem/pc_reg_rep[0]/R
                            (rising edge-triggered cell FDRE clocked by sys_clk_pin  {rise@0.000ns fall@5.000ns period=10.000ns})
  Path Group:             (none)
  Path Type:              Hold (Min at Fast Process Corner)
  Data Path Delay:        1.786ns  (logic 0.235ns (13.150%)  route 1.551ns (86.850%))
  Logic Levels:           1  (IBUF=1)
  Clock Path Skew:        1.978ns (DCD - SCD - CPR)
    Destination Clock Delay (DCD):    1.978ns
    Source Clock Delay      (SCD):    0.000ns
    Clock Pessimism Removal (CPR):    -0.000ns

    Location             Delay type                Incr(ns)  Path(ns)    Netlist Resource(s)
  -------------------------------------------------------------------    -------------------
    D9                                                0.000     0.000 r  btn[0] (IN)
                         net (fo=0)                   0.000     0.000    btn[0]
    D9                   IBUF (Prop_ibuf_I_O)         0.235     0.235 r  btn_IBUF[0]_inst/O
                         net (fo=34, routed)          1.551     1.786    top_inst/mem_ctrl/instr_mem/btn_IBUF[0]
    SLICE_X10Y71         FDRE                                         r  top_inst/mem_ctrl/instr_mem/pc_reg_rep[0]/R
  -------------------------------------------------------------------    -------------------

                         (clock sys_clk_pin rise edge)
                                                      0.000     0.000 r  
    E3                                                0.000     0.000 r  CLK100MHZ (IN)
                         net (fo=0)                   0.000     0.000    CLK100MHZ
    E3                   IBUF (Prop_ibuf_I_O)         0.445     0.445 r  CLK100MHZ_IBUF_inst/O
                         net (fo=1, routed)           0.685     1.129    CLK100MHZ_IBUF
    BUFGCTRL_X0Y16       BUFG (Prop_bufg_I_O)         0.029     1.158 r  CLK100MHZ_IBUF_BUFG_inst/O
                         net (fo=49, routed)          0.820     1.978    top_inst/mem_ctrl/instr_mem/CLK
    SLICE_X10Y71         FDRE                                         r  top_inst/mem_ctrl/instr_mem/pc_reg_rep[0]/C

Slack:                    inf
  Source:                 btn[0]
                            (input port)
  Destination:            top_inst/mem_ctrl/instr_mem/pc_reg_rep[1]/R
                            (rising edge-triggered cell FDRE clocked by sys_clk_pin  {rise@0.000ns fall@5.000ns period=10.000ns})
  Path Group:             (none)
  Path Type:              Hold (Min at Fast Process Corner)
  Data Path Delay:        1.786ns  (logic 0.235ns (13.150%)  route 1.551ns (86.850%))
  Logic Levels:           1  (IBUF=1)
  Clock Path Skew:        1.978ns (DCD - SCD - CPR)
    Destination Clock Delay (DCD):    1.978ns
    Source Clock Delay      (SCD):    0.000ns
    Clock Pessimism Removal (CPR):    -0.000ns

    Location             Delay type                Incr(ns)  Path(ns)    Netlist Resource(s)
  -------------------------------------------------------------------    -------------------
    D9                                                0.000     0.000 r  btn[0] (IN)
                         net (fo=0)                   0.000     0.000    btn[0]
    D9                   IBUF (Prop_ibuf_I_O)         0.235     0.235 r  btn_IBUF[0]_inst/O
                         net (fo=34, routed)          1.551     1.786    top_inst/mem_ctrl/instr_mem/btn_IBUF[0]
    SLICE_X10Y71         FDRE                                         r  top_inst/mem_ctrl/instr_mem/pc_reg_rep[1]/R
  -------------------------------------------------------------------    -------------------

                         (clock sys_clk_pin rise edge)
                                                      0.000     0.000 r  
    E3                                                0.000     0.000 r  CLK100MHZ (IN)
                         net (fo=0)                   0.000     0.000    CLK100MHZ
    E3                   IBUF (Prop_ibuf_I_O)         0.445     0.445 r  CLK100MHZ_IBUF_inst/O
                         net (fo=1, routed)           0.685     1.129    CLK100MHZ_IBUF
    BUFGCTRL_X0Y16       BUFG (Prop_bufg_I_O)         0.029     1.158 r  CLK100MHZ_IBUF_BUFG_inst/O
                         net (fo=49, routed)          0.820     1.978    top_inst/mem_ctrl/instr_mem/CLK
    SLICE_X10Y71         FDRE                                         r  top_inst/mem_ctrl/instr_mem/pc_reg_rep[1]/C

Slack:                    inf
  Source:                 btn[0]
                            (input port)
  Destination:            top_inst/mem_ctrl/reg_sel_fct/reg_reg[0]/R
                            (rising edge-triggered cell FDRE clocked by sys_clk_pin  {rise@0.000ns fall@5.000ns period=10.000ns})
  Path Group:             (none)
  Path Type:              Hold (Min at Fast Process Corner)
  Data Path Delay:        1.786ns  (logic 0.235ns (13.150%)  route 1.551ns (86.850%))
  Logic Levels:           1  (IBUF=1)
  Clock Path Skew:        1.978ns (DCD - SCD - CPR)
    Destination Clock Delay (DCD):    1.978ns
    Source Clock Delay      (SCD):    0.000ns
    Clock Pessimism Removal (CPR):    -0.000ns

    Location             Delay type                Incr(ns)  Path(ns)    Netlist Resource(s)
  -------------------------------------------------------------------    -------------------
    D9                                                0.000     0.000 r  btn[0] (IN)
                         net (fo=0)                   0.000     0.000    btn[0]
    D9                   IBUF (Prop_ibuf_I_O)         0.235     0.235 r  btn_IBUF[0]_inst/O
                         net (fo=34, routed)          1.551     1.786    top_inst/mem_ctrl/reg_sel_fct/btn_IBUF[0]
    SLICE_X10Y71         FDRE                                         r  top_inst/mem_ctrl/reg_sel_fct/reg_reg[0]/R
  -------------------------------------------------------------------    -------------------

                         (clock sys_clk_pin rise edge)
                                                      0.000     0.000 r  
    E3                                                0.000     0.000 r  CLK100MHZ (IN)
                         net (fo=0)                   0.000     0.000    CLK100MHZ
    E3                   IBUF (Prop_ibuf_I_O)         0.445     0.445 r  CLK100MHZ_IBUF_inst/O
                         net (fo=1, routed)           0.685     1.129    CLK100MHZ_IBUF
    BUFGCTRL_X0Y16       BUFG (Prop_bufg_I_O)         0.029     1.158 r  CLK100MHZ_IBUF_BUFG_inst/O
                         net (fo=49, routed)          0.820     1.978    top_inst/mem_ctrl/reg_sel_fct/CLK
    SLICE_X10Y71         FDRE                                         r  top_inst/mem_ctrl/reg_sel_fct/reg_reg[0]/C





