Copyright 1986-2022 Xilinx, Inc. All Rights Reserved. Copyright 2022-2025 Advanced Micro Devices, Inc. All Rights Reserved.
------------------------------------------------------------------------------------------------------------------------------------------------------------------------------------------------------------------------------------------------------------------------------
| Tool Version : Vivado v.2025.1 (lin64) Build 6140274 Wed May 21 22:58:25 MDT 2025
| Date         : Sat May  9 21:01:19 2026
| Host         : 0226AUBUVVDO011 running 64-bit Ubuntu 24.04.3 LTS
| Command      : report_timing_summary -max_paths 10 -routable_nets -report_unconstrained -file Arty_Digilent_TopLevel_timing_summary_routed.rpt -pb Arty_Digilent_TopLevel_timing_summary_routed.pb -rpx Arty_Digilent_TopLevel_timing_summary_routed.rpx -warn_on_violation
| Design       : Arty_Digilent_TopLevel
| Device       : 7a35t-csg324
| Speed File   : -1  PRODUCTION 1.23 2018-06-13
| Design State : Routed
------------------------------------------------------------------------------------------------------------------------------------------------------------------------------------------------------------------------------------------------------------------------------

Timing Summary Report

------------------------------------------------------------------------------------------------
| Timer Settings
| --------------
------------------------------------------------------------------------------------------------

  Enable Multi Corner Analysis               :  Yes
  Enable Pessimism Removal                   :  Yes
  Pessimism Removal Resolution               :  Nearest Common Node
  Enable Input Delay Default Clock           :  No
  Enable Preset / Clear Arcs                 :  No
  Disable Flight Delays                      :  No
  Ignore I/O Paths                           :  No
  Timing Early Launch at Borrowing Latches   :  No
  Borrow Time for Max Delay Exceptions       :  Yes
  Merge Timing Exceptions                    :  Yes
  Inter-SLR Compensation                     :  Conservative

  Corner  Analyze    Analyze    
  Name    Max Paths  Min Paths  
  ------  ---------  ---------  
  Slow    Yes        Yes        
  Fast    Yes        Yes        


------------------------------------------------------------------------------------------------
| Report Methodology
| ------------------
------------------------------------------------------------------------------------------------

Rule       Severity  Description                    Violations  
---------  --------  -----------------------------  ----------  
TIMING-18  Warning   Missing input or output delay  21          

Note: This report is based on the most recent report_methodology run and may not be up-to-date. Run report_methodology on the current design for the latest report.



check_timing report

Table of Contents
-----------------
1. checking no_clock (0)
2. checking constant_clock (0)
3. checking pulse_width_clock (0)
4. checking unconstrained_internal_endpoints (0)
5. checking no_input_delay (8)
6. checking no_output_delay (13)
7. checking multiple_clock (0)
8. checking generated_clocks (0)
9. checking loops (0)
10. checking partial_input_delay (0)
11. checking partial_output_delay (0)
12. checking latch_loops (0)

1. checking no_clock (0)
------------------------
 There are 0 register/latch pins with no clock.


2. checking constant_clock (0)
------------------------------
 There are 0 register/latch pins with constant_clock.


3. checking pulse_width_clock (0)
---------------------------------
 There are 0 register/latch pins which need pulse_width check


4. checking unconstrained_internal_endpoints (0)
------------------------------------------------
 There are 0 pins that are not constrained for maximum delay.

 There are 0 pins that are not constrained for maximum delay due to constant clock.


5. checking no_input_delay (8)
------------------------------
 There are 8 input ports with no input delay specified. (HIGH)

 There are 0 input ports with no input delay but user has a false path constraint.


6. checking no_output_delay (13)
--------------------------------
 There are 13 ports with no output delay specified. (HIGH)

 There are 0 ports with no output delay but user has a false path constraint

 There are 0 ports with no output delay but with a timing clock defined on it or propagating through it


7. checking multiple_clock (0)
------------------------------
 There are 0 register/latch pins with multiple clocks.


8. checking generated_clocks (0)
--------------------------------
 There are 0 generated clocks that are not connected to a clock source.


9. checking loops (0)
---------------------
 There are 0 combinational loops in the design.


10. checking partial_input_delay (0)
------------------------------------
 There are 0 input ports with partial input delay specified.


11. checking partial_output_delay (0)
-------------------------------------
 There are 0 ports with partial output delay specified.


12. checking latch_loops (0)
----------------------------
 There are 0 combinational latch loops in the design through latch input



------------------------------------------------------------------------------------------------
| Design Timing Summary
| ---------------------
------------------------------------------------------------------------------------------------

    WNS(ns)      TNS(ns)  TNS Failing Endpoints  TNS Total Endpoints      WHS(ns)      THS(ns)  THS Failing Endpoints  THS Total Endpoints     WPWS(ns)     TPWS(ns)  TPWS Failing Endpoints  TPWS Total Endpoints  
    -------      -------  ---------------------  -------------------      -------      -------  ---------------------  -------------------     --------     --------  ----------------------  --------------------  
      5.737        0.000                      0                   42        0.185        0.000                      0                   42        4.500        0.000                       0                    34  


All user specified timing constraints are met.


------------------------------------------------------------------------------------------------
| Clock Summary
| -------------
------------------------------------------------------------------------------------------------

Clock        Waveform(ns)       Period(ns)      Frequency(MHz)
-----        ------------       ----------      --------------
sys_clk_pin  {0.000 5.000}      10.000          100.000         


------------------------------------------------------------------------------------------------
| Intra Clock Table
| -----------------
------------------------------------------------------------------------------------------------

Clock             WNS(ns)      TNS(ns)  TNS Failing Endpoints  TNS Total Endpoints      WHS(ns)      THS(ns)  THS Failing Endpoints  THS Total Endpoints     WPWS(ns)     TPWS(ns)  TPWS Failing Endpoints  TPWS Total Endpoints  
-----             -------      -------  ---------------------  -------------------      -------      -------  ---------------------  -------------------     --------     --------  ----------------------  --------------------  
sys_clk_pin         5.737        0.000                      0                   42        0.185        0.000                      0                   42        4.500        0.000                       0                    34  


------------------------------------------------------------------------------------------------
| Inter Clock Table
| -----------------
------------------------------------------------------------------------------------------------

From Clock    To Clock          WNS(ns)      TNS(ns)  TNS Failing Endpoints  TNS Total Endpoints      WHS(ns)      THS(ns)  THS Failing Endpoints  THS Total Endpoints  
----------    --------          -------      -------  ---------------------  -------------------      -------      -------  ---------------------  -------------------  


------------------------------------------------------------------------------------------------
| Other Path Groups Table
| -----------------------
------------------------------------------------------------------------------------------------

Path Group    From Clock    To Clock          WNS(ns)      TNS(ns)  TNS Failing Endpoints  TNS Total Endpoints      WHS(ns)      THS(ns)  THS Failing Endpoints  THS Total Endpoints  
----------    ----------    --------          -------      -------  ---------------------  -------------------      -------      -------  ---------------------  -------------------  


------------------------------------------------------------------------------------------------
| User Ignored Path Table
| -----------------------
------------------------------------------------------------------------------------------------

Path Group    From Clock    To Clock    
----------    ----------    --------    


------------------------------------------------------------------------------------------------
| Unconstrained Path Table
| ------------------------
------------------------------------------------------------------------------------------------

Path Group    From Clock    To Clock    
----------    ----------    --------    
(none)        sys_clk_pin                 
(none)                      sys_clk_pin   


------------------------------------------------------------------------------------------------
| Timing Details
| --------------
------------------------------------------------------------------------------------------------


---------------------------------------------------------------------------------------------------
From Clock:  sys_clk_pin
  To Clock:  sys_clk_pin

Setup :            0  Failing Endpoints,  Worst Slack        5.737ns,  Total Violation        0.000ns
Hold  :            0  Failing Endpoints,  Worst Slack        0.185ns,  Total Violation        0.000ns
PW    :            0  Failing Endpoints,  Worst Slack        4.500ns,  Total Violation        0.000ns
---------------------------------------------------------------------------------------------------


Max Delay Paths
--------------------------------------------------------------------------------------
Slack (MET) :             5.737ns  (required time - arrival time)
  Source:                 top_inst/mem_ctrl/buf_b/buf_reg[0]/C
                            (rising edge-triggered cell FDRE clocked by sys_clk_pin  {rise@0.000ns fall@5.000ns period=10.000ns})
  Destination:            top_inst/mem_ctrl/buf_b/buf_reg[3]/D
                            (rising edge-triggered cell FDRE clocked by sys_clk_pin  {rise@0.000ns fall@5.000ns period=10.000ns})
  Path Group:             sys_clk_pin
  Path Type:              Setup (Max at Slow Process Corner)
  Requirement:            10.000ns  (sys_clk_pin rise@10.000ns - sys_clk_pin rise@0.000ns)
  Data Path Delay:        4.234ns  (logic 1.775ns (41.927%)  route 2.459ns (58.073%))
  Logic Levels:           6  (LUT5=1 LUT6=2 MUXF7=2 MUXF8=1)
  Clock Path Skew:        -0.025ns (DCD - SCD + CPR)
    Destination Clock Delay (DCD):    4.877ns = ( 14.877 - 10.000 ) 
    Source Clock Delay      (SCD):    5.175ns
    Clock Pessimism Removal (CPR):    0.273ns
  Clock Uncertainty:      0.035ns  ((TSJ^2 + TIJ^2)^1/2 + DJ) / 2 + PE
    Total System Jitter     (TSJ):    0.071ns
    Total Input Jitter      (TIJ):    0.000ns
    Discrete Jitter          (DJ):    0.000ns
    Phase Error              (PE):    0.000ns

    Location             Delay type                Incr(ns)  Path(ns)    Netlist Resource(s)
  -------------------------------------------------------------------    -------------------
                         (clock sys_clk_pin rise edge)
                                                      0.000     0.000 r  
    E3                                                0.000     0.000 r  CLK100MHZ (IN)
                         net (fo=0)                   0.000     0.000    CLK100MHZ
    E3                   IBUF (Prop_ibuf_I_O)         1.489     1.489 r  CLK100MHZ_IBUF_inst/O
                         net (fo=1, routed)           1.967     3.455    CLK100MHZ_IBUF
    BUFGCTRL_X0Y16       BUFG (Prop_bufg_I_O)         0.096     3.551 r  CLK100MHZ_IBUF_BUFG_inst/O
                         net (fo=33, routed)          1.624     5.175    top_inst/mem_ctrl/buf_b/clk
    SLICE_X64Y54         FDRE                                         r  top_inst/mem_ctrl/buf_b/buf_reg[0]/C
  -------------------------------------------------------------------    -------------------
    SLICE_X64Y54         FDRE (Prop_fdre_C_Q)         0.518     5.693 r  top_inst/mem_ctrl/buf_b/buf_reg[0]/Q
                         net (fo=19, routed)          1.201     6.895    top_inst/mem_ctrl/buf_a/led_OBUF[3]_inst_i_3_0[0]
    SLICE_X62Y56         LUT6 (Prop_lut6_I1_O)        0.124     7.019 r  top_inst/mem_ctrl/buf_a/led_OBUF[3]_inst_i_24/O
                         net (fo=1, routed)           0.000     7.019    top_inst/mem_ctrl/buf_a/led_OBUF[3]_inst_i_24_n_0
    SLICE_X62Y56         MUXF7 (Prop_muxf7_I0_O)      0.212     7.231 r  top_inst/mem_ctrl/buf_a/led_OBUF[3]_inst_i_13/O
                         net (fo=1, routed)           0.000     7.231    top_inst/mem_ctrl/buf_a/led_OBUF[3]_inst_i_13_n_0
    SLICE_X62Y56         MUXF8 (Prop_muxf8_I1_O)      0.094     7.325 r  top_inst/mem_ctrl/buf_a/led_OBUF[3]_inst_i_7/O
                         net (fo=1, routed)           0.816     8.141    top_inst/mem_ctrl/buf_a/led_OBUF[3]_inst_i_7_n_0
    SLICE_X62Y55         LUT5 (Prop_lut5_I4_O)        0.316     8.457 r  top_inst/mem_ctrl/buf_a/led_OBUF[3]_inst_i_3/O
                         net (fo=2, routed)           0.000     8.457    top_inst/mem_ctrl/reg_sel_fct/led[3]
    SLICE_X62Y55         MUXF7 (Prop_muxf7_I0_O)      0.212     8.669 r  top_inst/mem_ctrl/reg_sel_fct/buf_reg[3]_i_3/O
                         net (fo=1, routed)           0.441     9.110    top_inst/mem_ctrl/reg_sel_fct/buf_reg[3]_i_3_n_0
    SLICE_X62Y55         LUT6 (Prop_lut6_I4_O)        0.299     9.409 r  top_inst/mem_ctrl/reg_sel_fct/buf[3]_i_2/O
                         net (fo=1, routed)           0.000     9.409    top_inst/mem_ctrl/buf_b/D[3]
    SLICE_X62Y55         FDRE                                         r  top_inst/mem_ctrl/buf_b/buf_reg[3]/D
  -------------------------------------------------------------------    -------------------

                         (clock sys_clk_pin rise edge)
                                                     10.000    10.000 r  
    E3                                                0.000    10.000 r  CLK100MHZ (IN)
                         net (fo=0)                   0.000    10.000    CLK100MHZ
    E3                   IBUF (Prop_ibuf_I_O)         1.418    11.418 r  CLK100MHZ_IBUF_inst/O
                         net (fo=1, routed)           1.862    13.280    CLK100MHZ_IBUF
    BUFGCTRL_X0Y16       BUFG (Prop_bufg_I_O)         0.091    13.371 r  CLK100MHZ_IBUF_BUFG_inst/O
                         net (fo=33, routed)          1.506    14.877    top_inst/mem_ctrl/buf_b/clk
    SLICE_X62Y55         FDRE                                         r  top_inst/mem_ctrl/buf_b/buf_reg[3]/C
                         clock pessimism              0.273    15.150    
                         clock uncertainty           -0.035    15.115    
    SLICE_X62Y55         FDRE (Setup_fdre_C_D)        0.031    15.146    top_inst/mem_ctrl/buf_b/buf_reg[3]
  -------------------------------------------------------------------
                         required time                         15.146    
                         arrival time                          -9.409    
  -------------------------------------------------------------------
                         slack                                  5.737    

Slack (MET) :             5.932ns  (required time - arrival time)
  Source:                 top_inst/mem_ctrl/buf_a/buf_reg[2]/C
                            (rising edge-triggered cell FDRE clocked by sys_clk_pin  {rise@0.000ns fall@5.000ns period=10.000ns})
  Destination:            top_inst/mem_ctrl/buf_b/buf_reg[2]/D
                            (rising edge-triggered cell FDRE clocked by sys_clk_pin  {rise@0.000ns fall@5.000ns period=10.000ns})
  Path Group:             sys_clk_pin
  Path Type:              Setup (Max at Slow Process Corner)
  Requirement:            10.000ns  (sys_clk_pin rise@10.000ns - sys_clk_pin rise@0.000ns)
  Data Path Delay:        4.073ns  (logic 0.952ns (23.372%)  route 3.121ns (76.628%))
  Logic Levels:           4  (LUT5=3 LUT6=1)
  Clock Path Skew:        -0.038ns (DCD - SCD + CPR)
    Destination Clock Delay (DCD):    4.877ns = ( 14.877 - 10.000 ) 
    Source Clock Delay      (SCD):    5.174ns
    Clock Pessimism Removal (CPR):    0.259ns
  Clock Uncertainty:      0.035ns  ((TSJ^2 + TIJ^2)^1/2 + DJ) / 2 + PE
    Total System Jitter     (TSJ):    0.071ns
    Total Input Jitter      (TIJ):    0.000ns
    Discrete Jitter          (DJ):    0.000ns
    Phase Error              (PE):    0.000ns

    Location             Delay type                Incr(ns)  Path(ns)    Netlist Resource(s)
  -------------------------------------------------------------------    -------------------
                         (clock sys_clk_pin rise edge)
                                                      0.000     0.000 r  
    E3                                                0.000     0.000 r  CLK100MHZ (IN)
                         net (fo=0)                   0.000     0.000    CLK100MHZ
    E3                   IBUF (Prop_ibuf_I_O)         1.489     1.489 r  CLK100MHZ_IBUF_inst/O
                         net (fo=1, routed)           1.967     3.455    CLK100MHZ_IBUF
    BUFGCTRL_X0Y16       BUFG (Prop_bufg_I_O)         0.096     3.551 r  CLK100MHZ_IBUF_BUFG_inst/O
                         net (fo=33, routed)          1.623     5.174    top_inst/mem_ctrl/buf_a/clk
    SLICE_X61Y56         FDRE                                         r  top_inst/mem_ctrl/buf_a/buf_reg[2]/C
  -------------------------------------------------------------------    -------------------
    SLICE_X61Y56         FDRE (Prop_fdre_C_Q)         0.456     5.630 r  top_inst/mem_ctrl/buf_a/buf_reg[2]/Q
                         net (fo=18, routed)          1.394     7.024    top_inst/mem_ctrl/buf_b/A_to_ual[2]
    SLICE_X64Y53         LUT6 (Prop_lut6_I2_O)        0.124     7.148 r  top_inst/mem_ctrl/buf_b/led_OBUF[2]_inst_i_5/O
                         net (fo=1, routed)           0.689     7.837    top_inst/mem_ctrl/buf_b/led_OBUF[2]_inst_i_5_n_0
    SLICE_X64Y53         LUT5 (Prop_lut5_I0_O)        0.124     7.961 r  top_inst/mem_ctrl/buf_b/led_OBUF[2]_inst_i_3/O
                         net (fo=1, routed)           0.425     8.386    top_inst/mem_ctrl/reg_sel_fct/buf_reg[2]_0
    SLICE_X63Y53         LUT5 (Prop_lut5_I2_O)        0.124     8.510 r  top_inst/mem_ctrl/reg_sel_fct/led_OBUF[2]_inst_i_1/O
                         net (fo=3, routed)           0.613     9.124    top_inst/mem_ctrl/instr_mem/led_OBUF[0]
    SLICE_X64Y54         LUT5 (Prop_lut5_I1_O)        0.124     9.248 r  top_inst/mem_ctrl/instr_mem/buf[2]_i_1/O
                         net (fo=1, routed)           0.000     9.248    top_inst/mem_ctrl/buf_b/D[2]
    SLICE_X64Y54         FDRE                                         r  top_inst/mem_ctrl/buf_b/buf_reg[2]/D
  -------------------------------------------------------------------    -------------------

                         (clock sys_clk_pin rise edge)
                                                     10.000    10.000 r  
    E3                                                0.000    10.000 r  CLK100MHZ (IN)
                         net (fo=0)                   0.000    10.000    CLK100MHZ
    E3                   IBUF (Prop_ibuf_I_O)         1.418    11.418 r  CLK100MHZ_IBUF_inst/O
                         net (fo=1, routed)           1.862    13.280    CLK100MHZ_IBUF
    BUFGCTRL_X0Y16       BUFG (Prop_bufg_I_O)         0.091    13.371 r  CLK100MHZ_IBUF_BUFG_inst/O
                         net (fo=33, routed)          1.506    14.877    top_inst/mem_ctrl/buf_b/clk
    SLICE_X64Y54         FDRE                                         r  top_inst/mem_ctrl/buf_b/buf_reg[2]/C
                         clock pessimism              0.259    15.136    
                         clock uncertainty           -0.035    15.101    
    SLICE_X64Y54         FDRE (Setup_fdre_C_D)        0.079    15.180    top_inst/mem_ctrl/buf_b/buf_reg[2]
  -------------------------------------------------------------------
                         required time                         15.180    
                         arrival time                          -9.248    
  -------------------------------------------------------------------
                         slack                                  5.932    

Slack (MET) :             5.942ns  (required time - arrival time)
  Source:                 top_inst/mem_ctrl/buf_a/buf_reg[2]/C
                            (rising edge-triggered cell FDRE clocked by sys_clk_pin  {rise@0.000ns fall@5.000ns period=10.000ns})
  Destination:            top_inst/mem_ctrl/cache_2/buf_reg[2]/D
                            (rising edge-triggered cell FDRE clocked by sys_clk_pin  {rise@0.000ns fall@5.000ns period=10.000ns})
  Path Group:             sys_clk_pin
  Path Type:              Setup (Max at Slow Process Corner)
  Requirement:            10.000ns  (sys_clk_pin rise@10.000ns - sys_clk_pin rise@0.000ns)
  Data Path Delay:        4.102ns  (logic 0.981ns (23.914%)  route 3.121ns (76.086%))
  Logic Levels:           4  (LUT4=1 LUT5=2 LUT6=1)
  Clock Path Skew:        -0.038ns (DCD - SCD + CPR)
    Destination Clock Delay (DCD):    4.877ns = ( 14.877 - 10.000 ) 
    Source Clock Delay      (SCD):    5.174ns
    Clock Pessimism Removal (CPR):    0.259ns
  Clock Uncertainty:      0.035ns  ((TSJ^2 + TIJ^2)^1/2 + DJ) / 2 + PE
    Total System Jitter     (TSJ):    0.071ns
    Total Input Jitter      (TIJ):    0.000ns
    Discrete Jitter          (DJ):    0.000ns
    Phase Error              (PE):    0.000ns

    Location             Delay type                Incr(ns)  Path(ns)    Netlist Resource(s)
  -------------------------------------------------------------------    -------------------
                         (clock sys_clk_pin rise edge)
                                                      0.000     0.000 r  
    E3                                                0.000     0.000 r  CLK100MHZ (IN)
                         net (fo=0)                   0.000     0.000    CLK100MHZ
    E3                   IBUF (Prop_ibuf_I_O)         1.489     1.489 r  CLK100MHZ_IBUF_inst/O
                         net (fo=1, routed)           1.967     3.455    CLK100MHZ_IBUF
    BUFGCTRL_X0Y16       BUFG (Prop_bufg_I_O)         0.096     3.551 r  CLK100MHZ_IBUF_BUFG_inst/O
                         net (fo=33, routed)          1.623     5.174    top_inst/mem_ctrl/buf_a/clk
    SLICE_X61Y56         FDRE                                         r  top_inst/mem_ctrl/buf_a/buf_reg[2]/C
  -------------------------------------------------------------------    -------------------
    SLICE_X61Y56         FDRE (Prop_fdre_C_Q)         0.456     5.630 r  top_inst/mem_ctrl/buf_a/buf_reg[2]/Q
                         net (fo=18, routed)          1.394     7.024    top_inst/mem_ctrl/buf_b/A_to_ual[2]
    SLICE_X64Y53         LUT6 (Prop_lut6_I2_O)        0.124     7.148 r  top_inst/mem_ctrl/buf_b/led_OBUF[2]_inst_i_5/O
                         net (fo=1, routed)           0.689     7.837    top_inst/mem_ctrl/buf_b/led_OBUF[2]_inst_i_5_n_0
    SLICE_X64Y53         LUT5 (Prop_lut5_I0_O)        0.124     7.961 r  top_inst/mem_ctrl/buf_b/led_OBUF[2]_inst_i_3/O
                         net (fo=1, routed)           0.425     8.386    top_inst/mem_ctrl/reg_sel_fct/buf_reg[2]_0
    SLICE_X63Y53         LUT5 (Prop_lut5_I2_O)        0.124     8.510 r  top_inst/mem_ctrl/reg_sel_fct/led_OBUF[2]_inst_i_1/O
                         net (fo=3, routed)           0.613     9.124    top_inst/mem_ctrl/instr_mem/led_OBUF[0]
    SLICE_X64Y54         LUT4 (Prop_lut4_I0_O)        0.153     9.277 r  top_inst/mem_ctrl/instr_mem/buf[2]_i_1__0/O
                         net (fo=1, routed)           0.000     9.277    top_inst/mem_ctrl/cache_2/D[2]
    SLICE_X64Y54         FDRE                                         r  top_inst/mem_ctrl/cache_2/buf_reg[2]/D
  -------------------------------------------------------------------    -------------------

                         (clock sys_clk_pin rise edge)
                                                     10.000    10.000 r  
    E3                                                0.000    10.000 r  CLK100MHZ (IN)
                         net (fo=0)                   0.000    10.000    CLK100MHZ
    E3                   IBUF (Prop_ibuf_I_O)         1.418    11.418 r  CLK100MHZ_IBUF_inst/O
                         net (fo=1, routed)           1.862    13.280    CLK100MHZ_IBUF
    BUFGCTRL_X0Y16       BUFG (Prop_bufg_I_O)         0.091    13.371 r  CLK100MHZ_IBUF_BUFG_inst/O
                         net (fo=33, routed)          1.506    14.877    top_inst/mem_ctrl/cache_2/clk
    SLICE_X64Y54         FDRE                                         r  top_inst/mem_ctrl/cache_2/buf_reg[2]/C
                         clock pessimism              0.259    15.136    
                         clock uncertainty           -0.035    15.101    
    SLICE_X64Y54         FDRE (Setup_fdre_C_D)        0.118    15.219    top_inst/mem_ctrl/cache_2/buf_reg[2]
  -------------------------------------------------------------------
                         required time                         15.219    
                         arrival time                          -9.277    
  -------------------------------------------------------------------
                         slack                                  5.942    

Slack (MET) :             6.521ns  (required time - arrival time)
  Source:                 top_inst/mem_ctrl/buf_a/buf_reg[0]/C
                            (rising edge-triggered cell FDRE clocked by sys_clk_pin  {rise@0.000ns fall@5.000ns period=10.000ns})
  Destination:            top_inst/mem_ctrl/buf_b/buf_reg[1]/D
                            (rising edge-triggered cell FDRE clocked by sys_clk_pin  {rise@0.000ns fall@5.000ns period=10.000ns})
  Path Group:             sys_clk_pin
  Path Type:              Setup (Max at Slow Process Corner)
  Requirement:            10.000ns  (sys_clk_pin rise@10.000ns - sys_clk_pin rise@0.000ns)
  Data Path Delay:        3.501ns  (logic 0.828ns (23.653%)  route 2.673ns (76.347%))
  Logic Levels:           3  (LUT5=2 LUT6=1)
  Clock Path Skew:        -0.024ns (DCD - SCD + CPR)
    Destination Clock Delay (DCD):    4.877ns = ( 14.877 - 10.000 ) 
    Source Clock Delay      (SCD):    5.174ns
    Clock Pessimism Removal (CPR):    0.273ns
  Clock Uncertainty:      0.035ns  ((TSJ^2 + TIJ^2)^1/2 + DJ) / 2 + PE
    Total System Jitter     (TSJ):    0.071ns
    Total Input Jitter      (TIJ):    0.000ns
    Discrete Jitter          (DJ):    0.000ns
    Phase Error              (PE):    0.000ns

    Location             Delay type                Incr(ns)  Path(ns)    Netlist Resource(s)
  -------------------------------------------------------------------    -------------------
                         (clock sys_clk_pin rise edge)
                                                      0.000     0.000 r  
    E3                                                0.000     0.000 r  CLK100MHZ (IN)
                         net (fo=0)                   0.000     0.000    CLK100MHZ
    E3                   IBUF (Prop_ibuf_I_O)         1.489     1.489 r  CLK100MHZ_IBUF_inst/O
                         net (fo=1, routed)           1.967     3.455    CLK100MHZ_IBUF
    BUFGCTRL_X0Y16       BUFG (Prop_bufg_I_O)         0.096     3.551 r  CLK100MHZ_IBUF_BUFG_inst/O
                         net (fo=33, routed)          1.623     5.174    top_inst/mem_ctrl/buf_a/clk
    SLICE_X62Y58         FDRE                                         r  top_inst/mem_ctrl/buf_a/buf_reg[0]/C
  -------------------------------------------------------------------    -------------------
    SLICE_X62Y58         FDRE (Prop_fdre_C_Q)         0.456     5.630 r  top_inst/mem_ctrl/buf_a/buf_reg[0]/Q
                         net (fo=19, routed)          1.329     6.959    top_inst/mem_ctrl/reg_sel_fct/A_to_ual[0]
    SLICE_X62Y53         LUT6 (Prop_lut6_I2_O)        0.124     7.083 r  top_inst/mem_ctrl/reg_sel_fct/led_OBUF[1]_inst_i_3/O
                         net (fo=1, routed)           0.656     7.739    top_inst/mem_ctrl/reg_sel_fct/led_OBUF[1]_inst_i_3_n_0
    SLICE_X63Y53         LUT5 (Prop_lut5_I2_O)        0.124     7.863 r  top_inst/mem_ctrl/reg_sel_fct/led_OBUF[1]_inst_i_1/O
                         net (fo=4, routed)           0.688     8.551    top_inst/mem_ctrl/instr_mem/led0_b_OBUF
    SLICE_X64Y54         LUT5 (Prop_lut5_I1_O)        0.124     8.675 r  top_inst/mem_ctrl/instr_mem/buf[1]_i_1/O
                         net (fo=1, routed)           0.000     8.675    top_inst/mem_ctrl/buf_b/D[1]
    SLICE_X64Y54         FDRE                                         r  top_inst/mem_ctrl/buf_b/buf_reg[1]/D
  -------------------------------------------------------------------    -------------------

                         (clock sys_clk_pin rise edge)
                                                     10.000    10.000 r  
    E3                                                0.000    10.000 r  CLK100MHZ (IN)
                         net (fo=0)                   0.000    10.000    CLK100MHZ
    E3                   IBUF (Prop_ibuf_I_O)         1.418    11.418 r  CLK100MHZ_IBUF_inst/O
                         net (fo=1, routed)           1.862    13.280    CLK100MHZ_IBUF
    BUFGCTRL_X0Y16       BUFG (Prop_bufg_I_O)         0.091    13.371 r  CLK100MHZ_IBUF_BUFG_inst/O
                         net (fo=33, routed)          1.506    14.877    top_inst/mem_ctrl/buf_b/clk
    SLICE_X64Y54         FDRE                                         r  top_inst/mem_ctrl/buf_b/buf_reg[1]/C
                         clock pessimism              0.273    15.150    
                         clock uncertainty           -0.035    15.115    
    SLICE_X64Y54         FDRE (Setup_fdre_C_D)        0.081    15.196    top_inst/mem_ctrl/buf_b/buf_reg[1]
  -------------------------------------------------------------------
                         required time                         15.196    
                         arrival time                          -8.675    
  -------------------------------------------------------------------
                         slack                                  6.521    

Slack (MET) :             6.532ns  (required time - arrival time)
  Source:                 top_inst/mem_ctrl/buf_a/buf_reg[0]/C
                            (rising edge-triggered cell FDRE clocked by sys_clk_pin  {rise@0.000ns fall@5.000ns period=10.000ns})
  Destination:            top_inst/mem_ctrl/cache_2/buf_reg[1]/D
                            (rising edge-triggered cell FDRE clocked by sys_clk_pin  {rise@0.000ns fall@5.000ns period=10.000ns})
  Path Group:             sys_clk_pin
  Path Type:              Setup (Max at Slow Process Corner)
  Requirement:            10.000ns  (sys_clk_pin rise@10.000ns - sys_clk_pin rise@0.000ns)
  Data Path Delay:        3.527ns  (logic 0.854ns (24.216%)  route 2.673ns (75.784%))
  Logic Levels:           3  (LUT4=1 LUT5=1 LUT6=1)
  Clock Path Skew:        -0.024ns (DCD - SCD + CPR)
    Destination Clock Delay (DCD):    4.877ns = ( 14.877 - 10.000 ) 
    Source Clock Delay      (SCD):    5.174ns
    Clock Pessimism Removal (CPR):    0.273ns
  Clock Uncertainty:      0.035ns  ((TSJ^2 + TIJ^2)^1/2 + DJ) / 2 + PE
    Total System Jitter     (TSJ):    0.071ns
    Total Input Jitter      (TIJ):    0.000ns
    Discrete Jitter          (DJ):    0.000ns
    Phase Error              (PE):    0.000ns

    Location             Delay type                Incr(ns)  Path(ns)    Netlist Resource(s)
  -------------------------------------------------------------------    -------------------
                         (clock sys_clk_pin rise edge)
                                                      0.000     0.000 r  
    E3                                                0.000     0.000 r  CLK100MHZ (IN)
                         net (fo=0)                   0.000     0.000    CLK100MHZ
    E3                   IBUF (Prop_ibuf_I_O)         1.489     1.489 r  CLK100MHZ_IBUF_inst/O
                         net (fo=1, routed)           1.967     3.455    CLK100MHZ_IBUF
    BUFGCTRL_X0Y16       BUFG (Prop_bufg_I_O)         0.096     3.551 r  CLK100MHZ_IBUF_BUFG_inst/O
                         net (fo=33, routed)          1.623     5.174    top_inst/mem_ctrl/buf_a/clk
    SLICE_X62Y58         FDRE                                         r  top_inst/mem_ctrl/buf_a/buf_reg[0]/C
  -------------------------------------------------------------------    -------------------
    SLICE_X62Y58         FDRE (Prop_fdre_C_Q)         0.456     5.630 r  top_inst/mem_ctrl/buf_a/buf_reg[0]/Q
                         net (fo=19, routed)          1.329     6.959    top_inst/mem_ctrl/reg_sel_fct/A_to_ual[0]
    SLICE_X62Y53         LUT6 (Prop_lut6_I2_O)        0.124     7.083 r  top_inst/mem_ctrl/reg_sel_fct/led_OBUF[1]_inst_i_3/O
                         net (fo=1, routed)           0.656     7.739    top_inst/mem_ctrl/reg_sel_fct/led_OBUF[1]_inst_i_3_n_0
    SLICE_X63Y53         LUT5 (Prop_lut5_I2_O)        0.124     7.863 r  top_inst/mem_ctrl/reg_sel_fct/led_OBUF[1]_inst_i_1/O
                         net (fo=4, routed)           0.688     8.551    top_inst/mem_ctrl/instr_mem/led0_b_OBUF
    SLICE_X64Y54         LUT4 (Prop_lut4_I0_O)        0.150     8.701 r  top_inst/mem_ctrl/instr_mem/buf[1]_i_1__0/O
                         net (fo=1, routed)           0.000     8.701    top_inst/mem_ctrl/cache_2/D[1]
    SLICE_X64Y54         FDRE                                         r  top_inst/mem_ctrl/cache_2/buf_reg[1]/D
  -------------------------------------------------------------------    -------------------

                         (clock sys_clk_pin rise edge)
                                                     10.000    10.000 r  
    E3                                                0.000    10.000 r  CLK100MHZ (IN)
                         net (fo=0)                   0.000    10.000    CLK100MHZ
    E3                   IBUF (Prop_ibuf_I_O)         1.418    11.418 r  CLK100MHZ_IBUF_inst/O
                         net (fo=1, routed)           1.862    13.280    CLK100MHZ_IBUF
    BUFGCTRL_X0Y16       BUFG (Prop_bufg_I_O)         0.091    13.371 r  CLK100MHZ_IBUF_BUFG_inst/O
                         net (fo=33, routed)          1.506    14.877    top_inst/mem_ctrl/cache_2/clk
    SLICE_X64Y54         FDRE                                         r  top_inst/mem_ctrl/cache_2/buf_reg[1]/C
                         clock pessimism              0.273    15.150    
                         clock uncertainty           -0.035    15.115    
    SLICE_X64Y54         FDRE (Setup_fdre_C_D)        0.118    15.233    top_inst/mem_ctrl/cache_2/buf_reg[1]
  -------------------------------------------------------------------
                         required time                         15.233    
                         arrival time                          -8.701    
  -------------------------------------------------------------------
                         slack                                  6.532    

Slack (MET) :             6.745ns  (required time - arrival time)
  Source:                 top_inst/mem_ctrl/instr_mem/pc_reg_rep[3]/C
                            (rising edge-triggered cell FDRE clocked by sys_clk_pin  {rise@0.000ns fall@5.000ns period=10.000ns})
  Destination:            top_inst/mem_ctrl/buf_b/buf_reg[0]/CE
                            (rising edge-triggered cell FDRE clocked by sys_clk_pin  {rise@0.000ns fall@5.000ns period=10.000ns})
  Path Group:             sys_clk_pin
  Path Type:              Setup (Max at Slow Process Corner)
  Requirement:            10.000ns  (sys_clk_pin rise@10.000ns - sys_clk_pin rise@0.000ns)
  Data Path Delay:        2.795ns  (logic 0.737ns (26.371%)  route 2.058ns (73.629%))
  Logic Levels:           2  (LUT3=1 LUT5=1)
  Clock Path Skew:        -0.025ns (DCD - SCD + CPR)
    Destination Clock Delay (DCD):    4.877ns = ( 14.877 - 10.000 ) 
    Source Clock Delay      (SCD):    5.175ns
    Clock Pessimism Removal (CPR):    0.273ns
  Clock Uncertainty:      0.035ns  ((TSJ^2 + TIJ^2)^1/2 + DJ) / 2 + PE
    Total System Jitter     (TSJ):    0.071ns
    Total Input Jitter      (TIJ):    0.000ns
    Discrete Jitter          (DJ):    0.000ns
    Phase Error              (PE):    0.000ns

    Location             Delay type                Incr(ns)  Path(ns)    Netlist Resource(s)
  -------------------------------------------------------------------    -------------------
                         (clock sys_clk_pin rise edge)
                                                      0.000     0.000 r  
    E3                                                0.000     0.000 r  CLK100MHZ (IN)
                         net (fo=0)                   0.000     0.000    CLK100MHZ
    E3                   IBUF (Prop_ibuf_I_O)         1.489     1.489 r  CLK100MHZ_IBUF_inst/O
                         net (fo=1, routed)           1.967     3.455    CLK100MHZ_IBUF
    BUFGCTRL_X0Y16       BUFG (Prop_bufg_I_O)         0.096     3.551 r  CLK100MHZ_IBUF_BUFG_inst/O
                         net (fo=33, routed)          1.624     5.175    top_inst/mem_ctrl/instr_mem/clk
    SLICE_X65Y55         FDRE                                         r  top_inst/mem_ctrl/instr_mem/pc_reg_rep[3]/C
  -------------------------------------------------------------------    -------------------
    SLICE_X65Y55         FDRE (Prop_fdre_C_Q)         0.456     5.631 r  top_inst/mem_ctrl/instr_mem/pc_reg_rep[3]/Q
                         net (fo=2, routed)           0.816     6.448    top_inst/mem_ctrl/instr_mem/pc[3]
    SLICE_X65Y54         LUT5 (Prop_lut5_I1_O)        0.124     6.572 f  top_inst/mem_ctrl/instr_mem/reg[2]_i_2/O
                         net (fo=10, routed)          0.703     7.274    top_inst/mem_ctrl/instr_mem/reg[2]_i_2_n_0
    SLICE_X64Y54         LUT3 (Prop_lut3_I0_O)        0.157     7.431 r  top_inst/mem_ctrl/instr_mem/buf[3]_i_1/O
                         net (fo=7, routed)           0.539     7.970    top_inst/mem_ctrl/buf_b/E[0]
    SLICE_X64Y54         FDRE                                         r  top_inst/mem_ctrl/buf_b/buf_reg[0]/CE
  -------------------------------------------------------------------    -------------------

                         (clock sys_clk_pin rise edge)
                                                     10.000    10.000 r  
    E3                                                0.000    10.000 r  CLK100MHZ (IN)
                         net (fo=0)                   0.000    10.000    CLK100MHZ
    E3                   IBUF (Prop_ibuf_I_O)         1.418    11.418 r  CLK100MHZ_IBUF_inst/O
                         net (fo=1, routed)           1.862    13.280    CLK100MHZ_IBUF
    BUFGCTRL_X0Y16       BUFG (Prop_bufg_I_O)         0.091    13.371 r  CLK100MHZ_IBUF_BUFG_inst/O
                         net (fo=33, routed)          1.506    14.877    top_inst/mem_ctrl/buf_b/clk
    SLICE_X64Y54         FDRE                                         r  top_inst/mem_ctrl/buf_b/buf_reg[0]/C
                         clock pessimism              0.273    15.150    
                         clock uncertainty           -0.035    15.115    
    SLICE_X64Y54         FDRE (Setup_fdre_C_CE)      -0.400    14.715    top_inst/mem_ctrl/buf_b/buf_reg[0]
  -------------------------------------------------------------------
                         required time                         14.715    
                         arrival time                          -7.970    
  -------------------------------------------------------------------
                         slack                                  6.745    

Slack (MET) :             6.745ns  (required time - arrival time)
  Source:                 top_inst/mem_ctrl/instr_mem/pc_reg_rep[3]/C
                            (rising edge-triggered cell FDRE clocked by sys_clk_pin  {rise@0.000ns fall@5.000ns period=10.000ns})
  Destination:            top_inst/mem_ctrl/buf_b/buf_reg[1]/CE
                            (rising edge-triggered cell FDRE clocked by sys_clk_pin  {rise@0.000ns fall@5.000ns period=10.000ns})
  Path Group:             sys_clk_pin
  Path Type:              Setup (Max at Slow Process Corner)
  Requirement:            10.000ns  (sys_clk_pin rise@10.000ns - sys_clk_pin rise@0.000ns)
  Data Path Delay:        2.795ns  (logic 0.737ns (26.371%)  route 2.058ns (73.629%))
  Logic Levels:           2  (LUT3=1 LUT5=1)
  Clock Path Skew:        -0.025ns (DCD - SCD + CPR)
    Destination Clock Delay (DCD):    4.877ns = ( 14.877 - 10.000 ) 
    Source Clock Delay      (SCD):    5.175ns
    Clock Pessimism Removal (CPR):    0.273ns
  Clock Uncertainty:      0.035ns  ((TSJ^2 + TIJ^2)^1/2 + DJ) / 2 + PE
    Total System Jitter     (TSJ):    0.071ns
    Total Input Jitter      (TIJ):    0.000ns
    Discrete Jitter          (DJ):    0.000ns
    Phase Error              (PE):    0.000ns

    Location             Delay type                Incr(ns)  Path(ns)    Netlist Resource(s)
  -------------------------------------------------------------------    -------------------
                         (clock sys_clk_pin rise edge)
                                                      0.000     0.000 r  
    E3                                                0.000     0.000 r  CLK100MHZ (IN)
                         net (fo=0)                   0.000     0.000    CLK100MHZ
    E3                   IBUF (Prop_ibuf_I_O)         1.489     1.489 r  CLK100MHZ_IBUF_inst/O
                         net (fo=1, routed)           1.967     3.455    CLK100MHZ_IBUF
    BUFGCTRL_X0Y16       BUFG (Prop_bufg_I_O)         0.096     3.551 r  CLK100MHZ_IBUF_BUFG_inst/O
                         net (fo=33, routed)          1.624     5.175    top_inst/mem_ctrl/instr_mem/clk
    SLICE_X65Y55         FDRE                                         r  top_inst/mem_ctrl/instr_mem/pc_reg_rep[3]/C
  -------------------------------------------------------------------    -------------------
    SLICE_X65Y55         FDRE (Prop_fdre_C_Q)         0.456     5.631 r  top_inst/mem_ctrl/instr_mem/pc_reg_rep[3]/Q
                         net (fo=2, routed)           0.816     6.448    top_inst/mem_ctrl/instr_mem/pc[3]
    SLICE_X65Y54         LUT5 (Prop_lut5_I1_O)        0.124     6.572 f  top_inst/mem_ctrl/instr_mem/reg[2]_i_2/O
                         net (fo=10, routed)          0.703     7.274    top_inst/mem_ctrl/instr_mem/reg[2]_i_2_n_0
    SLICE_X64Y54         LUT3 (Prop_lut3_I0_O)        0.157     7.431 r  top_inst/mem_ctrl/instr_mem/buf[3]_i_1/O
                         net (fo=7, routed)           0.539     7.970    top_inst/mem_ctrl/buf_b/E[0]
    SLICE_X64Y54         FDRE                                         r  top_inst/mem_ctrl/buf_b/buf_reg[1]/CE
  -------------------------------------------------------------------    -------------------

                         (clock sys_clk_pin rise edge)
                                                     10.000    10.000 r  
    E3                                                0.000    10.000 r  CLK100MHZ (IN)
                         net (fo=0)                   0.000    10.000    CLK100MHZ
    E3                   IBUF (Prop_ibuf_I_O)         1.418    11.418 r  CLK100MHZ_IBUF_inst/O
                         net (fo=1, routed)           1.862    13.280    CLK100MHZ_IBUF
    BUFGCTRL_X0Y16       BUFG (Prop_bufg_I_O)         0.091    13.371 r  CLK100MHZ_IBUF_BUFG_inst/O
                         net (fo=33, routed)          1.506    14.877    top_inst/mem_ctrl/buf_b/clk
    SLICE_X64Y54         FDRE                                         r  top_inst/mem_ctrl/buf_b/buf_reg[1]/C
                         clock pessimism              0.273    15.150    
                         clock uncertainty           -0.035    15.115    
    SLICE_X64Y54         FDRE (Setup_fdre_C_CE)      -0.400    14.715    top_inst/mem_ctrl/buf_b/buf_reg[1]
  -------------------------------------------------------------------
                         required time                         14.715    
                         arrival time                          -7.970    
  -------------------------------------------------------------------
                         slack                                  6.745    

Slack (MET) :             6.745ns  (required time - arrival time)
  Source:                 top_inst/mem_ctrl/instr_mem/pc_reg_rep[3]/C
                            (rising edge-triggered cell FDRE clocked by sys_clk_pin  {rise@0.000ns fall@5.000ns period=10.000ns})
  Destination:            top_inst/mem_ctrl/buf_b/buf_reg[2]/CE
                            (rising edge-triggered cell FDRE clocked by sys_clk_pin  {rise@0.000ns fall@5.000ns period=10.000ns})
  Path Group:             sys_clk_pin
  Path Type:              Setup (Max at Slow Process Corner)
  Requirement:            10.000ns  (sys_clk_pin rise@10.000ns - sys_clk_pin rise@0.000ns)
  Data Path Delay:        2.795ns  (logic 0.737ns (26.371%)  route 2.058ns (73.629%))
  Logic Levels:           2  (LUT3=1 LUT5=1)
  Clock Path Skew:        -0.025ns (DCD - SCD + CPR)
    Destination Clock Delay (DCD):    4.877ns = ( 14.877 - 10.000 ) 
    Source Clock Delay      (SCD):    5.175ns
    Clock Pessimism Removal (CPR):    0.273ns
  Clock Uncertainty:      0.035ns  ((TSJ^2 + TIJ^2)^1/2 + DJ) / 2 + PE
    Total System Jitter     (TSJ):    0.071ns
    Total Input Jitter      (TIJ):    0.000ns
    Discrete Jitter          (DJ):    0.000ns
    Phase Error              (PE):    0.000ns

    Location             Delay type                Incr(ns)  Path(ns)    Netlist Resource(s)
  -------------------------------------------------------------------    -------------------
                         (clock sys_clk_pin rise edge)
                                                      0.000     0.000 r  
    E3                                                0.000     0.000 r  CLK100MHZ (IN)
                         net (fo=0)                   0.000     0.000    CLK100MHZ
    E3                   IBUF (Prop_ibuf_I_O)         1.489     1.489 r  CLK100MHZ_IBUF_inst/O
                         net (fo=1, routed)           1.967     3.455    CLK100MHZ_IBUF
    BUFGCTRL_X0Y16       BUFG (Prop_bufg_I_O)         0.096     3.551 r  CLK100MHZ_IBUF_BUFG_inst/O
                         net (fo=33, routed)          1.624     5.175    top_inst/mem_ctrl/instr_mem/clk
    SLICE_X65Y55         FDRE                                         r  top_inst/mem_ctrl/instr_mem/pc_reg_rep[3]/C
  -------------------------------------------------------------------    -------------------
    SLICE_X65Y55         FDRE (Prop_fdre_C_Q)         0.456     5.631 r  top_inst/mem_ctrl/instr_mem/pc_reg_rep[3]/Q
                         net (fo=2, routed)           0.816     6.448    top_inst/mem_ctrl/instr_mem/pc[3]
    SLICE_X65Y54         LUT5 (Prop_lut5_I1_O)        0.124     6.572 f  top_inst/mem_ctrl/instr_mem/reg[2]_i_2/O
                         net (fo=10, routed)          0.703     7.274    top_inst/mem_ctrl/instr_mem/reg[2]_i_2_n_0
    SLICE_X64Y54         LUT3 (Prop_lut3_I0_O)        0.157     7.431 r  top_inst/mem_ctrl/instr_mem/buf[3]_i_1/O
                         net (fo=7, routed)           0.539     7.970    top_inst/mem_ctrl/buf_b/E[0]
    SLICE_X64Y54         FDRE                                         r  top_inst/mem_ctrl/buf_b/buf_reg[2]/CE
  -------------------------------------------------------------------    -------------------

                         (clock sys_clk_pin rise edge)
                                                     10.000    10.000 r  
    E3                                                0.000    10.000 r  CLK100MHZ (IN)
                         net (fo=0)                   0.000    10.000    CLK100MHZ
    E3                   IBUF (Prop_ibuf_I_O)         1.418    11.418 r  CLK100MHZ_IBUF_inst/O
                         net (fo=1, routed)           1.862    13.280    CLK100MHZ_IBUF
    BUFGCTRL_X0Y16       BUFG (Prop_bufg_I_O)         0.091    13.371 r  CLK100MHZ_IBUF_BUFG_inst/O
                         net (fo=33, routed)          1.506    14.877    top_inst/mem_ctrl/buf_b/clk
    SLICE_X64Y54         FDRE                                         r  top_inst/mem_ctrl/buf_b/buf_reg[2]/C
                         clock pessimism              0.273    15.150    
                         clock uncertainty           -0.035    15.115    
    SLICE_X64Y54         FDRE (Setup_fdre_C_CE)      -0.400    14.715    top_inst/mem_ctrl/buf_b/buf_reg[2]
  -------------------------------------------------------------------
                         required time                         14.715    
                         arrival time                          -7.970    
  -------------------------------------------------------------------
                         slack                                  6.745    

Slack (MET) :             6.745ns  (required time - arrival time)
  Source:                 top_inst/mem_ctrl/instr_mem/pc_reg_rep[3]/C
                            (rising edge-triggered cell FDRE clocked by sys_clk_pin  {rise@0.000ns fall@5.000ns period=10.000ns})
  Destination:            top_inst/mem_ctrl/cache_2/buf_reg[0]/CE
                            (rising edge-triggered cell FDRE clocked by sys_clk_pin  {rise@0.000ns fall@5.000ns period=10.000ns})
  Path Group:             sys_clk_pin
  Path Type:              Setup (Max at Slow Process Corner)
  Requirement:            10.000ns  (sys_clk_pin rise@10.000ns - sys_clk_pin rise@0.000ns)
  Data Path Delay:        2.795ns  (logic 0.737ns (26.371%)  route 2.058ns (73.629%))
  Logic Levels:           2  (LUT3=1 LUT5=1)
  Clock Path Skew:        -0.025ns (DCD - SCD + CPR)
    Destination Clock Delay (DCD):    4.877ns = ( 14.877 - 10.000 ) 
    Source Clock Delay      (SCD):    5.175ns
    Clock Pessimism Removal (CPR):    0.273ns
  Clock Uncertainty:      0.035ns  ((TSJ^2 + TIJ^2)^1/2 + DJ) / 2 + PE
    Total System Jitter     (TSJ):    0.071ns
    Total Input Jitter      (TIJ):    0.000ns
    Discrete Jitter          (DJ):    0.000ns
    Phase Error              (PE):    0.000ns

    Location             Delay type                Incr(ns)  Path(ns)    Netlist Resource(s)
  -------------------------------------------------------------------    -------------------
                         (clock sys_clk_pin rise edge)
                                                      0.000     0.000 r  
    E3                                                0.000     0.000 r  CLK100MHZ (IN)
                         net (fo=0)                   0.000     0.000    CLK100MHZ
    E3                   IBUF (Prop_ibuf_I_O)         1.489     1.489 r  CLK100MHZ_IBUF_inst/O
                         net (fo=1, routed)           1.967     3.455    CLK100MHZ_IBUF
    BUFGCTRL_X0Y16       BUFG (Prop_bufg_I_O)         0.096     3.551 r  CLK100MHZ_IBUF_BUFG_inst/O
                         net (fo=33, routed)          1.624     5.175    top_inst/mem_ctrl/instr_mem/clk
    SLICE_X65Y55         FDRE                                         r  top_inst/mem_ctrl/instr_mem/pc_reg_rep[3]/C
  -------------------------------------------------------------------    -------------------
    SLICE_X65Y55         FDRE (Prop_fdre_C_Q)         0.456     5.631 r  top_inst/mem_ctrl/instr_mem/pc_reg_rep[3]/Q
                         net (fo=2, routed)           0.816     6.448    top_inst/mem_ctrl/instr_mem/pc[3]
    SLICE_X65Y54         LUT5 (Prop_lut5_I1_O)        0.124     6.572 f  top_inst/mem_ctrl/instr_mem/reg[2]_i_2/O
                         net (fo=10, routed)          0.703     7.274    top_inst/mem_ctrl/instr_mem/reg[2]_i_2_n_0
    SLICE_X64Y54         LUT3 (Prop_lut3_I0_O)        0.157     7.431 r  top_inst/mem_ctrl/instr_mem/buf[3]_i_1/O
                         net (fo=7, routed)           0.539     7.970    top_inst/mem_ctrl/cache_2/E[0]
    SLICE_X64Y54         FDRE                                         r  top_inst/mem_ctrl/cache_2/buf_reg[0]/CE
  -------------------------------------------------------------------    -------------------

                         (clock sys_clk_pin rise edge)
                                                     10.000    10.000 r  
    E3                                                0.000    10.000 r  CLK100MHZ (IN)
                         net (fo=0)                   0.000    10.000    CLK100MHZ
    E3                   IBUF (Prop_ibuf_I_O)         1.418    11.418 r  CLK100MHZ_IBUF_inst/O
                         net (fo=1, routed)           1.862    13.280    CLK100MHZ_IBUF
    BUFGCTRL_X0Y16       BUFG (Prop_bufg_I_O)         0.091    13.371 r  CLK100MHZ_IBUF_BUFG_inst/O
                         net (fo=33, routed)          1.506    14.877    top_inst/mem_ctrl/cache_2/clk
    SLICE_X64Y54         FDRE                                         r  top_inst/mem_ctrl/cache_2/buf_reg[0]/C
                         clock pessimism              0.273    15.150    
                         clock uncertainty           -0.035    15.115    
    SLICE_X64Y54         FDRE (Setup_fdre_C_CE)      -0.400    14.715    top_inst/mem_ctrl/cache_2/buf_reg[0]
  -------------------------------------------------------------------
                         required time                         14.715    
                         arrival time                          -7.970    
  -------------------------------------------------------------------
                         slack                                  6.745    

Slack (MET) :             6.745ns  (required time - arrival time)
  Source:                 top_inst/mem_ctrl/instr_mem/pc_reg_rep[3]/C
                            (rising edge-triggered cell FDRE clocked by sys_clk_pin  {rise@0.000ns fall@5.000ns period=10.000ns})
  Destination:            top_inst/mem_ctrl/cache_2/buf_reg[1]/CE
                            (rising edge-triggered cell FDRE clocked by sys_clk_pin  {rise@0.000ns fall@5.000ns period=10.000ns})
  Path Group:             sys_clk_pin
  Path Type:              Setup (Max at Slow Process Corner)
  Requirement:            10.000ns  (sys_clk_pin rise@10.000ns - sys_clk_pin rise@0.000ns)
  Data Path Delay:        2.795ns  (logic 0.737ns (26.371%)  route 2.058ns (73.629%))
  Logic Levels:           2  (LUT3=1 LUT5=1)
  Clock Path Skew:        -0.025ns (DCD - SCD + CPR)
    Destination Clock Delay (DCD):    4.877ns = ( 14.877 - 10.000 ) 
    Source Clock Delay      (SCD):    5.175ns
    Clock Pessimism Removal (CPR):    0.273ns
  Clock Uncertainty:      0.035ns  ((TSJ^2 + TIJ^2)^1/2 + DJ) / 2 + PE
    Total System Jitter     (TSJ):    0.071ns
    Total Input Jitter      (TIJ):    0.000ns
    Discrete Jitter          (DJ):    0.000ns
    Phase Error              (PE):    0.000ns

    Location             Delay type                Incr(ns)  Path(ns)    Netlist Resource(s)
  -------------------------------------------------------------------    -------------------
                         (clock sys_clk_pin rise edge)
                                                      0.000     0.000 r  
    E3                                                0.000     0.000 r  CLK100MHZ (IN)
                         net (fo=0)                   0.000     0.000    CLK100MHZ
    E3                   IBUF (Prop_ibuf_I_O)         1.489     1.489 r  CLK100MHZ_IBUF_inst/O
                         net (fo=1, routed)           1.967     3.455    CLK100MHZ_IBUF
    BUFGCTRL_X0Y16       BUFG (Prop_bufg_I_O)         0.096     3.551 r  CLK100MHZ_IBUF_BUFG_inst/O
                         net (fo=33, routed)          1.624     5.175    top_inst/mem_ctrl/instr_mem/clk
    SLICE_X65Y55         FDRE                                         r  top_inst/mem_ctrl/instr_mem/pc_reg_rep[3]/C
  -------------------------------------------------------------------    -------------------
    SLICE_X65Y55         FDRE (Prop_fdre_C_Q)         0.456     5.631 r  top_inst/mem_ctrl/instr_mem/pc_reg_rep[3]/Q
                         net (fo=2, routed)           0.816     6.448    top_inst/mem_ctrl/instr_mem/pc[3]
    SLICE_X65Y54         LUT5 (Prop_lut5_I1_O)        0.124     6.572 f  top_inst/mem_ctrl/instr_mem/reg[2]_i_2/O
                         net (fo=10, routed)          0.703     7.274    top_inst/mem_ctrl/instr_mem/reg[2]_i_2_n_0
    SLICE_X64Y54         LUT3 (Prop_lut3_I0_O)        0.157     7.431 r  top_inst/mem_ctrl/instr_mem/buf[3]_i_1/O
                         net (fo=7, routed)           0.539     7.970    top_inst/mem_ctrl/cache_2/E[0]
    SLICE_X64Y54         FDRE                                         r  top_inst/mem_ctrl/cache_2/buf_reg[1]/CE
  -------------------------------------------------------------------    -------------------

                         (clock sys_clk_pin rise edge)
                                                     10.000    10.000 r  
    E3                                                0.000    10.000 r  CLK100MHZ (IN)
                         net (fo=0)                   0.000    10.000    CLK100MHZ
    E3                   IBUF (Prop_ibuf_I_O)         1.418    11.418 r  CLK100MHZ_IBUF_inst/O
                         net (fo=1, routed)           1.862    13.280    CLK100MHZ_IBUF
    BUFGCTRL_X0Y16       BUFG (Prop_bufg_I_O)         0.091    13.371 r  CLK100MHZ_IBUF_BUFG_inst/O
                         net (fo=33, routed)          1.506    14.877    top_inst/mem_ctrl/cache_2/clk
    SLICE_X64Y54         FDRE                                         r  top_inst/mem_ctrl/cache_2/buf_reg[1]/C
                         clock pessimism              0.273    15.150    
                         clock uncertainty           -0.035    15.115    
    SLICE_X64Y54         FDRE (Setup_fdre_C_CE)      -0.400    14.715    top_inst/mem_ctrl/cache_2/buf_reg[1]
  -------------------------------------------------------------------
                         required time                         14.715    
                         arrival time                          -7.970    
  -------------------------------------------------------------------
                         slack                                  6.745    





Min Delay Paths
--------------------------------------------------------------------------------------
Slack (MET) :             0.185ns  (arrival time - required time)
  Source:                 top_inst/custom_ops_inst/FSM_onehot_state_reg[0]/C
                            (rising edge-triggered cell FDSE clocked by sys_clk_pin  {rise@0.000ns fall@5.000ns period=10.000ns})
  Destination:            top_inst/custom_ops_inst/FSM_onehot_state_reg[1]/D
                            (rising edge-triggered cell FDRE clocked by sys_clk_pin  {rise@0.000ns fall@5.000ns period=10.000ns})
  Path Group:             sys_clk_pin
  Path Type:              Hold (Min at Fast Process Corner)
  Requirement:            0.000ns  (sys_clk_pin rise@0.000ns - sys_clk_pin rise@0.000ns)
  Data Path Delay:        0.305ns  (logic 0.246ns (80.588%)  route 0.059ns (19.412%))
  Logic Levels:           1  (LUT2=1)
  Clock Path Skew:        0.000ns (DCD - SCD - CPR)
    Destination Clock Delay (DCD):    2.018ns
    Source Clock Delay      (SCD):    1.502ns
    Clock Pessimism Removal (CPR):    0.515ns

    Location             Delay type                Incr(ns)  Path(ns)    Netlist Resource(s)
  -------------------------------------------------------------------    -------------------
                         (clock sys_clk_pin rise edge)
                                                      0.000     0.000 r  
    E3                                                0.000     0.000 r  CLK100MHZ (IN)
                         net (fo=0)                   0.000     0.000    CLK100MHZ
    E3                   IBUF (Prop_ibuf_I_O)         0.257     0.257 r  CLK100MHZ_IBUF_inst/O
                         net (fo=1, routed)           0.631     0.888    CLK100MHZ_IBUF
    BUFGCTRL_X0Y16       BUFG (Prop_bufg_I_O)         0.026     0.914 r  CLK100MHZ_IBUF_BUFG_inst/O
                         net (fo=33, routed)          0.589     1.502    top_inst/custom_ops_inst/clk
    SLICE_X64Y61         FDSE                                         r  top_inst/custom_ops_inst/FSM_onehot_state_reg[0]/C
  -------------------------------------------------------------------    -------------------
    SLICE_X64Y61         FDSE (Prop_fdse_C_Q)         0.148     1.650 r  top_inst/custom_ops_inst/FSM_onehot_state_reg[0]/Q
                         net (fo=1, routed)           0.059     1.710    top_inst/custom_ops_inst/FSM_onehot_state_reg_n_0_[0]
    SLICE_X64Y61         LUT2 (Prop_lut2_I0_O)        0.098     1.808 r  top_inst/custom_ops_inst/FSM_onehot_state[1]_i_1/O
                         net (fo=1, routed)           0.000     1.808    top_inst/custom_ops_inst/FSM_onehot_state[1]_i_1_n_0
    SLICE_X64Y61         FDRE                                         r  top_inst/custom_ops_inst/FSM_onehot_state_reg[1]/D
  -------------------------------------------------------------------    -------------------

                         (clock sys_clk_pin rise edge)
                                                      0.000     0.000 r  
    E3                                                0.000     0.000 r  CLK100MHZ (IN)
                         net (fo=0)                   0.000     0.000    CLK100MHZ
    E3                   IBUF (Prop_ibuf_I_O)         0.445     0.445 r  CLK100MHZ_IBUF_inst/O
                         net (fo=1, routed)           0.685     1.129    CLK100MHZ_IBUF
    BUFGCTRL_X0Y16       BUFG (Prop_bufg_I_O)         0.029     1.158 r  CLK100MHZ_IBUF_BUFG_inst/O
                         net (fo=33, routed)          0.860     2.018    top_inst/custom_ops_inst/clk
    SLICE_X64Y61         FDRE                                         r  top_inst/custom_ops_inst/FSM_onehot_state_reg[1]/C
                         clock pessimism             -0.515     1.502    
    SLICE_X64Y61         FDRE (Hold_fdre_C_D)         0.120     1.622    top_inst/custom_ops_inst/FSM_onehot_state_reg[1]
  -------------------------------------------------------------------
                         required time                         -1.622    
                         arrival time                           1.808    
  -------------------------------------------------------------------
                         slack                                  0.185    

Slack (MET) :             0.188ns  (arrival time - required time)
  Source:                 top_inst/mem_ctrl/instr_mem/pc_reg_rep[0]/C
                            (rising edge-triggered cell FDRE clocked by sys_clk_pin  {rise@0.000ns fall@5.000ns period=10.000ns})
  Destination:            top_inst/mem_ctrl/cache_2/buf_reg[0]/D
                            (rising edge-triggered cell FDRE clocked by sys_clk_pin  {rise@0.000ns fall@5.000ns period=10.000ns})
  Path Group:             sys_clk_pin
  Path Type:              Hold (Min at Fast Process Corner)
  Requirement:            0.000ns  (sys_clk_pin rise@0.000ns - sys_clk_pin rise@0.000ns)
  Data Path Delay:        0.332ns  (logic 0.189ns (56.992%)  route 0.143ns (43.008%))
  Logic Levels:           1  (LUT4=1)
  Clock Path Skew:        0.013ns (DCD - SCD - CPR)
    Destination Clock Delay (DCD):    2.020ns
    Source Clock Delay      (SCD):    1.504ns
    Clock Pessimism Removal (CPR):    0.502ns

    Location             Delay type                Incr(ns)  Path(ns)    Netlist Resource(s)
  -------------------------------------------------------------------    -------------------
                         (clock sys_clk_pin rise edge)
                                                      0.000     0.000 r  
    E3                                                0.000     0.000 r  CLK100MHZ (IN)
                         net (fo=0)                   0.000     0.000    CLK100MHZ
    E3                   IBUF (Prop_ibuf_I_O)         0.257     0.257 r  CLK100MHZ_IBUF_inst/O
                         net (fo=1, routed)           0.631     0.888    CLK100MHZ_IBUF
    BUFGCTRL_X0Y16       BUFG (Prop_bufg_I_O)         0.026     0.914 r  CLK100MHZ_IBUF_BUFG_inst/O
                         net (fo=33, routed)          0.591     1.504    top_inst/mem_ctrl/instr_mem/clk
    SLICE_X65Y54         FDRE                                         r  top_inst/mem_ctrl/instr_mem/pc_reg_rep[0]/C
  -------------------------------------------------------------------    -------------------
    SLICE_X65Y54         FDRE (Prop_fdre_C_Q)         0.141     1.645 f  top_inst/mem_ctrl/instr_mem/pc_reg_rep[0]/Q
                         net (fo=11, routed)          0.143     1.788    top_inst/mem_ctrl/instr_mem/pc[0]
    SLICE_X64Y54         LUT4 (Prop_lut4_I2_O)        0.048     1.836 r  top_inst/mem_ctrl/instr_mem/buf[0]_i_1/O
                         net (fo=1, routed)           0.000     1.836    top_inst/mem_ctrl/cache_2/D[0]
    SLICE_X64Y54         FDRE                                         r  top_inst/mem_ctrl/cache_2/buf_reg[0]/D
  -------------------------------------------------------------------    -------------------

                         (clock sys_clk_pin rise edge)
                                                      0.000     0.000 r  
    E3                                                0.000     0.000 r  CLK100MHZ (IN)
                         net (fo=0)                   0.000     0.000    CLK100MHZ
    E3                   IBUF (Prop_ibuf_I_O)         0.445     0.445 r  CLK100MHZ_IBUF_inst/O
                         net (fo=1, routed)           0.685     1.129    CLK100MHZ_IBUF
    BUFGCTRL_X0Y16       BUFG (Prop_bufg_I_O)         0.029     1.158 r  CLK100MHZ_IBUF_BUFG_inst/O
                         net (fo=33, routed)          0.861     2.020    top_inst/mem_ctrl/cache_2/clk
    SLICE_X64Y54         FDRE                                         r  top_inst/mem_ctrl/cache_2/buf_reg[0]/C
                         clock pessimism             -0.502     1.517    
    SLICE_X64Y54         FDRE (Hold_fdre_C_D)         0.131     1.648    top_inst/mem_ctrl/cache_2/buf_reg[0]
  -------------------------------------------------------------------
                         required time                         -1.648    
                         arrival time                           1.836    
  -------------------------------------------------------------------
                         slack                                  0.188    

Slack (MET) :             0.191ns  (arrival time - required time)
  Source:                 top_inst/mem_ctrl/instr_mem/pc_reg_rep[5]/C
                            (rising edge-triggered cell FDRE clocked by sys_clk_pin  {rise@0.000ns fall@5.000ns period=10.000ns})
  Destination:            top_inst/mem_ctrl/reg_sel_fct/reg_reg[3]/D
                            (rising edge-triggered cell FDRE clocked by sys_clk_pin  {rise@0.000ns fall@5.000ns period=10.000ns})
  Path Group:             sys_clk_pin
  Path Type:              Hold (Min at Fast Process Corner)
  Requirement:            0.000ns  (sys_clk_pin rise@0.000ns - sys_clk_pin rise@0.000ns)
  Data Path Delay:        0.299ns  (logic 0.186ns (62.164%)  route 0.113ns (37.836%))
  Logic Levels:           1  (LUT6=1)
  Clock Path Skew:        0.016ns (DCD - SCD - CPR)
    Destination Clock Delay (DCD):    2.020ns
    Source Clock Delay      (SCD):    1.504ns
    Clock Pessimism Removal (CPR):    0.499ns

    Location             Delay type                Incr(ns)  Path(ns)    Netlist Resource(s)
  -------------------------------------------------------------------    -------------------
                         (clock sys_clk_pin rise edge)
                                                      0.000     0.000 r  
    E3                                                0.000     0.000 r  CLK100MHZ (IN)
                         net (fo=0)                   0.000     0.000    CLK100MHZ
    E3                   IBUF (Prop_ibuf_I_O)         0.257     0.257 r  CLK100MHZ_IBUF_inst/O
                         net (fo=1, routed)           0.631     0.888    CLK100MHZ_IBUF
    BUFGCTRL_X0Y16       BUFG (Prop_bufg_I_O)         0.026     0.914 r  CLK100MHZ_IBUF_BUFG_inst/O
                         net (fo=33, routed)          0.591     1.504    top_inst/mem_ctrl/instr_mem/clk
    SLICE_X65Y55         FDRE                                         r  top_inst/mem_ctrl/instr_mem/pc_reg_rep[5]/C
  -------------------------------------------------------------------    -------------------
    SLICE_X65Y55         FDRE (Prop_fdre_C_Q)         0.141     1.645 f  top_inst/mem_ctrl/instr_mem/pc_reg_rep[5]/Q
                         net (fo=2, routed)           0.113     1.759    top_inst/mem_ctrl/instr_mem/pc[5]
    SLICE_X65Y54         LUT6 (Prop_lut6_I1_O)        0.045     1.804 r  top_inst/mem_ctrl/instr_mem/reg[3]_i_1/O
                         net (fo=1, routed)           0.000     1.804    top_inst/mem_ctrl/reg_sel_fct/reg_reg[3]_0[3]
    SLICE_X65Y54         FDRE                                         r  top_inst/mem_ctrl/reg_sel_fct/reg_reg[3]/D
  -------------------------------------------------------------------    -------------------

                         (clock sys_clk_pin rise edge)
                                                      0.000     0.000 r  
    E3                                                0.000     0.000 r  CLK100MHZ (IN)
                         net (fo=0)                   0.000     0.000    CLK100MHZ
    E3                   IBUF (Prop_ibuf_I_O)         0.445     0.445 r  CLK100MHZ_IBUF_inst/O
                         net (fo=1, routed)           0.685     1.129    CLK100MHZ_IBUF
    BUFGCTRL_X0Y16       BUFG (Prop_bufg_I_O)         0.029     1.158 r  CLK100MHZ_IBUF_BUFG_inst/O
                         net (fo=33, routed)          0.861     2.020    top_inst/mem_ctrl/reg_sel_fct/clk
    SLICE_X65Y54         FDRE                                         r  top_inst/mem_ctrl/reg_sel_fct/reg_reg[3]/C
                         clock pessimism             -0.499     1.520    
    SLICE_X65Y54         FDRE (Hold_fdre_C_D)         0.092     1.612    top_inst/mem_ctrl/reg_sel_fct/reg_reg[3]
  -------------------------------------------------------------------
                         required time                         -1.612    
                         arrival time                           1.804    
  -------------------------------------------------------------------
                         slack                                  0.191    

Slack (MET) :             0.192ns  (arrival time - required time)
  Source:                 top_inst/mem_ctrl/instr_mem/pc_reg_rep[0]/C
                            (rising edge-triggered cell FDRE clocked by sys_clk_pin  {rise@0.000ns fall@5.000ns period=10.000ns})
  Destination:            top_inst/mem_ctrl/cache_2/buf_reg[1]/D
                            (rising edge-triggered cell FDRE clocked by sys_clk_pin  {rise@0.000ns fall@5.000ns period=10.000ns})
  Path Group:             sys_clk_pin
  Path Type:              Hold (Min at Fast Process Corner)
  Requirement:            0.000ns  (sys_clk_pin rise@0.000ns - sys_clk_pin rise@0.000ns)
  Data Path Delay:        0.336ns  (logic 0.189ns (56.313%)  route 0.147ns (43.687%))
  Logic Levels:           1  (LUT4=1)
  Clock Path Skew:        0.013ns (DCD - SCD - CPR)
    Destination Clock Delay (DCD):    2.020ns
    Source Clock Delay      (SCD):    1.504ns
    Clock Pessimism Removal (CPR):    0.502ns

    Location             Delay type                Incr(ns)  Path(ns)    Netlist Resource(s)
  -------------------------------------------------------------------    -------------------
                         (clock sys_clk_pin rise edge)
                                                      0.000     0.000 r  
    E3                                                0.000     0.000 r  CLK100MHZ (IN)
                         net (fo=0)                   0.000     0.000    CLK100MHZ
    E3                   IBUF (Prop_ibuf_I_O)         0.257     0.257 r  CLK100MHZ_IBUF_inst/O
                         net (fo=1, routed)           0.631     0.888    CLK100MHZ_IBUF
    BUFGCTRL_X0Y16       BUFG (Prop_bufg_I_O)         0.026     0.914 r  CLK100MHZ_IBUF_BUFG_inst/O
                         net (fo=33, routed)          0.591     1.504    top_inst/mem_ctrl/instr_mem/clk
    SLICE_X65Y54         FDRE                                         r  top_inst/mem_ctrl/instr_mem/pc_reg_rep[0]/C
  -------------------------------------------------------------------    -------------------
    SLICE_X65Y54         FDRE (Prop_fdre_C_Q)         0.141     1.645 f  top_inst/mem_ctrl/instr_mem/pc_reg_rep[0]/Q
                         net (fo=11, routed)          0.147     1.792    top_inst/mem_ctrl/instr_mem/pc[0]
    SLICE_X64Y54         LUT4 (Prop_lut4_I2_O)        0.048     1.840 r  top_inst/mem_ctrl/instr_mem/buf[1]_i_1__0/O
                         net (fo=1, routed)           0.000     1.840    top_inst/mem_ctrl/cache_2/D[1]
    SLICE_X64Y54         FDRE                                         r  top_inst/mem_ctrl/cache_2/buf_reg[1]/D
  -------------------------------------------------------------------    -------------------

                         (clock sys_clk_pin rise edge)
                                                      0.000     0.000 r  
    E3                                                0.000     0.000 r  CLK100MHZ (IN)
                         net (fo=0)                   0.000     0.000    CLK100MHZ
    E3                   IBUF (Prop_ibuf_I_O)         0.445     0.445 r  CLK100MHZ_IBUF_inst/O
                         net (fo=1, routed)           0.685     1.129    CLK100MHZ_IBUF
    BUFGCTRL_X0Y16       BUFG (Prop_bufg_I_O)         0.029     1.158 r  CLK100MHZ_IBUF_BUFG_inst/O
                         net (fo=33, routed)          0.861     2.020    top_inst/mem_ctrl/cache_2/clk
    SLICE_X64Y54         FDRE                                         r  top_inst/mem_ctrl/cache_2/buf_reg[1]/C
                         clock pessimism             -0.502     1.517    
    SLICE_X64Y54         FDRE (Hold_fdre_C_D)         0.131     1.648    top_inst/mem_ctrl/cache_2/buf_reg[1]
  -------------------------------------------------------------------
                         required time                         -1.648    
                         arrival time                           1.840    
  -------------------------------------------------------------------
                         slack                                  0.192    

Slack (MET) :             0.196ns  (arrival time - required time)
  Source:                 top_inst/mem_ctrl/instr_mem/pc_reg_rep[0]/C
                            (rising edge-triggered cell FDRE clocked by sys_clk_pin  {rise@0.000ns fall@5.000ns period=10.000ns})
  Destination:            top_inst/mem_ctrl/buf_b/buf_reg[0]/D
                            (rising edge-triggered cell FDRE clocked by sys_clk_pin  {rise@0.000ns fall@5.000ns period=10.000ns})
  Path Group:             sys_clk_pin
  Path Type:              Hold (Min at Fast Process Corner)
  Requirement:            0.000ns  (sys_clk_pin rise@0.000ns - sys_clk_pin rise@0.000ns)
  Data Path Delay:        0.329ns  (logic 0.186ns (56.600%)  route 0.143ns (43.400%))
  Logic Levels:           1  (LUT4=1)
  Clock Path Skew:        0.013ns (DCD - SCD - CPR)
    Destination Clock Delay (DCD):    2.020ns
    Source Clock Delay      (SCD):    1.504ns
    Clock Pessimism Removal (CPR):    0.502ns

    Location             Delay type                Incr(ns)  Path(ns)    Netlist Resource(s)
  -------------------------------------------------------------------    -------------------
                         (clock sys_clk_pin rise edge)
                                                      0.000     0.000 r  
    E3                                                0.000     0.000 r  CLK100MHZ (IN)
                         net (fo=0)                   0.000     0.000    CLK100MHZ
    E3                   IBUF (Prop_ibuf_I_O)         0.257     0.257 r  CLK100MHZ_IBUF_inst/O
                         net (fo=1, routed)           0.631     0.888    CLK100MHZ_IBUF
    BUFGCTRL_X0Y16       BUFG (Prop_bufg_I_O)         0.026     0.914 r  CLK100MHZ_IBUF_BUFG_inst/O
                         net (fo=33, routed)          0.591     1.504    top_inst/mem_ctrl/instr_mem/clk
    SLICE_X65Y54         FDRE                                         r  top_inst/mem_ctrl/instr_mem/pc_reg_rep[0]/C
  -------------------------------------------------------------------    -------------------
    SLICE_X65Y54         FDRE (Prop_fdre_C_Q)         0.141     1.645 f  top_inst/mem_ctrl/instr_mem/pc_reg_rep[0]/Q
                         net (fo=11, routed)          0.143     1.788    top_inst/mem_ctrl/instr_mem/pc[0]
    SLICE_X64Y54         LUT4 (Prop_lut4_I2_O)        0.045     1.833 r  top_inst/mem_ctrl/instr_mem/buf[0]_i_1__0/O
                         net (fo=1, routed)           0.000     1.833    top_inst/mem_ctrl/buf_b/D[0]
    SLICE_X64Y54         FDRE                                         r  top_inst/mem_ctrl/buf_b/buf_reg[0]/D
  -------------------------------------------------------------------    -------------------

                         (clock sys_clk_pin rise edge)
                                                      0.000     0.000 r  
    E3                                                0.000     0.000 r  CLK100MHZ (IN)
                         net (fo=0)                   0.000     0.000    CLK100MHZ
    E3                   IBUF (Prop_ibuf_I_O)         0.445     0.445 r  CLK100MHZ_IBUF_inst/O
                         net (fo=1, routed)           0.685     1.129    CLK100MHZ_IBUF
    BUFGCTRL_X0Y16       BUFG (Prop_bufg_I_O)         0.029     1.158 r  CLK100MHZ_IBUF_BUFG_inst/O
                         net (fo=33, routed)          0.861     2.020    top_inst/mem_ctrl/buf_b/clk
    SLICE_X64Y54         FDRE                                         r  top_inst/mem_ctrl/buf_b/buf_reg[0]/C
                         clock pessimism             -0.502     1.517    
    SLICE_X64Y54         FDRE (Hold_fdre_C_D)         0.120     1.637    top_inst/mem_ctrl/buf_b/buf_reg[0]
  -------------------------------------------------------------------
                         required time                         -1.637    
                         arrival time                           1.833    
  -------------------------------------------------------------------
                         slack                                  0.196    

Slack (MET) :             0.199ns  (arrival time - required time)
  Source:                 top_inst/mem_ctrl/instr_mem/pc_reg_rep[0]/C
                            (rising edge-triggered cell FDRE clocked by sys_clk_pin  {rise@0.000ns fall@5.000ns period=10.000ns})
  Destination:            top_inst/mem_ctrl/buf_b/buf_reg[1]/D
                            (rising edge-triggered cell FDRE clocked by sys_clk_pin  {rise@0.000ns fall@5.000ns period=10.000ns})
  Path Group:             sys_clk_pin
  Path Type:              Hold (Min at Fast Process Corner)
  Requirement:            0.000ns  (sys_clk_pin rise@0.000ns - sys_clk_pin rise@0.000ns)
  Data Path Delay:        0.333ns  (logic 0.186ns (55.919%)  route 0.147ns (44.081%))
  Logic Levels:           1  (LUT5=1)
  Clock Path Skew:        0.013ns (DCD - SCD - CPR)
    Destination Clock Delay (DCD):    2.020ns
    Source Clock Delay      (SCD):    1.504ns
    Clock Pessimism Removal (CPR):    0.502ns

    Location             Delay type                Incr(ns)  Path(ns)    Netlist Resource(s)
  -------------------------------------------------------------------    -------------------
                         (clock sys_clk_pin rise edge)
                                                      0.000     0.000 r  
    E3                                                0.000     0.000 r  CLK100MHZ (IN)
                         net (fo=0)                   0.000     0.000    CLK100MHZ
    E3                   IBUF (Prop_ibuf_I_O)         0.257     0.257 r  CLK100MHZ_IBUF_inst/O
                         net (fo=1, routed)           0.631     0.888    CLK100MHZ_IBUF
    BUFGCTRL_X0Y16       BUFG (Prop_bufg_I_O)         0.026     0.914 r  CLK100MHZ_IBUF_BUFG_inst/O
                         net (fo=33, routed)          0.591     1.504    top_inst/mem_ctrl/instr_mem/clk
    SLICE_X65Y54         FDRE                                         r  top_inst/mem_ctrl/instr_mem/pc_reg_rep[0]/C
  -------------------------------------------------------------------    -------------------
    SLICE_X65Y54         FDRE (Prop_fdre_C_Q)         0.141     1.645 f  top_inst/mem_ctrl/instr_mem/pc_reg_rep[0]/Q
                         net (fo=11, routed)          0.147     1.792    top_inst/mem_ctrl/instr_mem/pc[0]
    SLICE_X64Y54         LUT5 (Prop_lut5_I3_O)        0.045     1.837 r  top_inst/mem_ctrl/instr_mem/buf[1]_i_1/O
                         net (fo=1, routed)           0.000     1.837    top_inst/mem_ctrl/buf_b/D[1]
    SLICE_X64Y54         FDRE                                         r  top_inst/mem_ctrl/buf_b/buf_reg[1]/D
  -------------------------------------------------------------------    -------------------

                         (clock sys_clk_pin rise edge)
                                                      0.000     0.000 r  
    E3                                                0.000     0.000 r  CLK100MHZ (IN)
                         net (fo=0)                   0.000     0.000    CLK100MHZ
    E3                   IBUF (Prop_ibuf_I_O)         0.445     0.445 r  CLK100MHZ_IBUF_inst/O
                         net (fo=1, routed)           0.685     1.129    CLK100MHZ_IBUF
    BUFGCTRL_X0Y16       BUFG (Prop_bufg_I_O)         0.029     1.158 r  CLK100MHZ_IBUF_BUFG_inst/O
                         net (fo=33, routed)          0.861     2.020    top_inst/mem_ctrl/buf_b/clk
    SLICE_X64Y54         FDRE                                         r  top_inst/mem_ctrl/buf_b/buf_reg[1]/C
                         clock pessimism             -0.502     1.517    
    SLICE_X64Y54         FDRE (Hold_fdre_C_D)         0.121     1.638    top_inst/mem_ctrl/buf_b/buf_reg[1]
  -------------------------------------------------------------------
                         required time                         -1.638    
                         arrival time                           1.837    
  -------------------------------------------------------------------
                         slack                                  0.199    

Slack (MET) :             0.220ns  (arrival time - required time)
  Source:                 top_inst/custom_ops_inst/FSM_onehot_state_reg[1]/C
                            (rising edge-triggered cell FDRE clocked by sys_clk_pin  {rise@0.000ns fall@5.000ns period=10.000ns})
  Destination:            top_inst/custom_ops_inst/RES_VALID_reg/D
                            (rising edge-triggered cell FDRE clocked by sys_clk_pin  {rise@0.000ns fall@5.000ns period=10.000ns})
  Path Group:             sys_clk_pin
  Path Type:              Hold (Min at Fast Process Corner)
  Requirement:            0.000ns  (sys_clk_pin rise@0.000ns - sys_clk_pin rise@0.000ns)
  Data Path Delay:        0.283ns  (logic 0.164ns (57.976%)  route 0.119ns (42.024%))
  Logic Levels:           0  
  Clock Path Skew:        0.000ns (DCD - SCD - CPR)
    Destination Clock Delay (DCD):    2.018ns
    Source Clock Delay      (SCD):    1.502ns
    Clock Pessimism Removal (CPR):    0.515ns

    Location             Delay type                Incr(ns)  Path(ns)    Netlist Resource(s)
  -------------------------------------------------------------------    -------------------
                         (clock sys_clk_pin rise edge)
                                                      0.000     0.000 r  
    E3                                                0.000     0.000 r  CLK100MHZ (IN)
                         net (fo=0)                   0.000     0.000    CLK100MHZ
    E3                   IBUF (Prop_ibuf_I_O)         0.257     0.257 r  CLK100MHZ_IBUF_inst/O
                         net (fo=1, routed)           0.631     0.888    CLK100MHZ_IBUF
    BUFGCTRL_X0Y16       BUFG (Prop_bufg_I_O)         0.026     0.914 r  CLK100MHZ_IBUF_BUFG_inst/O
                         net (fo=33, routed)          0.589     1.502    top_inst/custom_ops_inst/clk
    SLICE_X64Y61         FDRE                                         r  top_inst/custom_ops_inst/FSM_onehot_state_reg[1]/C
  -------------------------------------------------------------------    -------------------
    SLICE_X64Y61         FDRE (Prop_fdre_C_Q)         0.164     1.666 r  top_inst/custom_ops_inst/FSM_onehot_state_reg[1]/Q
                         net (fo=2, routed)           0.119     1.785    top_inst/custom_ops_inst/FSM_onehot_state_reg_n_0_[1]
    SLICE_X64Y61         FDRE                                         r  top_inst/custom_ops_inst/RES_VALID_reg/D
  -------------------------------------------------------------------    -------------------

                         (clock sys_clk_pin rise edge)
                                                      0.000     0.000 r  
    E3                                                0.000     0.000 r  CLK100MHZ (IN)
                         net (fo=0)                   0.000     0.000    CLK100MHZ
    E3                   IBUF (Prop_ibuf_I_O)         0.445     0.445 r  CLK100MHZ_IBUF_inst/O
                         net (fo=1, routed)           0.685     1.129    CLK100MHZ_IBUF
    BUFGCTRL_X0Y16       BUFG (Prop_bufg_I_O)         0.029     1.158 r  CLK100MHZ_IBUF_BUFG_inst/O
                         net (fo=33, routed)          0.860     2.018    top_inst/custom_ops_inst/clk
    SLICE_X64Y61         FDRE                                         r  top_inst/custom_ops_inst/RES_VALID_reg/C
                         clock pessimism             -0.515     1.502    
    SLICE_X64Y61         FDRE (Hold_fdre_C_D)         0.063     1.565    top_inst/custom_ops_inst/RES_VALID_reg
  -------------------------------------------------------------------
                         required time                         -1.565    
                         arrival time                           1.785    
  -------------------------------------------------------------------
                         slack                                  0.220    

Slack (MET) :             0.245ns  (arrival time - required time)
  Source:                 top_inst/mem_ctrl/instr_mem/pc_reg[0]/C
                            (rising edge-triggered cell FDRE clocked by sys_clk_pin  {rise@0.000ns fall@5.000ns period=10.000ns})
  Destination:            top_inst/mem_ctrl/instr_mem/pc_reg_rep[4]/D
                            (rising edge-triggered cell FDRE clocked by sys_clk_pin  {rise@0.000ns fall@5.000ns period=10.000ns})
  Path Group:             sys_clk_pin
  Path Type:              Hold (Min at Fast Process Corner)
  Requirement:            0.000ns  (sys_clk_pin rise@0.000ns - sys_clk_pin rise@0.000ns)
  Data Path Delay:        0.350ns  (logic 0.209ns (59.757%)  route 0.141ns (40.243%))
  Logic Levels:           1  (LUT5=1)
  Clock Path Skew:        0.013ns (DCD - SCD - CPR)
    Destination Clock Delay (DCD):    2.020ns
    Source Clock Delay      (SCD):    1.504ns
    Clock Pessimism Removal (CPR):    0.502ns

    Location             Delay type                Incr(ns)  Path(ns)    Netlist Resource(s)
  -------------------------------------------------------------------    -------------------
                         (clock sys_clk_pin rise edge)
                                                      0.000     0.000 r  
    E3                                                0.000     0.000 r  CLK100MHZ (IN)
                         net (fo=0)                   0.000     0.000    CLK100MHZ
    E3                   IBUF (Prop_ibuf_I_O)         0.257     0.257 r  CLK100MHZ_IBUF_inst/O
                         net (fo=1, routed)           0.631     0.888    CLK100MHZ_IBUF
    BUFGCTRL_X0Y16       BUFG (Prop_bufg_I_O)         0.026     0.914 r  CLK100MHZ_IBUF_BUFG_inst/O
                         net (fo=33, routed)          0.591     1.504    top_inst/mem_ctrl/instr_mem/clk
    SLICE_X64Y55         FDRE                                         r  top_inst/mem_ctrl/instr_mem/pc_reg[0]/C
  -------------------------------------------------------------------    -------------------
    SLICE_X64Y55         FDRE (Prop_fdre_C_Q)         0.164     1.668 r  top_inst/mem_ctrl/instr_mem/pc_reg[0]/Q
                         net (fo=9, routed)           0.141     1.809    top_inst/mem_ctrl/instr_mem/Q[0]
    SLICE_X65Y55         LUT5 (Prop_lut5_I2_O)        0.045     1.854 r  top_inst/mem_ctrl/instr_mem/pc_rep[4]_i_1/O
                         net (fo=2, routed)           0.000     1.854    top_inst/mem_ctrl/instr_mem/data0[4]
    SLICE_X65Y55         FDRE                                         r  top_inst/mem_ctrl/instr_mem/pc_reg_rep[4]/D
  -------------------------------------------------------------------    -------------------

                         (clock sys_clk_pin rise edge)
                                                      0.000     0.000 r  
    E3                                                0.000     0.000 r  CLK100MHZ (IN)
                         net (fo=0)                   0.000     0.000    CLK100MHZ
    E3                   IBUF (Prop_ibuf_I_O)         0.445     0.445 r  CLK100MHZ_IBUF_inst/O
                         net (fo=1, routed)           0.685     1.129    CLK100MHZ_IBUF
    BUFGCTRL_X0Y16       BUFG (Prop_bufg_I_O)         0.029     1.158 r  CLK100MHZ_IBUF_BUFG_inst/O
                         net (fo=33, routed)          0.861     2.020    top_inst/mem_ctrl/instr_mem/clk
    SLICE_X65Y55         FDRE                                         r  top_inst/mem_ctrl/instr_mem/pc_reg_rep[4]/C
                         clock pessimism             -0.502     1.517    
    SLICE_X65Y55         FDRE (Hold_fdre_C_D)         0.092     1.609    top_inst/mem_ctrl/instr_mem/pc_reg_rep[4]
  -------------------------------------------------------------------
                         required time                         -1.609    
                         arrival time                           1.854    
  -------------------------------------------------------------------
                         slack                                  0.245    

Slack (MET) :             0.280ns  (arrival time - required time)
  Source:                 top_inst/mem_ctrl/instr_mem/pc_reg[1]/C
                            (rising edge-triggered cell FDRE clocked by sys_clk_pin  {rise@0.000ns fall@5.000ns period=10.000ns})
  Destination:            top_inst/mem_ctrl/instr_mem/pc_reg_rep[2]/D
                            (rising edge-triggered cell FDRE clocked by sys_clk_pin  {rise@0.000ns fall@5.000ns period=10.000ns})
  Path Group:             sys_clk_pin
  Path Type:              Hold (Min at Fast Process Corner)
  Requirement:            0.000ns  (sys_clk_pin rise@0.000ns - sys_clk_pin rise@0.000ns)
  Data Path Delay:        0.397ns  (logic 0.212ns (53.407%)  route 0.185ns (46.593%))
  Logic Levels:           1  (LUT3=1)
  Clock Path Skew:        0.016ns (DCD - SCD - CPR)
    Destination Clock Delay (DCD):    2.020ns
    Source Clock Delay      (SCD):    1.504ns
    Clock Pessimism Removal (CPR):    0.499ns

    Location             Delay type                Incr(ns)  Path(ns)    Netlist Resource(s)
  -------------------------------------------------------------------    -------------------
                         (clock sys_clk_pin rise edge)
                                                      0.000     0.000 r  
    E3                                                0.000     0.000 r  CLK100MHZ (IN)
                         net (fo=0)                   0.000     0.000    CLK100MHZ
    E3                   IBUF (Prop_ibuf_I_O)         0.257     0.257 r  CLK100MHZ_IBUF_inst/O
                         net (fo=1, routed)           0.631     0.888    CLK100MHZ_IBUF
    BUFGCTRL_X0Y16       BUFG (Prop_bufg_I_O)         0.026     0.914 r  CLK100MHZ_IBUF_BUFG_inst/O
                         net (fo=33, routed)          0.591     1.504    top_inst/mem_ctrl/instr_mem/clk
    SLICE_X64Y55         FDRE                                         r  top_inst/mem_ctrl/instr_mem/pc_reg[1]/C
  -------------------------------------------------------------------    -------------------
    SLICE_X64Y55         FDRE (Prop_fdre_C_Q)         0.164     1.668 r  top_inst/mem_ctrl/instr_mem/pc_reg[1]/Q
                         net (fo=8, routed)           0.185     1.853    top_inst/mem_ctrl/instr_mem/Q[1]
    SLICE_X63Y55         LUT3 (Prop_lut3_I1_O)        0.048     1.901 r  top_inst/mem_ctrl/instr_mem/pc_rep[2]_i_1/O
                         net (fo=2, routed)           0.000     1.901    top_inst/mem_ctrl/instr_mem/plusOp[2]
    SLICE_X63Y55         FDRE                                         r  top_inst/mem_ctrl/instr_mem/pc_reg_rep[2]/D
  -------------------------------------------------------------------    -------------------

                         (clock sys_clk_pin rise edge)
                                                      0.000     0.000 r  
    E3                                                0.000     0.000 r  CLK100MHZ (IN)
                         net (fo=0)                   0.000     0.000    CLK100MHZ
    E3                   IBUF (Prop_ibuf_I_O)         0.445     0.445 r  CLK100MHZ_IBUF_inst/O
                         net (fo=1, routed)           0.685     1.129    CLK100MHZ_IBUF
    BUFGCTRL_X0Y16       BUFG (Prop_bufg_I_O)         0.029     1.158 r  CLK100MHZ_IBUF_BUFG_inst/O
                         net (fo=33, routed)          0.861     2.020    top_inst/mem_ctrl/instr_mem/clk
    SLICE_X63Y55         FDRE                                         r  top_inst/mem_ctrl/instr_mem/pc_reg_rep[2]/C
                         clock pessimism             -0.499     1.520    
    SLICE_X63Y55         FDRE (Hold_fdre_C_D)         0.101     1.621    top_inst/mem_ctrl/instr_mem/pc_reg_rep[2]
  -------------------------------------------------------------------
                         required time                         -1.621    
                         arrival time                           1.901    
  -------------------------------------------------------------------
                         slack                                  0.280    

Slack (MET) :             0.289ns  (arrival time - required time)
  Source:                 top_inst/mem_ctrl/instr_mem/pc_reg_rep[1]/C
                            (rising edge-triggered cell FDRE clocked by sys_clk_pin  {rise@0.000ns fall@5.000ns period=10.000ns})
  Destination:            top_inst/mem_ctrl/cache_2/buf_reg[2]/D
                            (rising edge-triggered cell FDRE clocked by sys_clk_pin  {rise@0.000ns fall@5.000ns period=10.000ns})
  Path Group:             sys_clk_pin
  Path Type:              Hold (Min at Fast Process Corner)
  Requirement:            0.000ns  (sys_clk_pin rise@0.000ns - sys_clk_pin rise@0.000ns)
  Data Path Delay:        0.433ns  (logic 0.224ns (51.747%)  route 0.209ns (48.253%))
  Logic Levels:           1  (LUT4=1)
  Clock Path Skew:        0.013ns (DCD - SCD - CPR)
    Destination Clock Delay (DCD):    2.020ns
    Source Clock Delay      (SCD):    1.504ns
    Clock Pessimism Removal (CPR):    0.502ns

    Location             Delay type                Incr(ns)  Path(ns)    Netlist Resource(s)
  -------------------------------------------------------------------    -------------------
                         (clock sys_clk_pin rise edge)
                                                      0.000     0.000 r  
    E3                                                0.000     0.000 r  CLK100MHZ (IN)
                         net (fo=0)                   0.000     0.000    CLK100MHZ
    E3                   IBUF (Prop_ibuf_I_O)         0.257     0.257 r  CLK100MHZ_IBUF_inst/O
                         net (fo=1, routed)           0.631     0.888    CLK100MHZ_IBUF
    BUFGCTRL_X0Y16       BUFG (Prop_bufg_I_O)         0.026     0.914 r  CLK100MHZ_IBUF_BUFG_inst/O
                         net (fo=33, routed)          0.591     1.504    top_inst/mem_ctrl/instr_mem/clk
    SLICE_X65Y54         FDRE                                         r  top_inst/mem_ctrl/instr_mem/pc_reg_rep[1]/C
  -------------------------------------------------------------------    -------------------
    SLICE_X65Y54         FDRE (Prop_fdre_C_Q)         0.128     1.632 r  top_inst/mem_ctrl/instr_mem/pc_reg_rep[1]/Q
                         net (fo=10, routed)          0.209     1.841    top_inst/mem_ctrl/instr_mem/pc[1]
    SLICE_X64Y54         LUT4 (Prop_lut4_I3_O)        0.096     1.937 r  top_inst/mem_ctrl/instr_mem/buf[2]_i_1__0/O
                         net (fo=1, routed)           0.000     1.937    top_inst/mem_ctrl/cache_2/D[2]
    SLICE_X64Y54         FDRE                                         r  top_inst/mem_ctrl/cache_2/buf_reg[2]/D
  -------------------------------------------------------------------    -------------------

                         (clock sys_clk_pin rise edge)
                                                      0.000     0.000 r  
    E3                                                0.000     0.000 r  CLK100MHZ (IN)
                         net (fo=0)                   0.000     0.000    CLK100MHZ
    E3                   IBUF (Prop_ibuf_I_O)         0.445     0.445 r  CLK100MHZ_IBUF_inst/O
                         net (fo=1, routed)           0.685     1.129    CLK100MHZ_IBUF
    BUFGCTRL_X0Y16       BUFG (Prop_bufg_I_O)         0.029     1.158 r  CLK100MHZ_IBUF_BUFG_inst/O
                         net (fo=33, routed)          0.861     2.020    top_inst/mem_ctrl/cache_2/clk
    SLICE_X64Y54         FDRE                                         r  top_inst/mem_ctrl/cache_2/buf_reg[2]/C
                         clock pessimism             -0.502     1.517    
    SLICE_X64Y54         FDRE (Hold_fdre_C_D)         0.131     1.648    top_inst/mem_ctrl/cache_2/buf_reg[2]
  -------------------------------------------------------------------
                         required time                         -1.648    
                         arrival time                           1.937    
  -------------------------------------------------------------------
                         slack                                  0.289    





Pulse Width Checks
--------------------------------------------------------------------------------------
Clock Name:         sys_clk_pin
Waveform(ns):       { 0.000 5.000 }
Period(ns):         10.000
Sources:            { CLK100MHZ }

Check Type        Corner  Lib Pin  Reference Pin  Required(ns)  Actual(ns)  Slack(ns)  Location        Pin
Min Period        n/a     BUFG/I   n/a            2.155         10.000      7.845      BUFGCTRL_X0Y16  CLK100MHZ_IBUF_BUFG_inst/I
Min Period        n/a     FDSE/C   n/a            1.000         10.000      9.000      SLICE_X64Y61    top_inst/custom_ops_inst/FSM_onehot_state_reg[0]/C
Min Period        n/a     FDRE/C   n/a            1.000         10.000      9.000      SLICE_X64Y61    top_inst/custom_ops_inst/FSM_onehot_state_reg[1]/C
Min Period        n/a     FDRE/C   n/a            1.000         10.000      9.000      SLICE_X64Y61    top_inst/custom_ops_inst/FSM_onehot_state_reg[2]/C
Min Period        n/a     FDRE/C   n/a            1.000         10.000      9.000      SLICE_X64Y61    top_inst/custom_ops_inst/RES_VALID_reg/C
Min Period        n/a     FDRE/C   n/a            1.000         10.000      9.000      SLICE_X62Y58    top_inst/mem_ctrl/buf_a/buf_reg[0]/C
Min Period        n/a     FDRE/C   n/a            1.000         10.000      9.000      SLICE_X59Y56    top_inst/mem_ctrl/buf_a/buf_reg[1]/C
Min Period        n/a     FDRE/C   n/a            1.000         10.000      9.000      SLICE_X61Y56    top_inst/mem_ctrl/buf_a/buf_reg[2]/C
Min Period        n/a     FDRE/C   n/a            1.000         10.000      9.000      SLICE_X61Y56    top_inst/mem_ctrl/buf_a/buf_reg[3]/C
Min Period        n/a     FDRE/C   n/a            1.000         10.000      9.000      SLICE_X64Y54    top_inst/mem_ctrl/buf_b/buf_reg[0]/C
Low Pulse Width   Slow    FDSE/C   n/a            0.500         5.000       4.500      SLICE_X64Y61    top_inst/custom_ops_inst/FSM_onehot_state_reg[0]/C
Low Pulse Width   Fast    FDSE/C   n/a            0.500         5.000       4.500      SLICE_X64Y61    top_inst/custom_ops_inst/FSM_onehot_state_reg[0]/C
Low Pulse Width   Slow    FDRE/C   n/a            0.500         5.000       4.500      SLICE_X64Y61    top_inst/custom_ops_inst/FSM_onehot_state_reg[1]/C
Low Pulse Width   Fast    FDRE/C   n/a            0.500         5.000       4.500      SLICE_X64Y61    top_inst/custom_ops_inst/FSM_onehot_state_reg[1]/C
Low Pulse Width   Slow    FDRE/C   n/a            0.500         5.000       4.500      SLICE_X64Y61    top_inst/custom_ops_inst/FSM_onehot_state_reg[2]/C
Low Pulse Width   Fast    FDRE/C   n/a            0.500         5.000       4.500      SLICE_X64Y61    top_inst/custom_ops_inst/FSM_onehot_state_reg[2]/C
Low Pulse Width   Slow    FDRE/C   n/a            0.500         5.000       4.500      SLICE_X64Y61    top_inst/custom_ops_inst/RES_VALID_reg/C
Low Pulse Width   Fast    FDRE/C   n/a            0.500         5.000       4.500      SLICE_X64Y61    top_inst/custom_ops_inst/RES_VALID_reg/C
Low Pulse Width   Slow    FDRE/C   n/a            0.500         5.000       4.500      SLICE_X62Y58    top_inst/mem_ctrl/buf_a/buf_reg[0]/C
Low Pulse Width   Fast    FDRE/C   n/a            0.500         5.000       4.500      SLICE_X62Y58    top_inst/mem_ctrl/buf_a/buf_reg[0]/C
High Pulse Width  Slow    FDSE/C   n/a            0.500         5.000       4.500      SLICE_X64Y61    top_inst/custom_ops_inst/FSM_onehot_state_reg[0]/C
High Pulse Width  Fast    FDSE/C   n/a            0.500         5.000       4.500      SLICE_X64Y61    top_inst/custom_ops_inst/FSM_onehot_state_reg[0]/C
High Pulse Width  Slow    FDRE/C   n/a            0.500         5.000       4.500      SLICE_X64Y61    top_inst/custom_ops_inst/FSM_onehot_state_reg[1]/C
High Pulse Width  Fast    FDRE/C   n/a            0.500         5.000       4.500      SLICE_X64Y61    top_inst/custom_ops_inst/FSM_onehot_state_reg[1]/C
High Pulse Width  Slow    FDRE/C   n/a            0.500         5.000       4.500      SLICE_X64Y61    top_inst/custom_ops_inst/FSM_onehot_state_reg[2]/C
High Pulse Width  Fast    FDRE/C   n/a            0.500         5.000       4.500      SLICE_X64Y61    top_inst/custom_ops_inst/FSM_onehot_state_reg[2]/C
High Pulse Width  Slow    FDRE/C   n/a            0.500         5.000       4.500      SLICE_X64Y61    top_inst/custom_ops_inst/RES_VALID_reg/C
High Pulse Width  Fast    FDRE/C   n/a            0.500         5.000       4.500      SLICE_X64Y61    top_inst/custom_ops_inst/RES_VALID_reg/C
High Pulse Width  Slow    FDRE/C   n/a            0.500         5.000       4.500      SLICE_X62Y58    top_inst/mem_ctrl/buf_a/buf_reg[0]/C
High Pulse Width  Fast    FDRE/C   n/a            0.500         5.000       4.500      SLICE_X62Y58    top_inst/mem_ctrl/buf_a/buf_reg[0]/C



--------------------------------------------------------------------------------------
Path Group:  (none)
From Clock:  sys_clk_pin
  To Clock:  

Max Delay            13 Endpoints
Min Delay            13 Endpoints
--------------------------------------------------------------------------------------


Max Delay Paths
--------------------------------------------------------------------------------------
Slack:                    inf
  Source:                 top_inst/mem_ctrl/buf_a/buf_reg[2]/C
                            (rising edge-triggered cell FDRE clocked by sys_clk_pin  {rise@0.000ns fall@5.000ns period=10.000ns})
  Destination:            led[2]
                            (output port)
  Path Group:             (none)
  Path Type:              Max at Slow Process Corner
  Data Path Delay:        11.917ns  (logic 4.374ns (36.703%)  route 7.543ns (63.297%))
  Logic Levels:           4  (LUT5=2 LUT6=1 OBUF=1)
  Clock Uncertainty:      0.025ns  ((TSJ^2 + TIJ^2)^1/2 + DJ) / 2 + PE
    Total System Jitter     (TSJ):    0.050ns
    Total Input Jitter      (TIJ):    0.000ns
    Discrete Jitter          (DJ):    0.000ns
    Phase Error              (PE):    0.000ns

    Location             Delay type                Incr(ns)  Path(ns)    Netlist Resource(s)
  -------------------------------------------------------------------    -------------------
                         (clock sys_clk_pin rise edge)
                                                      0.000     0.000 r  
    E3                                                0.000     0.000 r  CLK100MHZ (IN)
                         net (fo=0)                   0.000     0.000    CLK100MHZ
    E3                   IBUF (Prop_ibuf_I_O)         1.489     1.489 r  CLK100MHZ_IBUF_inst/O
                         net (fo=1, routed)           1.967     3.455    CLK100MHZ_IBUF
    BUFGCTRL_X0Y16       BUFG (Prop_bufg_I_O)         0.096     3.551 r  CLK100MHZ_IBUF_BUFG_inst/O
                         net (fo=33, routed)          1.623     5.174    top_inst/mem_ctrl/buf_a/clk
    SLICE_X61Y56         FDRE                                         r  top_inst/mem_ctrl/buf_a/buf_reg[2]/C
  -------------------------------------------------------------------    -------------------
    SLICE_X61Y56         FDRE (Prop_fdre_C_Q)         0.456     5.630 r  top_inst/mem_ctrl/buf_a/buf_reg[2]/Q
                         net (fo=18, routed)          1.394     7.024    top_inst/mem_ctrl/buf_b/A_to_ual[2]
    SLICE_X64Y53         LUT6 (Prop_lut6_I2_O)        0.124     7.148 r  top_inst/mem_ctrl/buf_b/led_OBUF[2]_inst_i_5/O
                         net (fo=1, routed)           0.689     7.837    top_inst/mem_ctrl/buf_b/led_OBUF[2]_inst_i_5_n_0
    SLICE_X64Y53         LUT5 (Prop_lut5_I0_O)        0.124     7.961 r  top_inst/mem_ctrl/buf_b/led_OBUF[2]_inst_i_3/O
                         net (fo=1, routed)           0.425     8.386    top_inst/mem_ctrl/reg_sel_fct/buf_reg[2]_0
    SLICE_X63Y53         LUT5 (Prop_lut5_I2_O)        0.124     8.510 r  top_inst/mem_ctrl/reg_sel_fct/led_OBUF[2]_inst_i_1/O
                         net (fo=3, routed)           5.035    13.546    led_OBUF[2]
    T9                   OBUF (Prop_obuf_I_O)         3.546    17.092 r  led_OBUF[2]_inst/O
                         net (fo=0)                   0.000    17.092    led[2]
    T9                                                                r  led[2] (OUT)
  -------------------------------------------------------------------    -------------------

Slack:                    inf
  Source:                 top_inst/mem_ctrl/buf_b/buf_reg[0]/C
                            (rising edge-triggered cell FDRE clocked by sys_clk_pin  {rise@0.000ns fall@5.000ns period=10.000ns})
  Destination:            led[3]
                            (output port)
  Path Group:             (none)
  Path Type:              Max at Slow Process Corner
  Data Path Delay:        11.866ns  (logic 4.927ns (41.525%)  route 6.939ns (58.475%))
  Logic Levels:           6  (LUT5=2 LUT6=1 MUXF7=1 MUXF8=1 OBUF=1)
  Clock Uncertainty:      0.025ns  ((TSJ^2 + TIJ^2)^1/2 + DJ) / 2 + PE
    Total System Jitter     (TSJ):    0.050ns
    Total Input Jitter      (TIJ):    0.000ns
    Discrete Jitter          (DJ):    0.000ns
    Phase Error              (PE):    0.000ns

    Location             Delay type                Incr(ns)  Path(ns)    Netlist Resource(s)
  -------------------------------------------------------------------    -------------------
                         (clock sys_clk_pin rise edge)
                                                      0.000     0.000 r  
    E3                                                0.000     0.000 r  CLK100MHZ (IN)
                         net (fo=0)                   0.000     0.000    CLK100MHZ
    E3                   IBUF (Prop_ibuf_I_O)         1.489     1.489 r  CLK100MHZ_IBUF_inst/O
                         net (fo=1, routed)           1.967     3.455    CLK100MHZ_IBUF
    BUFGCTRL_X0Y16       BUFG (Prop_bufg_I_O)         0.096     3.551 r  CLK100MHZ_IBUF_BUFG_inst/O
                         net (fo=33, routed)          1.624     5.175    top_inst/mem_ctrl/buf_b/clk
    SLICE_X64Y54         FDRE                                         r  top_inst/mem_ctrl/buf_b/buf_reg[0]/C
  -------------------------------------------------------------------    -------------------
    SLICE_X64Y54         FDRE (Prop_fdre_C_Q)         0.518     5.693 r  top_inst/mem_ctrl/buf_b/buf_reg[0]/Q
                         net (fo=19, routed)          1.201     6.895    top_inst/mem_ctrl/buf_a/led_OBUF[3]_inst_i_3_0[0]
    SLICE_X62Y56         LUT6 (Prop_lut6_I1_O)        0.124     7.019 r  top_inst/mem_ctrl/buf_a/led_OBUF[3]_inst_i_24/O
                         net (fo=1, routed)           0.000     7.019    top_inst/mem_ctrl/buf_a/led_OBUF[3]_inst_i_24_n_0
    SLICE_X62Y56         MUXF7 (Prop_muxf7_I0_O)      0.212     7.231 r  top_inst/mem_ctrl/buf_a/led_OBUF[3]_inst_i_13/O
                         net (fo=1, routed)           0.000     7.231    top_inst/mem_ctrl/buf_a/led_OBUF[3]_inst_i_13_n_0
    SLICE_X62Y56         MUXF8 (Prop_muxf8_I1_O)      0.094     7.325 r  top_inst/mem_ctrl/buf_a/led_OBUF[3]_inst_i_7/O
                         net (fo=1, routed)           0.816     8.141    top_inst/mem_ctrl/buf_a/led_OBUF[3]_inst_i_7_n_0
    SLICE_X62Y55         LUT5 (Prop_lut5_I4_O)        0.316     8.457 r  top_inst/mem_ctrl/buf_a/led_OBUF[3]_inst_i_3/O
                         net (fo=2, routed)           0.491     8.948    top_inst/mem_ctrl/reg_sel_fct/led[3]
    SLICE_X62Y55         LUT5 (Prop_lut5_I2_O)        0.124     9.072 r  top_inst/mem_ctrl/reg_sel_fct/led_OBUF[3]_inst_i_1/O
                         net (fo=1, routed)           4.430    13.502    led_OBUF[3]
    T10                  OBUF (Prop_obuf_I_O)         3.539    17.042 r  led_OBUF[3]_inst/O
                         net (fo=0)                   0.000    17.042    led[3]
    T10                                                               r  led[3] (OUT)
  -------------------------------------------------------------------    -------------------

Slack:                    inf
  Source:                 top_inst/mem_ctrl/buf_a/buf_reg[0]/C
                            (rising edge-triggered cell FDRE clocked by sys_clk_pin  {rise@0.000ns fall@5.000ns period=10.000ns})
  Destination:            led0_b
                            (output port)
  Path Group:             (none)
  Path Type:              Max at Slow Process Corner
  Data Path Delay:        8.167ns  (logic 4.249ns (52.023%)  route 3.918ns (47.977%))
  Logic Levels:           3  (LUT5=1 LUT6=1 OBUF=1)
  Clock Uncertainty:      0.025ns  ((TSJ^2 + TIJ^2)^1/2 + DJ) / 2 + PE
    Total System Jitter     (TSJ):    0.050ns
    Total Input Jitter      (TIJ):    0.000ns
    Discrete Jitter          (DJ):    0.000ns
    Phase Error              (PE):    0.000ns

    Location             Delay type                Incr(ns)  Path(ns)    Netlist Resource(s)
  -------------------------------------------------------------------    -------------------
                         (clock sys_clk_pin rise edge)
                                                      0.000     0.000 r  
    E3                                                0.000     0.000 r  CLK100MHZ (IN)
                         net (fo=0)                   0.000     0.000    CLK100MHZ
    E3                   IBUF (Prop_ibuf_I_O)         1.489     1.489 r  CLK100MHZ_IBUF_inst/O
                         net (fo=1, routed)           1.967     3.455    CLK100MHZ_IBUF
    BUFGCTRL_X0Y16       BUFG (Prop_bufg_I_O)         0.096     3.551 r  CLK100MHZ_IBUF_BUFG_inst/O
                         net (fo=33, routed)          1.623     5.174    top_inst/mem_ctrl/buf_a/clk
    SLICE_X62Y58         FDRE                                         r  top_inst/mem_ctrl/buf_a/buf_reg[0]/C
  -------------------------------------------------------------------    -------------------
    SLICE_X62Y58         FDRE (Prop_fdre_C_Q)         0.456     5.630 r  top_inst/mem_ctrl/buf_a/buf_reg[0]/Q
                         net (fo=19, routed)          1.329     6.959    top_inst/mem_ctrl/reg_sel_fct/A_to_ual[0]
    SLICE_X62Y53         LUT6 (Prop_lut6_I2_O)        0.124     7.083 r  top_inst/mem_ctrl/reg_sel_fct/led_OBUF[1]_inst_i_3/O
                         net (fo=1, routed)           0.656     7.739    top_inst/mem_ctrl/reg_sel_fct/led_OBUF[1]_inst_i_3_n_0
    SLICE_X63Y53         LUT5 (Prop_lut5_I2_O)        0.124     7.863 r  top_inst/mem_ctrl/reg_sel_fct/led_OBUF[1]_inst_i_1/O
                         net (fo=4, routed)           1.933     9.797    led0_b_OBUF
    E1                   OBUF (Prop_obuf_I_O)         3.545    13.341 r  led0_b_OBUF_inst/O
                         net (fo=0)                   0.000    13.341    led0_b
    E1                                                                r  led0_b (OUT)
  -------------------------------------------------------------------    -------------------

Slack:                    inf
  Source:                 top_inst/mem_ctrl/buf_a/buf_reg[0]/C
                            (rising edge-triggered cell FDRE clocked by sys_clk_pin  {rise@0.000ns fall@5.000ns period=10.000ns})
  Destination:            led[1]
                            (output port)
  Path Group:             (none)
  Path Type:              Max at Slow Process Corner
  Data Path Delay:        8.074ns  (logic 4.211ns (52.161%)  route 3.862ns (47.839%))
  Logic Levels:           3  (LUT5=1 LUT6=1 OBUF=1)
  Clock Uncertainty:      0.025ns  ((TSJ^2 + TIJ^2)^1/2 + DJ) / 2 + PE
    Total System Jitter     (TSJ):    0.050ns
    Total Input Jitter      (TIJ):    0.000ns
    Discrete Jitter          (DJ):    0.000ns
    Phase Error              (PE):    0.000ns

    Location             Delay type                Incr(ns)  Path(ns)    Netlist Resource(s)
  -------------------------------------------------------------------    -------------------
                         (clock sys_clk_pin rise edge)
                                                      0.000     0.000 r  
    E3                                                0.000     0.000 r  CLK100MHZ (IN)
                         net (fo=0)                   0.000     0.000    CLK100MHZ
    E3                   IBUF (Prop_ibuf_I_O)         1.489     1.489 r  CLK100MHZ_IBUF_inst/O
                         net (fo=1, routed)           1.967     3.455    CLK100MHZ_IBUF
    BUFGCTRL_X0Y16       BUFG (Prop_bufg_I_O)         0.096     3.551 r  CLK100MHZ_IBUF_BUFG_inst/O
                         net (fo=33, routed)          1.623     5.174    top_inst/mem_ctrl/buf_a/clk
    SLICE_X62Y58         FDRE                                         r  top_inst/mem_ctrl/buf_a/buf_reg[0]/C
  -------------------------------------------------------------------    -------------------
    SLICE_X62Y58         FDRE (Prop_fdre_C_Q)         0.456     5.630 r  top_inst/mem_ctrl/buf_a/buf_reg[0]/Q
                         net (fo=19, routed)          1.329     6.959    top_inst/mem_ctrl/reg_sel_fct/A_to_ual[0]
    SLICE_X62Y53         LUT6 (Prop_lut6_I2_O)        0.124     7.083 r  top_inst/mem_ctrl/reg_sel_fct/led_OBUF[1]_inst_i_3/O
                         net (fo=1, routed)           0.656     7.739    top_inst/mem_ctrl/reg_sel_fct/led_OBUF[1]_inst_i_3_n_0
    SLICE_X63Y53         LUT5 (Prop_lut5_I2_O)        0.124     7.863 r  top_inst/mem_ctrl/reg_sel_fct/led_OBUF[1]_inst_i_1/O
                         net (fo=4, routed)           1.878     9.741    led0_b_OBUF
    J5                   OBUF (Prop_obuf_I_O)         3.507    13.248 r  led_OBUF[1]_inst/O
                         net (fo=0)                   0.000    13.248    led[1]
    J5                                                                r  led[1] (OUT)
  -------------------------------------------------------------------    -------------------

Slack:                    inf
  Source:                 top_inst/mem_ctrl/reg_sel_fct/reg_reg[1]/C
                            (rising edge-triggered cell FDRE clocked by sys_clk_pin  {rise@0.000ns fall@5.000ns period=10.000ns})
  Destination:            led0_g
                            (output port)
  Path Group:             (none)
  Path Type:              Max at Slow Process Corner
  Data Path Delay:        7.915ns  (logic 4.507ns (56.944%)  route 3.408ns (43.056%))
  Logic Levels:           3  (LUT6=1 MUXF7=1 OBUF=1)
  Clock Uncertainty:      0.025ns  ((TSJ^2 + TIJ^2)^1/2 + DJ) / 2 + PE
    Total System Jitter     (TSJ):    0.050ns
    Total Input Jitter      (TIJ):    0.000ns
    Discrete Jitter          (DJ):    0.000ns
    Phase Error              (PE):    0.000ns

    Location             Delay type                Incr(ns)  Path(ns)    Netlist Resource(s)
  -------------------------------------------------------------------    -------------------
                         (clock sys_clk_pin rise edge)
                                                      0.000     0.000 r  
    E3                                                0.000     0.000 r  CLK100MHZ (IN)
                         net (fo=0)                   0.000     0.000    CLK100MHZ
    E3                   IBUF (Prop_ibuf_I_O)         1.489     1.489 r  CLK100MHZ_IBUF_inst/O
                         net (fo=1, routed)           1.967     3.455    CLK100MHZ_IBUF
    BUFGCTRL_X0Y16       BUFG (Prop_bufg_I_O)         0.096     3.551 r  CLK100MHZ_IBUF_BUFG_inst/O
                         net (fo=33, routed)          1.624     5.175    top_inst/mem_ctrl/reg_sel_fct/clk
    SLICE_X63Y55         FDRE                                         r  top_inst/mem_ctrl/reg_sel_fct/reg_reg[1]/C
  -------------------------------------------------------------------    -------------------
    SLICE_X63Y55         FDRE (Prop_fdre_C_Q)         0.456     5.631 r  top_inst/mem_ctrl/reg_sel_fct/reg_reg[1]/Q
                         net (fo=12, routed)          1.376     7.007    top_inst/mem_ctrl/reg_sel_fct/Q[1]
    SLICE_X65Y53         LUT6 (Prop_lut6_I1_O)        0.124     7.131 r  top_inst/mem_ctrl/reg_sel_fct/led_OBUF[0]_inst_i_3/O
                         net (fo=1, routed)           0.000     7.131    top_inst/mem_ctrl/reg_sel_fct/led_OBUF[0]_inst_i_3_n_0
    SLICE_X65Y53         MUXF7 (Prop_muxf7_I1_O)      0.217     7.348 r  top_inst/mem_ctrl/reg_sel_fct/led_OBUF[0]_inst_i_1/O
                         net (fo=4, routed)           2.032     9.380    led0_g_OBUF
    F6                   OBUF (Prop_obuf_I_O)         3.710    13.091 r  led0_g_OBUF_inst/O
                         net (fo=0)                   0.000    13.091    led0_g
    F6                                                                r  led0_g (OUT)
  -------------------------------------------------------------------    -------------------

Slack:                    inf
  Source:                 top_inst/mem_ctrl/reg_sel_fct/reg_reg[1]/C
                            (rising edge-triggered cell FDRE clocked by sys_clk_pin  {rise@0.000ns fall@5.000ns period=10.000ns})
  Destination:            led[0]
                            (output port)
  Path Group:             (none)
  Path Type:              Max at Slow Process Corner
  Data Path Delay:        7.715ns  (logic 4.497ns (58.293%)  route 3.218ns (41.707%))
  Logic Levels:           3  (LUT6=1 MUXF7=1 OBUF=1)
  Clock Uncertainty:      0.025ns  ((TSJ^2 + TIJ^2)^1/2 + DJ) / 2 + PE
    Total System Jitter     (TSJ):    0.050ns
    Total Input Jitter      (TIJ):    0.000ns
    Discrete Jitter          (DJ):    0.000ns
    Phase Error              (PE):    0.000ns

    Location             Delay type                Incr(ns)  Path(ns)    Netlist Resource(s)
  -------------------------------------------------------------------    -------------------
                         (clock sys_clk_pin rise edge)
                                                      0.000     0.000 r  
    E3                                                0.000     0.000 r  CLK100MHZ (IN)
                         net (fo=0)                   0.000     0.000    CLK100MHZ
    E3                   IBUF (Prop_ibuf_I_O)         1.489     1.489 r  CLK100MHZ_IBUF_inst/O
                         net (fo=1, routed)           1.967     3.455    CLK100MHZ_IBUF
    BUFGCTRL_X0Y16       BUFG (Prop_bufg_I_O)         0.096     3.551 r  CLK100MHZ_IBUF_BUFG_inst/O
                         net (fo=33, routed)          1.624     5.175    top_inst/mem_ctrl/reg_sel_fct/clk
    SLICE_X63Y55         FDRE                                         r  top_inst/mem_ctrl/reg_sel_fct/reg_reg[1]/C
  -------------------------------------------------------------------    -------------------
    SLICE_X63Y55         FDRE (Prop_fdre_C_Q)         0.456     5.631 r  top_inst/mem_ctrl/reg_sel_fct/reg_reg[1]/Q
                         net (fo=12, routed)          1.376     7.007    top_inst/mem_ctrl/reg_sel_fct/Q[1]
    SLICE_X65Y53         LUT6 (Prop_lut6_I1_O)        0.124     7.131 r  top_inst/mem_ctrl/reg_sel_fct/led_OBUF[0]_inst_i_3/O
                         net (fo=1, routed)           0.000     7.131    top_inst/mem_ctrl/reg_sel_fct/led_OBUF[0]_inst_i_3_n_0
    SLICE_X65Y53         MUXF7 (Prop_muxf7_I1_O)      0.217     7.348 r  top_inst/mem_ctrl/reg_sel_fct/led_OBUF[0]_inst_i_1/O
                         net (fo=4, routed)           1.842     9.190    led0_g_OBUF
    H5                   OBUF (Prop_obuf_I_O)         3.700    12.891 r  led_OBUF[0]_inst/O
                         net (fo=0)                   0.000    12.891    led[0]
    H5                                                                r  led[0] (OUT)
  -------------------------------------------------------------------    -------------------

Slack:                    inf
  Source:                 top_inst/mem_ctrl/cache_2/buf_reg[2]/C
                            (rising edge-triggered cell FDRE clocked by sys_clk_pin  {rise@0.000ns fall@5.000ns period=10.000ns})
  Destination:            led2_b
                            (output port)
  Path Group:             (none)
  Path Type:              Max at Slow Process Corner
  Data Path Delay:        6.036ns  (logic 4.180ns (69.251%)  route 1.856ns (30.749%))
  Logic Levels:           1  (OBUF=1)
  Clock Uncertainty:      0.025ns  ((TSJ^2 + TIJ^2)^1/2 + DJ) / 2 + PE
    Total System Jitter     (TSJ):    0.050ns
    Total Input Jitter      (TIJ):    0.000ns
    Discrete Jitter          (DJ):    0.000ns
    Phase Error              (PE):    0.000ns

    Location             Delay type                Incr(ns)  Path(ns)    Netlist Resource(s)
  -------------------------------------------------------------------    -------------------
                         (clock sys_clk_pin rise edge)
                                                      0.000     0.000 r  
    E3                                                0.000     0.000 r  CLK100MHZ (IN)
                         net (fo=0)                   0.000     0.000    CLK100MHZ
    E3                   IBUF (Prop_ibuf_I_O)         1.489     1.489 r  CLK100MHZ_IBUF_inst/O
                         net (fo=1, routed)           1.967     3.455    CLK100MHZ_IBUF
    BUFGCTRL_X0Y16       BUFG (Prop_bufg_I_O)         0.096     3.551 r  CLK100MHZ_IBUF_BUFG_inst/O
                         net (fo=33, routed)          1.624     5.175    top_inst/mem_ctrl/cache_2/clk
    SLICE_X64Y54         FDRE                                         r  top_inst/mem_ctrl/cache_2/buf_reg[2]/C
  -------------------------------------------------------------------    -------------------
    SLICE_X64Y54         FDRE (Prop_fdre_C_Q)         0.478     5.653 r  top_inst/mem_ctrl/cache_2/buf_reg[2]/Q
                         net (fo=1, routed)           1.856     7.510    led2_b_OBUF
    H4                   OBUF (Prop_obuf_I_O)         3.702    11.212 r  led2_b_OBUF_inst/O
                         net (fo=0)                   0.000    11.212    led2_b
    H4                                                                r  led2_b (OUT)
  -------------------------------------------------------------------    -------------------

Slack:                    inf
  Source:                 top_inst/mem_ctrl/cache_2/buf_reg[0]/C
                            (rising edge-triggered cell FDRE clocked by sys_clk_pin  {rise@0.000ns fall@5.000ns period=10.000ns})
  Destination:            led2_r
                            (output port)
  Path Group:             (none)
  Path Type:              Max at Slow Process Corner
  Data Path Delay:        5.976ns  (logic 4.169ns (69.764%)  route 1.807ns (30.236%))
  Logic Levels:           1  (OBUF=1)
  Clock Uncertainty:      0.025ns  ((TSJ^2 + TIJ^2)^1/2 + DJ) / 2 + PE
    Total System Jitter     (TSJ):    0.050ns
    Total Input Jitter      (TIJ):    0.000ns
    Discrete Jitter          (DJ):    0.000ns
    Phase Error              (PE):    0.000ns

    Location             Delay type                Incr(ns)  Path(ns)    Netlist Resource(s)
  -------------------------------------------------------------------    -------------------
                         (clock sys_clk_pin rise edge)
                                                      0.000     0.000 r  
    E3                                                0.000     0.000 r  CLK100MHZ (IN)
                         net (fo=0)                   0.000     0.000    CLK100MHZ
    E3                   IBUF (Prop_ibuf_I_O)         1.489     1.489 r  CLK100MHZ_IBUF_inst/O
                         net (fo=1, routed)           1.967     3.455    CLK100MHZ_IBUF
    BUFGCTRL_X0Y16       BUFG (Prop_bufg_I_O)         0.096     3.551 r  CLK100MHZ_IBUF_BUFG_inst/O
                         net (fo=33, routed)          1.624     5.175    top_inst/mem_ctrl/cache_2/clk
    SLICE_X64Y54         FDRE                                         r  top_inst/mem_ctrl/cache_2/buf_reg[0]/C
  -------------------------------------------------------------------    -------------------
    SLICE_X64Y54         FDRE (Prop_fdre_C_Q)         0.478     5.653 r  top_inst/mem_ctrl/cache_2/buf_reg[0]/Q
                         net (fo=1, routed)           1.807     7.460    led2_r_OBUF
    J3                   OBUF (Prop_obuf_I_O)         3.691    11.151 r  led2_r_OBUF_inst/O
                         net (fo=0)                   0.000    11.151    led2_r
    J3                                                                r  led2_r (OUT)
  -------------------------------------------------------------------    -------------------

Slack:                    inf
  Source:                 top_inst/mem_ctrl/instr_mem/pc_reg[0]/C
                            (rising edge-triggered cell FDRE clocked by sys_clk_pin  {rise@0.000ns fall@5.000ns period=10.000ns})
  Destination:            led3_r
                            (output port)
  Path Group:             (none)
  Path Type:              Max at Slow Process Corner
  Data Path Delay:        5.910ns  (logic 4.044ns (68.425%)  route 1.866ns (31.575%))
  Logic Levels:           1  (OBUF=1)
  Clock Uncertainty:      0.025ns  ((TSJ^2 + TIJ^2)^1/2 + DJ) / 2 + PE
    Total System Jitter     (TSJ):    0.050ns
    Total Input Jitter      (TIJ):    0.000ns
    Discrete Jitter          (DJ):    0.000ns
    Phase Error              (PE):    0.000ns

    Location             Delay type                Incr(ns)  Path(ns)    Netlist Resource(s)
  -------------------------------------------------------------------    -------------------
                         (clock sys_clk_pin rise edge)
                                                      0.000     0.000 r  
    E3                                                0.000     0.000 r  CLK100MHZ (IN)
                         net (fo=0)                   0.000     0.000    CLK100MHZ
    E3                   IBUF (Prop_ibuf_I_O)         1.489     1.489 r  CLK100MHZ_IBUF_inst/O
                         net (fo=1, routed)           1.967     3.455    CLK100MHZ_IBUF
    BUFGCTRL_X0Y16       BUFG (Prop_bufg_I_O)         0.096     3.551 r  CLK100MHZ_IBUF_BUFG_inst/O
                         net (fo=33, routed)          1.624     5.175    top_inst/mem_ctrl/instr_mem/clk
    SLICE_X64Y55         FDRE                                         r  top_inst/mem_ctrl/instr_mem/pc_reg[0]/C
  -------------------------------------------------------------------    -------------------
    SLICE_X64Y55         FDRE (Prop_fdre_C_Q)         0.518     5.693 r  top_inst/mem_ctrl/instr_mem/pc_reg[0]/Q
                         net (fo=9, routed)           1.866     7.559    led3_r_OBUF
    K1                   OBUF (Prop_obuf_I_O)         3.526    11.085 r  led3_r_OBUF_inst/O
                         net (fo=0)                   0.000    11.085    led3_r
    K1                                                                r  led3_r (OUT)
  -------------------------------------------------------------------    -------------------

Slack:                    inf
  Source:                 top_inst/mem_ctrl/cache_2/buf_reg[1]/C
                            (rising edge-triggered cell FDRE clocked by sys_clk_pin  {rise@0.000ns fall@5.000ns period=10.000ns})
  Destination:            led2_g
                            (output port)
  Path Group:             (none)
  Path Type:              Max at Slow Process Corner
  Data Path Delay:        5.840ns  (logic 4.173ns (71.459%)  route 1.667ns (28.541%))
  Logic Levels:           1  (OBUF=1)
  Clock Uncertainty:      0.025ns  ((TSJ^2 + TIJ^2)^1/2 + DJ) / 2 + PE
    Total System Jitter     (TSJ):    0.050ns
    Total Input Jitter      (TIJ):    0.000ns
    Discrete Jitter          (DJ):    0.000ns
    Phase Error              (PE):    0.000ns

    Location             Delay type                Incr(ns)  Path(ns)    Netlist Resource(s)
  -------------------------------------------------------------------    -------------------
                         (clock sys_clk_pin rise edge)
                                                      0.000     0.000 r  
    E3                                                0.000     0.000 r  CLK100MHZ (IN)
                         net (fo=0)                   0.000     0.000    CLK100MHZ
    E3                   IBUF (Prop_ibuf_I_O)         1.489     1.489 r  CLK100MHZ_IBUF_inst/O
                         net (fo=1, routed)           1.967     3.455    CLK100MHZ_IBUF
    BUFGCTRL_X0Y16       BUFG (Prop_bufg_I_O)         0.096     3.551 r  CLK100MHZ_IBUF_BUFG_inst/O
                         net (fo=33, routed)          1.624     5.175    top_inst/mem_ctrl/cache_2/clk
    SLICE_X64Y54         FDRE                                         r  top_inst/mem_ctrl/cache_2/buf_reg[1]/C
  -------------------------------------------------------------------    -------------------
    SLICE_X64Y54         FDRE (Prop_fdre_C_Q)         0.478     5.653 r  top_inst/mem_ctrl/cache_2/buf_reg[1]/Q
                         net (fo=1, routed)           1.667     7.320    led2_g_OBUF
    J2                   OBUF (Prop_obuf_I_O)         3.695    11.015 r  led2_g_OBUF_inst/O
                         net (fo=0)                   0.000    11.015    led2_g
    J2                                                                r  led2_g (OUT)
  -------------------------------------------------------------------    -------------------





Min Delay Paths
--------------------------------------------------------------------------------------
Slack:                    inf
  Source:                 top_inst/custom_ops_inst/RES_VALID_reg/C
                            (rising edge-triggered cell FDRE clocked by sys_clk_pin  {rise@0.000ns fall@5.000ns period=10.000ns})
  Destination:            led0_r
                            (output port)
  Path Group:             (none)
  Path Type:              Min at Fast Process Corner
  Data Path Delay:        1.728ns  (logic 1.403ns (81.231%)  route 0.324ns (18.769%))
  Logic Levels:           1  (OBUF=1)
  Clock Uncertainty:      0.025ns  ((TSJ^2 + TIJ^2)^1/2 + DJ) / 2 + PE
    Total System Jitter     (TSJ):    0.050ns
    Total Input Jitter      (TIJ):    0.000ns
    Discrete Jitter          (DJ):    0.000ns
    Phase Error              (PE):    0.000ns

    Location             Delay type                Incr(ns)  Path(ns)    Netlist Resource(s)
  -------------------------------------------------------------------    -------------------
                         (clock sys_clk_pin rise edge)
                                                      0.000     0.000 r  
    E3                                                0.000     0.000 r  CLK100MHZ (IN)
                         net (fo=0)                   0.000     0.000    CLK100MHZ
    E3                   IBUF (Prop_ibuf_I_O)         0.257     0.257 r  CLK100MHZ_IBUF_inst/O
                         net (fo=1, routed)           0.631     0.888    CLK100MHZ_IBUF
    BUFGCTRL_X0Y16       BUFG (Prop_bufg_I_O)         0.026     0.914 r  CLK100MHZ_IBUF_BUFG_inst/O
                         net (fo=33, routed)          0.589     1.502    top_inst/custom_ops_inst/clk
    SLICE_X64Y61         FDRE                                         r  top_inst/custom_ops_inst/RES_VALID_reg/C
  -------------------------------------------------------------------    -------------------
    SLICE_X64Y61         FDRE (Prop_fdre_C_Q)         0.164     1.666 r  top_inst/custom_ops_inst/RES_VALID_reg/Q
                         net (fo=1, routed)           0.324     1.991    led0_r_OBUF
    G6                   OBUF (Prop_obuf_I_O)         1.239     3.230 r  led0_r_OBUF_inst/O
                         net (fo=0)                   0.000     3.230    led0_r
    G6                                                                r  led0_r (OUT)
  -------------------------------------------------------------------    -------------------

Slack:                    inf
  Source:                 top_inst/mem_ctrl/cache_2/buf_reg[1]/C
                            (rising edge-triggered cell FDRE clocked by sys_clk_pin  {rise@0.000ns fall@5.000ns period=10.000ns})
  Destination:            led2_g
                            (output port)
  Path Group:             (none)
  Path Type:              Min at Fast Process Corner
  Data Path Delay:        1.756ns  (logic 1.421ns (80.934%)  route 0.335ns (19.066%))
  Logic Levels:           1  (OBUF=1)
  Clock Uncertainty:      0.025ns  ((TSJ^2 + TIJ^2)^1/2 + DJ) / 2 + PE
    Total System Jitter     (TSJ):    0.050ns
    Total Input Jitter      (TIJ):    0.000ns
    Discrete Jitter          (DJ):    0.000ns
    Phase Error              (PE):    0.000ns

    Location             Delay type                Incr(ns)  Path(ns)    Netlist Resource(s)
  -------------------------------------------------------------------    -------------------
                         (clock sys_clk_pin rise edge)
                                                      0.000     0.000 r  
    E3                                                0.000     0.000 r  CLK100MHZ (IN)
                         net (fo=0)                   0.000     0.000    CLK100MHZ
    E3                   IBUF (Prop_ibuf_I_O)         0.257     0.257 r  CLK100MHZ_IBUF_inst/O
                         net (fo=1, routed)           0.631     0.888    CLK100MHZ_IBUF
    BUFGCTRL_X0Y16       BUFG (Prop_bufg_I_O)         0.026     0.914 r  CLK100MHZ_IBUF_BUFG_inst/O
                         net (fo=33, routed)          0.591     1.504    top_inst/mem_ctrl/cache_2/clk
    SLICE_X64Y54         FDRE                                         r  top_inst/mem_ctrl/cache_2/buf_reg[1]/C
  -------------------------------------------------------------------    -------------------
    SLICE_X64Y54         FDRE (Prop_fdre_C_Q)         0.148     1.652 r  top_inst/mem_ctrl/cache_2/buf_reg[1]/Q
                         net (fo=1, routed)           0.335     1.987    led2_g_OBUF
    J2                   OBUF (Prop_obuf_I_O)         1.273     3.260 r  led2_g_OBUF_inst/O
                         net (fo=0)                   0.000     3.260    led2_g
    J2                                                                r  led2_g (OUT)
  -------------------------------------------------------------------    -------------------

Slack:                    inf
  Source:                 top_inst/mem_ctrl/instr_mem/pc_reg[2]/C
                            (rising edge-triggered cell FDRE clocked by sys_clk_pin  {rise@0.000ns fall@5.000ns period=10.000ns})
  Destination:            led3_b
                            (output port)
  Path Group:             (none)
  Path Type:              Min at Fast Process Corner
  Data Path Delay:        1.770ns  (logic 1.389ns (78.493%)  route 0.381ns (21.507%))
  Logic Levels:           1  (OBUF=1)
  Clock Uncertainty:      0.025ns  ((TSJ^2 + TIJ^2)^1/2 + DJ) / 2 + PE
    Total System Jitter     (TSJ):    0.050ns
    Total Input Jitter      (TIJ):    0.000ns
    Discrete Jitter          (DJ):    0.000ns
    Phase Error              (PE):    0.000ns

    Location             Delay type                Incr(ns)  Path(ns)    Netlist Resource(s)
  -------------------------------------------------------------------    -------------------
                         (clock sys_clk_pin rise edge)
                                                      0.000     0.000 r  
    E3                                                0.000     0.000 r  CLK100MHZ (IN)
                         net (fo=0)                   0.000     0.000    CLK100MHZ
    E3                   IBUF (Prop_ibuf_I_O)         0.257     0.257 r  CLK100MHZ_IBUF_inst/O
                         net (fo=1, routed)           0.631     0.888    CLK100MHZ_IBUF
    BUFGCTRL_X0Y16       BUFG (Prop_bufg_I_O)         0.026     0.914 r  CLK100MHZ_IBUF_BUFG_inst/O
                         net (fo=33, routed)          0.591     1.504    top_inst/mem_ctrl/instr_mem/clk
    SLICE_X64Y55         FDRE                                         r  top_inst/mem_ctrl/instr_mem/pc_reg[2]/C
  -------------------------------------------------------------------    -------------------
    SLICE_X64Y55         FDRE (Prop_fdre_C_Q)         0.164     1.668 r  top_inst/mem_ctrl/instr_mem/pc_reg[2]/Q
                         net (fo=7, routed)           0.381     2.049    led3_b_OBUF
    K2                   OBUF (Prop_obuf_I_O)         1.225     3.274 r  led3_b_OBUF_inst/O
                         net (fo=0)                   0.000     3.274    led3_b
    K2                                                                r  led3_b (OUT)
  -------------------------------------------------------------------    -------------------

Slack:                    inf
  Source:                 top_inst/mem_ctrl/instr_mem/pc_reg[1]/C
                            (rising edge-triggered cell FDRE clocked by sys_clk_pin  {rise@0.000ns fall@5.000ns period=10.000ns})
  Destination:            led3_g
                            (output port)
  Path Group:             (none)
  Path Type:              Min at Fast Process Corner
  Data Path Delay:        1.802ns  (logic 1.387ns (76.964%)  route 0.415ns (23.036%))
  Logic Levels:           1  (OBUF=1)
  Clock Uncertainty:      0.025ns  ((TSJ^2 + TIJ^2)^1/2 + DJ) / 2 + PE
    Total System Jitter     (TSJ):    0.050ns
    Total Input Jitter      (TIJ):    0.000ns
    Discrete Jitter          (DJ):    0.000ns
    Phase Error              (PE):    0.000ns

    Location             Delay type                Incr(ns)  Path(ns)    Netlist Resource(s)
  -------------------------------------------------------------------    -------------------
                         (clock sys_clk_pin rise edge)
                                                      0.000     0.000 r  
    E3                                                0.000     0.000 r  CLK100MHZ (IN)
                         net (fo=0)                   0.000     0.000    CLK100MHZ
    E3                   IBUF (Prop_ibuf_I_O)         0.257     0.257 r  CLK100MHZ_IBUF_inst/O
                         net (fo=1, routed)           0.631     0.888    CLK100MHZ_IBUF
    BUFGCTRL_X0Y16       BUFG (Prop_bufg_I_O)         0.026     0.914 r  CLK100MHZ_IBUF_BUFG_inst/O
                         net (fo=33, routed)          0.591     1.504    top_inst/mem_ctrl/instr_mem/clk
    SLICE_X64Y55         FDRE                                         r  top_inst/mem_ctrl/instr_mem/pc_reg[1]/C
  -------------------------------------------------------------------    -------------------
    SLICE_X64Y55         FDRE (Prop_fdre_C_Q)         0.164     1.668 r  top_inst/mem_ctrl/instr_mem/pc_reg[1]/Q
                         net (fo=8, routed)           0.415     2.084    led3_g_OBUF
    H6                   OBUF (Prop_obuf_I_O)         1.223     3.307 r  led3_g_OBUF_inst/O
                         net (fo=0)                   0.000     3.307    led3_g
    H6                                                                r  led3_g (OUT)
  -------------------------------------------------------------------    -------------------

Slack:                    inf
  Source:                 top_inst/mem_ctrl/cache_2/buf_reg[0]/C
                            (rising edge-triggered cell FDRE clocked by sys_clk_pin  {rise@0.000ns fall@5.000ns period=10.000ns})
  Destination:            led2_r
                            (output port)
  Path Group:             (none)
  Path Type:              Min at Fast Process Corner
  Data Path Delay:        1.817ns  (logic 1.422ns (78.266%)  route 0.395ns (21.734%))
  Logic Levels:           1  (OBUF=1)
  Clock Uncertainty:      0.025ns  ((TSJ^2 + TIJ^2)^1/2 + DJ) / 2 + PE
    Total System Jitter     (TSJ):    0.050ns
    Total Input Jitter      (TIJ):    0.000ns
    Discrete Jitter          (DJ):    0.000ns
    Phase Error              (PE):    0.000ns

    Location             Delay type                Incr(ns)  Path(ns)    Netlist Resource(s)
  -------------------------------------------------------------------    -------------------
                         (clock sys_clk_pin rise edge)
                                                      0.000     0.000 r  
    E3                                                0.000     0.000 r  CLK100MHZ (IN)
                         net (fo=0)                   0.000     0.000    CLK100MHZ
    E3                   IBUF (Prop_ibuf_I_O)         0.257     0.257 r  CLK100MHZ_IBUF_inst/O
                         net (fo=1, routed)           0.631     0.888    CLK100MHZ_IBUF
    BUFGCTRL_X0Y16       BUFG (Prop_bufg_I_O)         0.026     0.914 r  CLK100MHZ_IBUF_BUFG_inst/O
                         net (fo=33, routed)          0.591     1.504    top_inst/mem_ctrl/cache_2/clk
    SLICE_X64Y54         FDRE                                         r  top_inst/mem_ctrl/cache_2/buf_reg[0]/C
  -------------------------------------------------------------------    -------------------
    SLICE_X64Y54         FDRE (Prop_fdre_C_Q)         0.148     1.652 r  top_inst/mem_ctrl/cache_2/buf_reg[0]/Q
                         net (fo=1, routed)           0.395     2.047    led2_r_OBUF
    J3                   OBUF (Prop_obuf_I_O)         1.274     3.321 r  led2_r_OBUF_inst/O
                         net (fo=0)                   0.000     3.321    led2_r
    J3                                                                r  led2_r (OUT)
  -------------------------------------------------------------------    -------------------

Slack:                    inf
  Source:                 top_inst/mem_ctrl/instr_mem/pc_reg[0]/C
                            (rising edge-triggered cell FDRE clocked by sys_clk_pin  {rise@0.000ns fall@5.000ns period=10.000ns})
  Destination:            led3_r
                            (output port)
  Path Group:             (none)
  Path Type:              Min at Fast Process Corner
  Data Path Delay:        1.840ns  (logic 1.391ns (75.594%)  route 0.449ns (24.406%))
  Logic Levels:           1  (OBUF=1)
  Clock Uncertainty:      0.025ns  ((TSJ^2 + TIJ^2)^1/2 + DJ) / 2 + PE
    Total System Jitter     (TSJ):    0.050ns
    Total Input Jitter      (TIJ):    0.000ns
    Discrete Jitter          (DJ):    0.000ns
    Phase Error              (PE):    0.000ns

    Location             Delay type                Incr(ns)  Path(ns)    Netlist Resource(s)
  -------------------------------------------------------------------    -------------------
                         (clock sys_clk_pin rise edge)
                                                      0.000     0.000 r  
    E3                                                0.000     0.000 r  CLK100MHZ (IN)
                         net (fo=0)                   0.000     0.000    CLK100MHZ
    E3                   IBUF (Prop_ibuf_I_O)         0.257     0.257 r  CLK100MHZ_IBUF_inst/O
                         net (fo=1, routed)           0.631     0.888    CLK100MHZ_IBUF
    BUFGCTRL_X0Y16       BUFG (Prop_bufg_I_O)         0.026     0.914 r  CLK100MHZ_IBUF_BUFG_inst/O
                         net (fo=33, routed)          0.591     1.504    top_inst/mem_ctrl/instr_mem/clk
    SLICE_X64Y55         FDRE                                         r  top_inst/mem_ctrl/instr_mem/pc_reg[0]/C
  -------------------------------------------------------------------    -------------------
    SLICE_X64Y55         FDRE (Prop_fdre_C_Q)         0.164     1.668 r  top_inst/mem_ctrl/instr_mem/pc_reg[0]/Q
                         net (fo=9, routed)           0.449     2.117    led3_r_OBUF
    K1                   OBUF (Prop_obuf_I_O)         1.227     3.344 r  led3_r_OBUF_inst/O
                         net (fo=0)                   0.000     3.344    led3_r
    K1                                                                r  led3_r (OUT)
  -------------------------------------------------------------------    -------------------

Slack:                    inf
  Source:                 top_inst/mem_ctrl/cache_2/buf_reg[2]/C
                            (rising edge-triggered cell FDRE clocked by sys_clk_pin  {rise@0.000ns fall@5.000ns period=10.000ns})
  Destination:            led2_b
                            (output port)
  Path Group:             (none)
  Path Type:              Min at Fast Process Corner
  Data Path Delay:        1.843ns  (logic 1.432ns (77.696%)  route 0.411ns (22.304%))
  Logic Levels:           1  (OBUF=1)
  Clock Uncertainty:      0.025ns  ((TSJ^2 + TIJ^2)^1/2 + DJ) / 2 + PE
    Total System Jitter     (TSJ):    0.050ns
    Total Input Jitter      (TIJ):    0.000ns
    Discrete Jitter          (DJ):    0.000ns
    Phase Error              (PE):    0.000ns

    Location             Delay type                Incr(ns)  Path(ns)    Netlist Resource(s)
  -------------------------------------------------------------------    -------------------
                         (clock sys_clk_pin rise edge)
                                                      0.000     0.000 r  
    E3                                                0.000     0.000 r  CLK100MHZ (IN)
                         net (fo=0)                   0.000     0.000    CLK100MHZ
    E3                   IBUF (Prop_ibuf_I_O)         0.257     0.257 r  CLK100MHZ_IBUF_inst/O
                         net (fo=1, routed)           0.631     0.888    CLK100MHZ_IBUF
    BUFGCTRL_X0Y16       BUFG (Prop_bufg_I_O)         0.026     0.914 r  CLK100MHZ_IBUF_BUFG_inst/O
                         net (fo=33, routed)          0.591     1.504    top_inst/mem_ctrl/cache_2/clk
    SLICE_X64Y54         FDRE                                         r  top_inst/mem_ctrl/cache_2/buf_reg[2]/C
  -------------------------------------------------------------------    -------------------
    SLICE_X64Y54         FDRE (Prop_fdre_C_Q)         0.148     1.652 r  top_inst/mem_ctrl/cache_2/buf_reg[2]/Q
                         net (fo=1, routed)           0.411     2.064    led2_b_OBUF
    H4                   OBUF (Prop_obuf_I_O)         1.284     3.348 r  led2_b_OBUF_inst/O
                         net (fo=0)                   0.000     3.348    led2_b
    H4                                                                r  led2_b (OUT)
  -------------------------------------------------------------------    -------------------

Slack:                    inf
  Source:                 top_inst/mem_ctrl/reg_sel_fct/reg_reg[0]/C
                            (rising edge-triggered cell FDRE clocked by sys_clk_pin  {rise@0.000ns fall@5.000ns period=10.000ns})
  Destination:            led[0]
                            (output port)
  Path Group:             (none)
  Path Type:              Min at Fast Process Corner
  Data Path Delay:        2.175ns  (logic 1.537ns (70.676%)  route 0.638ns (29.324%))
  Logic Levels:           3  (LUT5=1 MUXF7=1 OBUF=1)
  Clock Uncertainty:      0.025ns  ((TSJ^2 + TIJ^2)^1/2 + DJ) / 2 + PE
    Total System Jitter     (TSJ):    0.050ns
    Total Input Jitter      (TIJ):    0.000ns
    Discrete Jitter          (DJ):    0.000ns
    Phase Error              (PE):    0.000ns

    Location             Delay type                Incr(ns)  Path(ns)    Netlist Resource(s)
  -------------------------------------------------------------------    -------------------
                         (clock sys_clk_pin rise edge)
                                                      0.000     0.000 r  
    E3                                                0.000     0.000 r  CLK100MHZ (IN)
                         net (fo=0)                   0.000     0.000    CLK100MHZ
    E3                   IBUF (Prop_ibuf_I_O)         0.257     0.257 r  CLK100MHZ_IBUF_inst/O
                         net (fo=1, routed)           0.631     0.888    CLK100MHZ_IBUF
    BUFGCTRL_X0Y16       BUFG (Prop_bufg_I_O)         0.026     0.914 r  CLK100MHZ_IBUF_BUFG_inst/O
                         net (fo=33, routed)          0.591     1.504    top_inst/mem_ctrl/reg_sel_fct/clk
    SLICE_X65Y54         FDRE                                         r  top_inst/mem_ctrl/reg_sel_fct/reg_reg[0]/C
  -------------------------------------------------------------------    -------------------
    SLICE_X65Y54         FDRE (Prop_fdre_C_Q)         0.141     1.645 r  top_inst/mem_ctrl/reg_sel_fct/reg_reg[0]/Q
                         net (fo=12, routed)          0.249     1.895    top_inst/mem_ctrl/reg_sel_fct/Q[0]
    SLICE_X65Y53         LUT5 (Prop_lut5_I4_O)        0.045     1.940 r  top_inst/mem_ctrl/reg_sel_fct/led_OBUF[0]_inst_i_2/O
                         net (fo=1, routed)           0.000     1.940    top_inst/mem_ctrl/reg_sel_fct/led_OBUF[0]_inst_i_2_n_0
    SLICE_X65Y53         MUXF7 (Prop_muxf7_I0_O)      0.062     2.002 r  top_inst/mem_ctrl/reg_sel_fct/led_OBUF[0]_inst_i_1/O
                         net (fo=4, routed)           0.389     2.390    led0_g_OBUF
    H5                   OBUF (Prop_obuf_I_O)         1.289     3.680 r  led_OBUF[0]_inst/O
                         net (fo=0)                   0.000     3.680    led[0]
    H5                                                                r  led[0] (OUT)
  -------------------------------------------------------------------    -------------------

Slack:                    inf
  Source:                 top_inst/mem_ctrl/reg_sel_fct/reg_reg[2]/C
                            (rising edge-triggered cell FDRE clocked by sys_clk_pin  {rise@0.000ns fall@5.000ns period=10.000ns})
  Destination:            led[1]
                            (output port)
  Path Group:             (none)
  Path Type:              Min at Fast Process Corner
  Data Path Delay:        2.202ns  (logic 1.394ns (63.324%)  route 0.808ns (36.676%))
  Logic Levels:           2  (LUT5=1 OBUF=1)
  Clock Uncertainty:      0.025ns  ((TSJ^2 + TIJ^2)^1/2 + DJ) / 2 + PE
    Total System Jitter     (TSJ):    0.050ns
    Total Input Jitter      (TIJ):    0.000ns
    Discrete Jitter          (DJ):    0.000ns
    Phase Error              (PE):    0.000ns

    Location             Delay type                Incr(ns)  Path(ns)    Netlist Resource(s)
  -------------------------------------------------------------------    -------------------
                         (clock sys_clk_pin rise edge)
                                                      0.000     0.000 r  
    E3                                                0.000     0.000 r  CLK100MHZ (IN)
                         net (fo=0)                   0.000     0.000    CLK100MHZ
    E3                   IBUF (Prop_ibuf_I_O)         0.257     0.257 r  CLK100MHZ_IBUF_inst/O
                         net (fo=1, routed)           0.631     0.888    CLK100MHZ_IBUF
    BUFGCTRL_X0Y16       BUFG (Prop_bufg_I_O)         0.026     0.914 r  CLK100MHZ_IBUF_BUFG_inst/O
                         net (fo=33, routed)          0.591     1.504    top_inst/mem_ctrl/reg_sel_fct/clk
    SLICE_X63Y55         FDRE                                         r  top_inst/mem_ctrl/reg_sel_fct/reg_reg[2]/C
  -------------------------------------------------------------------    -------------------
    SLICE_X63Y55         FDRE (Prop_fdre_C_Q)         0.141     1.645 r  top_inst/mem_ctrl/reg_sel_fct/reg_reg[2]/Q
                         net (fo=9, routed)           0.389     2.035    top_inst/mem_ctrl/reg_sel_fct/reg_reg_n_0_[2]
    SLICE_X63Y53         LUT5 (Prop_lut5_I1_O)        0.045     2.080 r  top_inst/mem_ctrl/reg_sel_fct/led_OBUF[1]_inst_i_1/O
                         net (fo=4, routed)           0.419     2.498    led0_b_OBUF
    J5                   OBUF (Prop_obuf_I_O)         1.208     3.707 r  led_OBUF[1]_inst/O
                         net (fo=0)                   0.000     3.707    led[1]
    J5                                                                r  led[1] (OUT)
  -------------------------------------------------------------------    -------------------

Slack:                    inf
  Source:                 top_inst/mem_ctrl/reg_sel_fct/reg_reg[2]/C
                            (rising edge-triggered cell FDRE clocked by sys_clk_pin  {rise@0.000ns fall@5.000ns period=10.000ns})
  Destination:            led0_b
                            (output port)
  Path Group:             (none)
  Path Type:              Min at Fast Process Corner
  Data Path Delay:        2.282ns  (logic 1.431ns (62.728%)  route 0.851ns (37.272%))
  Logic Levels:           2  (LUT5=1 OBUF=1)
  Clock Uncertainty:      0.025ns  ((TSJ^2 + TIJ^2)^1/2 + DJ) / 2 + PE
    Total System Jitter     (TSJ):    0.050ns
    Total Input Jitter      (TIJ):    0.000ns
    Discrete Jitter          (DJ):    0.000ns
    Phase Error              (PE):    0.000ns

    Location             Delay type                Incr(ns)  Path(ns)    Netlist Resource(s)
  -------------------------------------------------------------------    -------------------
                         (clock sys_clk_pin rise edge)
                                                      0.000     0.000 r  
    E3                                                0.000     0.000 r  CLK100MHZ (IN)
                         net (fo=0)                   0.000     0.000    CLK100MHZ
    E3                   IBUF (Prop_ibuf_I_O)         0.257     0.257 r  CLK100MHZ_IBUF_inst/O
                         net (fo=1, routed)           0.631     0.888    CLK100MHZ_IBUF
    BUFGCTRL_X0Y16       BUFG (Prop_bufg_I_O)         0.026     0.914 r  CLK100MHZ_IBUF_BUFG_inst/O
                         net (fo=33, routed)          0.591     1.504    top_inst/mem_ctrl/reg_sel_fct/clk
    SLICE_X63Y55         FDRE                                         r  top_inst/mem_ctrl/reg_sel_fct/reg_reg[2]/C
  -------------------------------------------------------------------    -------------------
    SLICE_X63Y55         FDRE (Prop_fdre_C_Q)         0.141     1.645 r  top_inst/mem_ctrl/reg_sel_fct/reg_reg[2]/Q
                         net (fo=9, routed)           0.389     2.035    top_inst/mem_ctrl/reg_sel_fct/reg_reg_n_0_[2]
    SLICE_X63Y53         LUT5 (Prop_lut5_I1_O)        0.045     2.080 r  top_inst/mem_ctrl/reg_sel_fct/led_OBUF[1]_inst_i_1/O
                         net (fo=4, routed)           0.461     2.541    led0_b_OBUF
    E1                   OBUF (Prop_obuf_I_O)         1.245     3.786 r  led0_b_OBUF_inst/O
                         net (fo=0)                   0.000     3.786    led0_b
    E1                                                                r  led0_b (OUT)
  -------------------------------------------------------------------    -------------------





--------------------------------------------------------------------------------------
Path Group:  (none)
From Clock:  
  To Clock:  sys_clk_pin

Max Delay            40 Endpoints
Min Delay            40 Endpoints
--------------------------------------------------------------------------------------


Max Delay Paths
--------------------------------------------------------------------------------------
Slack:                    inf
  Source:                 btn[0]
                            (input port)
  Destination:            top_inst/mem_ctrl/instr_mem/pc_reg[0]/R
                            (rising edge-triggered cell FDRE clocked by sys_clk_pin  {rise@0.000ns fall@5.000ns period=10.000ns})
  Path Group:             (none)
  Path Type:              Setup (Max at Slow Process Corner)
  Data Path Delay:        8.496ns  (logic 1.591ns (18.724%)  route 6.905ns (81.276%))
  Logic Levels:           2  (IBUF=1 LUT3=1)
  Clock Path Skew:        4.877ns (DCD - SCD + CPR)
    Destination Clock Delay (DCD):    4.877ns
    Source Clock Delay      (SCD):    0.000ns
    Clock Pessimism Removal (CPR):    0.000ns
  Clock Uncertainty:      0.025ns  ((TSJ^2 + TIJ^2)^1/2 + DJ) / 2 + PE
    Total System Jitter     (TSJ):    0.050ns
    Total Input Jitter      (TIJ):    0.000ns
    Discrete Jitter          (DJ):    0.000ns
    Phase Error              (PE):    0.000ns

    Location             Delay type                Incr(ns)  Path(ns)    Netlist Resource(s)
  -------------------------------------------------------------------    -------------------
    D9                                                0.000     0.000 r  btn[0] (IN)
                         net (fo=0)                   0.000     0.000    btn[0]
    D9                   IBUF (Prop_ibuf_I_O)         1.467     1.467 r  btn_IBUF[0]_inst/O
                         net (fo=27, routed)          6.377     7.843    top_inst/mem_ctrl/instr_mem/btn_IBUF[0]
    SLICE_X64Y55         LUT3 (Prop_lut3_I2_O)        0.124     7.967 r  top_inst/mem_ctrl/instr_mem/pc[6]_i_1/O
                         net (fo=7, routed)           0.529     8.496    top_inst/mem_ctrl/instr_mem/pc[6]_i_1_n_0
    SLICE_X64Y55         FDRE                                         r  top_inst/mem_ctrl/instr_mem/pc_reg[0]/R
  -------------------------------------------------------------------    -------------------

                         (clock sys_clk_pin rise edge)
                                                      0.000     0.000 r  
    E3                                                0.000     0.000 r  CLK100MHZ (IN)
                         net (fo=0)                   0.000     0.000    CLK100MHZ
    E3                   IBUF (Prop_ibuf_I_O)         1.418     1.418 r  CLK100MHZ_IBUF_inst/O
                         net (fo=1, routed)           1.862     3.280    CLK100MHZ_IBUF
    BUFGCTRL_X0Y16       BUFG (Prop_bufg_I_O)         0.091     3.371 r  CLK100MHZ_IBUF_BUFG_inst/O
                         net (fo=33, routed)          1.506     4.877    top_inst/mem_ctrl/instr_mem/clk
    SLICE_X64Y55         FDRE                                         r  top_inst/mem_ctrl/instr_mem/pc_reg[0]/C

Slack:                    inf
  Source:                 btn[0]
                            (input port)
  Destination:            top_inst/mem_ctrl/instr_mem/pc_reg[1]/R
                            (rising edge-triggered cell FDRE clocked by sys_clk_pin  {rise@0.000ns fall@5.000ns period=10.000ns})
  Path Group:             (none)
  Path Type:              Setup (Max at Slow Process Corner)
  Data Path Delay:        8.496ns  (logic 1.591ns (18.724%)  route 6.905ns (81.276%))
  Logic Levels:           2  (IBUF=1 LUT3=1)
  Clock Path Skew:        4.877ns (DCD - SCD + CPR)
    Destination Clock Delay (DCD):    4.877ns
    Source Clock Delay      (SCD):    0.000ns
    Clock Pessimism Removal (CPR):    0.000ns
  Clock Uncertainty:      0.025ns  ((TSJ^2 + TIJ^2)^1/2 + DJ) / 2 + PE
    Total System Jitter     (TSJ):    0.050ns
    Total Input Jitter      (TIJ):    0.000ns
    Discrete Jitter          (DJ):    0.000ns
    Phase Error              (PE):    0.000ns

    Location             Delay type                Incr(ns)  Path(ns)    Netlist Resource(s)
  -------------------------------------------------------------------    -------------------
    D9                                                0.000     0.000 r  btn[0] (IN)
                         net (fo=0)                   0.000     0.000    btn[0]
    D9                   IBUF (Prop_ibuf_I_O)         1.467     1.467 r  btn_IBUF[0]_inst/O
                         net (fo=27, routed)          6.377     7.843    top_inst/mem_ctrl/instr_mem/btn_IBUF[0]
    SLICE_X64Y55         LUT3 (Prop_lut3_I2_O)        0.124     7.967 r  top_inst/mem_ctrl/instr_mem/pc[6]_i_1/O
                         net (fo=7, routed)           0.529     8.496    top_inst/mem_ctrl/instr_mem/pc[6]_i_1_n_0
    SLICE_X64Y55         FDRE                                         r  top_inst/mem_ctrl/instr_mem/pc_reg[1]/R
  -------------------------------------------------------------------    -------------------

                         (clock sys_clk_pin rise edge)
                                                      0.000     0.000 r  
    E3                                                0.000     0.000 r  CLK100MHZ (IN)
                         net (fo=0)                   0.000     0.000    CLK100MHZ
    E3                   IBUF (Prop_ibuf_I_O)         1.418     1.418 r  CLK100MHZ_IBUF_inst/O
                         net (fo=1, routed)           1.862     3.280    CLK100MHZ_IBUF
    BUFGCTRL_X0Y16       BUFG (Prop_bufg_I_O)         0.091     3.371 r  CLK100MHZ_IBUF_BUFG_inst/O
                         net (fo=33, routed)          1.506     4.877    top_inst/mem_ctrl/instr_mem/clk
    SLICE_X64Y55         FDRE                                         r  top_inst/mem_ctrl/instr_mem/pc_reg[1]/C

Slack:                    inf
  Source:                 btn[0]
                            (input port)
  Destination:            top_inst/mem_ctrl/instr_mem/pc_reg[2]/R
                            (rising edge-triggered cell FDRE clocked by sys_clk_pin  {rise@0.000ns fall@5.000ns period=10.000ns})
  Path Group:             (none)
  Path Type:              Setup (Max at Slow Process Corner)
  Data Path Delay:        8.496ns  (logic 1.591ns (18.724%)  route 6.905ns (81.276%))
  Logic Levels:           2  (IBUF=1 LUT3=1)
  Clock Path Skew:        4.877ns (DCD - SCD + CPR)
    Destination Clock Delay (DCD):    4.877ns
    Source Clock Delay      (SCD):    0.000ns
    Clock Pessimism Removal (CPR):    0.000ns
  Clock Uncertainty:      0.025ns  ((TSJ^2 + TIJ^2)^1/2 + DJ) / 2 + PE
    Total System Jitter     (TSJ):    0.050ns
    Total Input Jitter      (TIJ):    0.000ns
    Discrete Jitter          (DJ):    0.000ns
    Phase Error              (PE):    0.000ns

    Location             Delay type                Incr(ns)  Path(ns)    Netlist Resource(s)
  -------------------------------------------------------------------    -------------------
    D9                                                0.000     0.000 r  btn[0] (IN)
                         net (fo=0)                   0.000     0.000    btn[0]
    D9                   IBUF (Prop_ibuf_I_O)         1.467     1.467 r  btn_IBUF[0]_inst/O
                         net (fo=27, routed)          6.377     7.843    top_inst/mem_ctrl/instr_mem/btn_IBUF[0]
    SLICE_X64Y55         LUT3 (Prop_lut3_I2_O)        0.124     7.967 r  top_inst/mem_ctrl/instr_mem/pc[6]_i_1/O
                         net (fo=7, routed)           0.529     8.496    top_inst/mem_ctrl/instr_mem/pc[6]_i_1_n_0
    SLICE_X64Y55         FDRE                                         r  top_inst/mem_ctrl/instr_mem/pc_reg[2]/R
  -------------------------------------------------------------------    -------------------

                         (clock sys_clk_pin rise edge)
                                                      0.000     0.000 r  
    E3                                                0.000     0.000 r  CLK100MHZ (IN)
                         net (fo=0)                   0.000     0.000    CLK100MHZ
    E3                   IBUF (Prop_ibuf_I_O)         1.418     1.418 r  CLK100MHZ_IBUF_inst/O
                         net (fo=1, routed)           1.862     3.280    CLK100MHZ_IBUF
    BUFGCTRL_X0Y16       BUFG (Prop_bufg_I_O)         0.091     3.371 r  CLK100MHZ_IBUF_BUFG_inst/O
                         net (fo=33, routed)          1.506     4.877    top_inst/mem_ctrl/instr_mem/clk
    SLICE_X64Y55         FDRE                                         r  top_inst/mem_ctrl/instr_mem/pc_reg[2]/C

Slack:                    inf
  Source:                 btn[0]
                            (input port)
  Destination:            top_inst/mem_ctrl/instr_mem/pc_reg[3]/R
                            (rising edge-triggered cell FDRE clocked by sys_clk_pin  {rise@0.000ns fall@5.000ns period=10.000ns})
  Path Group:             (none)
  Path Type:              Setup (Max at Slow Process Corner)
  Data Path Delay:        8.496ns  (logic 1.591ns (18.724%)  route 6.905ns (81.276%))
  Logic Levels:           2  (IBUF=1 LUT3=1)
  Clock Path Skew:        4.877ns (DCD - SCD + CPR)
    Destination Clock Delay (DCD):    4.877ns
    Source Clock Delay      (SCD):    0.000ns
    Clock Pessimism Removal (CPR):    0.000ns
  Clock Uncertainty:      0.025ns  ((TSJ^2 + TIJ^2)^1/2 + DJ) / 2 + PE
    Total System Jitter     (TSJ):    0.050ns
    Total Input Jitter      (TIJ):    0.000ns
    Discrete Jitter          (DJ):    0.000ns
    Phase Error              (PE):    0.000ns

    Location             Delay type                Incr(ns)  Path(ns)    Netlist Resource(s)
  -------------------------------------------------------------------    -------------------
    D9                                                0.000     0.000 r  btn[0] (IN)
                         net (fo=0)                   0.000     0.000    btn[0]
    D9                   IBUF (Prop_ibuf_I_O)         1.467     1.467 r  btn_IBUF[0]_inst/O
                         net (fo=27, routed)          6.377     7.843    top_inst/mem_ctrl/instr_mem/btn_IBUF[0]
    SLICE_X64Y55         LUT3 (Prop_lut3_I2_O)        0.124     7.967 r  top_inst/mem_ctrl/instr_mem/pc[6]_i_1/O
                         net (fo=7, routed)           0.529     8.496    top_inst/mem_ctrl/instr_mem/pc[6]_i_1_n_0
    SLICE_X64Y55         FDRE                                         r  top_inst/mem_ctrl/instr_mem/pc_reg[3]/R
  -------------------------------------------------------------------    -------------------

                         (clock sys_clk_pin rise edge)
                                                      0.000     0.000 r  
    E3                                                0.000     0.000 r  CLK100MHZ (IN)
                         net (fo=0)                   0.000     0.000    CLK100MHZ
    E3                   IBUF (Prop_ibuf_I_O)         1.418     1.418 r  CLK100MHZ_IBUF_inst/O
                         net (fo=1, routed)           1.862     3.280    CLK100MHZ_IBUF
    BUFGCTRL_X0Y16       BUFG (Prop_bufg_I_O)         0.091     3.371 r  CLK100MHZ_IBUF_BUFG_inst/O
                         net (fo=33, routed)          1.506     4.877    top_inst/mem_ctrl/instr_mem/clk
    SLICE_X64Y55         FDRE                                         r  top_inst/mem_ctrl/instr_mem/pc_reg[3]/C

Slack:                    inf
  Source:                 btn[0]
                            (input port)
  Destination:            top_inst/mem_ctrl/instr_mem/pc_reg[4]/R
                            (rising edge-triggered cell FDRE clocked by sys_clk_pin  {rise@0.000ns fall@5.000ns period=10.000ns})
  Path Group:             (none)
  Path Type:              Setup (Max at Slow Process Corner)
  Data Path Delay:        8.496ns  (logic 1.591ns (18.724%)  route 6.905ns (81.276%))
  Logic Levels:           2  (IBUF=1 LUT3=1)
  Clock Path Skew:        4.877ns (DCD - SCD + CPR)
    Destination Clock Delay (DCD):    4.877ns
    Source Clock Delay      (SCD):    0.000ns
    Clock Pessimism Removal (CPR):    0.000ns
  Clock Uncertainty:      0.025ns  ((TSJ^2 + TIJ^2)^1/2 + DJ) / 2 + PE
    Total System Jitter     (TSJ):    0.050ns
    Total Input Jitter      (TIJ):    0.000ns
    Discrete Jitter          (DJ):    0.000ns
    Phase Error              (PE):    0.000ns

    Location             Delay type                Incr(ns)  Path(ns)    Netlist Resource(s)
  -------------------------------------------------------------------    -------------------
    D9                                                0.000     0.000 r  btn[0] (IN)
                         net (fo=0)                   0.000     0.000    btn[0]
    D9                   IBUF (Prop_ibuf_I_O)         1.467     1.467 r  btn_IBUF[0]_inst/O
                         net (fo=27, routed)          6.377     7.843    top_inst/mem_ctrl/instr_mem/btn_IBUF[0]
    SLICE_X64Y55         LUT3 (Prop_lut3_I2_O)        0.124     7.967 r  top_inst/mem_ctrl/instr_mem/pc[6]_i_1/O
                         net (fo=7, routed)           0.529     8.496    top_inst/mem_ctrl/instr_mem/pc[6]_i_1_n_0
    SLICE_X64Y55         FDRE                                         r  top_inst/mem_ctrl/instr_mem/pc_reg[4]/R
  -------------------------------------------------------------------    -------------------

                         (clock sys_clk_pin rise edge)
                                                      0.000     0.000 r  
    E3                                                0.000     0.000 r  CLK100MHZ (IN)
                         net (fo=0)                   0.000     0.000    CLK100MHZ
    E3                   IBUF (Prop_ibuf_I_O)         1.418     1.418 r  CLK100MHZ_IBUF_inst/O
                         net (fo=1, routed)           1.862     3.280    CLK100MHZ_IBUF
    BUFGCTRL_X0Y16       BUFG (Prop_bufg_I_O)         0.091     3.371 r  CLK100MHZ_IBUF_BUFG_inst/O
                         net (fo=33, routed)          1.506     4.877    top_inst/mem_ctrl/instr_mem/clk
    SLICE_X64Y55         FDRE                                         r  top_inst/mem_ctrl/instr_mem/pc_reg[4]/C

Slack:                    inf
  Source:                 btn[0]
                            (input port)
  Destination:            top_inst/mem_ctrl/instr_mem/pc_reg[5]/R
                            (rising edge-triggered cell FDRE clocked by sys_clk_pin  {rise@0.000ns fall@5.000ns period=10.000ns})
  Path Group:             (none)
  Path Type:              Setup (Max at Slow Process Corner)
  Data Path Delay:        8.496ns  (logic 1.591ns (18.724%)  route 6.905ns (81.276%))
  Logic Levels:           2  (IBUF=1 LUT3=1)
  Clock Path Skew:        4.877ns (DCD - SCD + CPR)
    Destination Clock Delay (DCD):    4.877ns
    Source Clock Delay      (SCD):    0.000ns
    Clock Pessimism Removal (CPR):    0.000ns
  Clock Uncertainty:      0.025ns  ((TSJ^2 + TIJ^2)^1/2 + DJ) / 2 + PE
    Total System Jitter     (TSJ):    0.050ns
    Total Input Jitter      (TIJ):    0.000ns
    Discrete Jitter          (DJ):    0.000ns
    Phase Error              (PE):    0.000ns

    Location             Delay type                Incr(ns)  Path(ns)    Netlist Resource(s)
  -------------------------------------------------------------------    -------------------
    D9                                                0.000     0.000 r  btn[0] (IN)
                         net (fo=0)                   0.000     0.000    btn[0]
    D9                   IBUF (Prop_ibuf_I_O)         1.467     1.467 r  btn_IBUF[0]_inst/O
                         net (fo=27, routed)          6.377     7.843    top_inst/mem_ctrl/instr_mem/btn_IBUF[0]
    SLICE_X64Y55         LUT3 (Prop_lut3_I2_O)        0.124     7.967 r  top_inst/mem_ctrl/instr_mem/pc[6]_i_1/O
                         net (fo=7, routed)           0.529     8.496    top_inst/mem_ctrl/instr_mem/pc[6]_i_1_n_0
    SLICE_X64Y55         FDRE                                         r  top_inst/mem_ctrl/instr_mem/pc_reg[5]/R
  -------------------------------------------------------------------    -------------------

                         (clock sys_clk_pin rise edge)
                                                      0.000     0.000 r  
    E3                                                0.000     0.000 r  CLK100MHZ (IN)
                         net (fo=0)                   0.000     0.000    CLK100MHZ
    E3                   IBUF (Prop_ibuf_I_O)         1.418     1.418 r  CLK100MHZ_IBUF_inst/O
                         net (fo=1, routed)           1.862     3.280    CLK100MHZ_IBUF
    BUFGCTRL_X0Y16       BUFG (Prop_bufg_I_O)         0.091     3.371 r  CLK100MHZ_IBUF_BUFG_inst/O
                         net (fo=33, routed)          1.506     4.877    top_inst/mem_ctrl/instr_mem/clk
    SLICE_X64Y55         FDRE                                         r  top_inst/mem_ctrl/instr_mem/pc_reg[5]/C

Slack:                    inf
  Source:                 btn[0]
                            (input port)
  Destination:            top_inst/mem_ctrl/instr_mem/pc_reg[6]/R
                            (rising edge-triggered cell FDRE clocked by sys_clk_pin  {rise@0.000ns fall@5.000ns period=10.000ns})
  Path Group:             (none)
  Path Type:              Setup (Max at Slow Process Corner)
  Data Path Delay:        8.496ns  (logic 1.591ns (18.724%)  route 6.905ns (81.276%))
  Logic Levels:           2  (IBUF=1 LUT3=1)
  Clock Path Skew:        4.877ns (DCD - SCD + CPR)
    Destination Clock Delay (DCD):    4.877ns
    Source Clock Delay      (SCD):    0.000ns
    Clock Pessimism Removal (CPR):    0.000ns
  Clock Uncertainty:      0.025ns  ((TSJ^2 + TIJ^2)^1/2 + DJ) / 2 + PE
    Total System Jitter     (TSJ):    0.050ns
    Total Input Jitter      (TIJ):    0.000ns
    Discrete Jitter          (DJ):    0.000ns
    Phase Error              (PE):    0.000ns

    Location             Delay type                Incr(ns)  Path(ns)    Netlist Resource(s)
  -------------------------------------------------------------------    -------------------
    D9                                                0.000     0.000 r  btn[0] (IN)
                         net (fo=0)                   0.000     0.000    btn[0]
    D9                   IBUF (Prop_ibuf_I_O)         1.467     1.467 r  btn_IBUF[0]_inst/O
                         net (fo=27, routed)          6.377     7.843    top_inst/mem_ctrl/instr_mem/btn_IBUF[0]
    SLICE_X64Y55         LUT3 (Prop_lut3_I2_O)        0.124     7.967 r  top_inst/mem_ctrl/instr_mem/pc[6]_i_1/O
                         net (fo=7, routed)           0.529     8.496    top_inst/mem_ctrl/instr_mem/pc[6]_i_1_n_0
    SLICE_X64Y55         FDRE                                         r  top_inst/mem_ctrl/instr_mem/pc_reg[6]/R
  -------------------------------------------------------------------    -------------------

                         (clock sys_clk_pin rise edge)
                                                      0.000     0.000 r  
    E3                                                0.000     0.000 r  CLK100MHZ (IN)
                         net (fo=0)                   0.000     0.000    CLK100MHZ
    E3                   IBUF (Prop_ibuf_I_O)         1.418     1.418 r  CLK100MHZ_IBUF_inst/O
                         net (fo=1, routed)           1.862     3.280    CLK100MHZ_IBUF
    BUFGCTRL_X0Y16       BUFG (Prop_bufg_I_O)         0.091     3.371 r  CLK100MHZ_IBUF_BUFG_inst/O
                         net (fo=33, routed)          1.506     4.877    top_inst/mem_ctrl/instr_mem/clk
    SLICE_X64Y55         FDRE                                         r  top_inst/mem_ctrl/instr_mem/pc_reg[6]/C

Slack:                    inf
  Source:                 btn[0]
                            (input port)
  Destination:            top_inst/mem_ctrl/instr_mem/pc_reg_rep[3]/R
                            (rising edge-triggered cell FDRE clocked by sys_clk_pin  {rise@0.000ns fall@5.000ns period=10.000ns})
  Path Group:             (none)
  Path Type:              Setup (Max at Slow Process Corner)
  Data Path Delay:        7.519ns  (logic 1.467ns (19.509%)  route 6.052ns (80.491%))
  Logic Levels:           1  (IBUF=1)
  Clock Path Skew:        4.877ns (DCD - SCD + CPR)
    Destination Clock Delay (DCD):    4.877ns
    Source Clock Delay      (SCD):    0.000ns
    Clock Pessimism Removal (CPR):    0.000ns
  Clock Uncertainty:      0.025ns  ((TSJ^2 + TIJ^2)^1/2 + DJ) / 2 + PE
    Total System Jitter     (TSJ):    0.050ns
    Total Input Jitter      (TIJ):    0.000ns
    Discrete Jitter          (DJ):    0.000ns
    Phase Error              (PE):    0.000ns

    Location             Delay type                Incr(ns)  Path(ns)    Netlist Resource(s)
  -------------------------------------------------------------------    -------------------
    D9                                                0.000     0.000 r  btn[0] (IN)
                         net (fo=0)                   0.000     0.000    btn[0]
    D9                   IBUF (Prop_ibuf_I_O)         1.467     1.467 r  btn_IBUF[0]_inst/O
                         net (fo=27, routed)          6.052     7.519    top_inst/mem_ctrl/instr_mem/btn_IBUF[0]
    SLICE_X65Y55         FDRE                                         r  top_inst/mem_ctrl/instr_mem/pc_reg_rep[3]/R
  -------------------------------------------------------------------    -------------------

                         (clock sys_clk_pin rise edge)
                                                      0.000     0.000 r  
    E3                                                0.000     0.000 r  CLK100MHZ (IN)
                         net (fo=0)                   0.000     0.000    CLK100MHZ
    E3                   IBUF (Prop_ibuf_I_O)         1.418     1.418 r  CLK100MHZ_IBUF_inst/O
                         net (fo=1, routed)           1.862     3.280    CLK100MHZ_IBUF
    BUFGCTRL_X0Y16       BUFG (Prop_bufg_I_O)         0.091     3.371 r  CLK100MHZ_IBUF_BUFG_inst/O
                         net (fo=33, routed)          1.506     4.877    top_inst/mem_ctrl/instr_mem/clk
    SLICE_X65Y55         FDRE                                         r  top_inst/mem_ctrl/instr_mem/pc_reg_rep[3]/C

Slack:                    inf
  Source:                 btn[0]
                            (input port)
  Destination:            top_inst/mem_ctrl/instr_mem/pc_reg_rep[4]/R
                            (rising edge-triggered cell FDRE clocked by sys_clk_pin  {rise@0.000ns fall@5.000ns period=10.000ns})
  Path Group:             (none)
  Path Type:              Setup (Max at Slow Process Corner)
  Data Path Delay:        7.519ns  (logic 1.467ns (19.509%)  route 6.052ns (80.491%))
  Logic Levels:           1  (IBUF=1)
  Clock Path Skew:        4.877ns (DCD - SCD + CPR)
    Destination Clock Delay (DCD):    4.877ns
    Source Clock Delay      (SCD):    0.000ns
    Clock Pessimism Removal (CPR):    0.000ns
  Clock Uncertainty:      0.025ns  ((TSJ^2 + TIJ^2)^1/2 + DJ) / 2 + PE
    Total System Jitter     (TSJ):    0.050ns
    Total Input Jitter      (TIJ):    0.000ns
    Discrete Jitter          (DJ):    0.000ns
    Phase Error              (PE):    0.000ns

    Location             Delay type                Incr(ns)  Path(ns)    Netlist Resource(s)
  -------------------------------------------------------------------    -------------------
    D9                                                0.000     0.000 r  btn[0] (IN)
                         net (fo=0)                   0.000     0.000    btn[0]
    D9                   IBUF (Prop_ibuf_I_O)         1.467     1.467 r  btn_IBUF[0]_inst/O
                         net (fo=27, routed)          6.052     7.519    top_inst/mem_ctrl/instr_mem/btn_IBUF[0]
    SLICE_X65Y55         FDRE                                         r  top_inst/mem_ctrl/instr_mem/pc_reg_rep[4]/R
  -------------------------------------------------------------------    -------------------

                         (clock sys_clk_pin rise edge)
                                                      0.000     0.000 r  
    E3                                                0.000     0.000 r  CLK100MHZ (IN)
                         net (fo=0)                   0.000     0.000    CLK100MHZ
    E3                   IBUF (Prop_ibuf_I_O)         1.418     1.418 r  CLK100MHZ_IBUF_inst/O
                         net (fo=1, routed)           1.862     3.280    CLK100MHZ_IBUF
    BUFGCTRL_X0Y16       BUFG (Prop_bufg_I_O)         0.091     3.371 r  CLK100MHZ_IBUF_BUFG_inst/O
                         net (fo=33, routed)          1.506     4.877    top_inst/mem_ctrl/instr_mem/clk
    SLICE_X65Y55         FDRE                                         r  top_inst/mem_ctrl/instr_mem/pc_reg_rep[4]/C

Slack:                    inf
  Source:                 btn[0]
                            (input port)
  Destination:            top_inst/mem_ctrl/instr_mem/pc_reg_rep[5]/R
                            (rising edge-triggered cell FDRE clocked by sys_clk_pin  {rise@0.000ns fall@5.000ns period=10.000ns})
  Path Group:             (none)
  Path Type:              Setup (Max at Slow Process Corner)
  Data Path Delay:        7.519ns  (logic 1.467ns (19.509%)  route 6.052ns (80.491%))
  Logic Levels:           1  (IBUF=1)
  Clock Path Skew:        4.877ns (DCD - SCD + CPR)
    Destination Clock Delay (DCD):    4.877ns
    Source Clock Delay      (SCD):    0.000ns
    Clock Pessimism Removal (CPR):    0.000ns
  Clock Uncertainty:      0.025ns  ((TSJ^2 + TIJ^2)^1/2 + DJ) / 2 + PE
    Total System Jitter     (TSJ):    0.050ns
    Total Input Jitter      (TIJ):    0.000ns
    Discrete Jitter          (DJ):    0.000ns
    Phase Error              (PE):    0.000ns

    Location             Delay type                Incr(ns)  Path(ns)    Netlist Resource(s)
  -------------------------------------------------------------------    -------------------
    D9                                                0.000     0.000 r  btn[0] (IN)
                         net (fo=0)                   0.000     0.000    btn[0]
    D9                   IBUF (Prop_ibuf_I_O)         1.467     1.467 r  btn_IBUF[0]_inst/O
                         net (fo=27, routed)          6.052     7.519    top_inst/mem_ctrl/instr_mem/btn_IBUF[0]
    SLICE_X65Y55         FDRE                                         r  top_inst/mem_ctrl/instr_mem/pc_reg_rep[5]/R
  -------------------------------------------------------------------    -------------------

                         (clock sys_clk_pin rise edge)
                                                      0.000     0.000 r  
    E3                                                0.000     0.000 r  CLK100MHZ (IN)
                         net (fo=0)                   0.000     0.000    CLK100MHZ
    E3                   IBUF (Prop_ibuf_I_O)         1.418     1.418 r  CLK100MHZ_IBUF_inst/O
                         net (fo=1, routed)           1.862     3.280    CLK100MHZ_IBUF
    BUFGCTRL_X0Y16       BUFG (Prop_bufg_I_O)         0.091     3.371 r  CLK100MHZ_IBUF_BUFG_inst/O
                         net (fo=33, routed)          1.506     4.877    top_inst/mem_ctrl/instr_mem/clk
    SLICE_X65Y55         FDRE                                         r  top_inst/mem_ctrl/instr_mem/pc_reg_rep[5]/C





Min Delay Paths
--------------------------------------------------------------------------------------
Slack:                    inf
  Source:                 sw[2]
                            (input port)
  Destination:            top_inst/mem_ctrl/buf_a/buf_reg[2]/D
                            (rising edge-triggered cell FDRE clocked by sys_clk_pin  {rise@0.000ns fall@5.000ns period=10.000ns})
  Path Group:             (none)
  Path Type:              Hold (Min at Fast Process Corner)
  Data Path Delay:        2.268ns  (logic 0.282ns (12.449%)  route 1.986ns (87.551%))
  Logic Levels:           1  (IBUF=1)
  Clock Path Skew:        2.018ns (DCD - SCD - CPR)
    Destination Clock Delay (DCD):    2.018ns
    Source Clock Delay      (SCD):    0.000ns
    Clock Pessimism Removal (CPR):    -0.000ns

    Location             Delay type                Incr(ns)  Path(ns)    Netlist Resource(s)
  -------------------------------------------------------------------    -------------------
    C10                                               0.000     0.000 r  sw[2] (IN)
                         net (fo=0)                   0.000     0.000    sw[2]
    C10                  IBUF (Prop_ibuf_I_O)         0.282     0.282 r  sw_IBUF[2]_inst/O
                         net (fo=1, routed)           1.986     2.268    top_inst/mem_ctrl/buf_a/sw_IBUF[2]
    SLICE_X61Y56         FDRE                                         r  top_inst/mem_ctrl/buf_a/buf_reg[2]/D
  -------------------------------------------------------------------    -------------------

                         (clock sys_clk_pin rise edge)
                                                      0.000     0.000 r  
    E3                                                0.000     0.000 r  CLK100MHZ (IN)
                         net (fo=0)                   0.000     0.000    CLK100MHZ
    E3                   IBUF (Prop_ibuf_I_O)         0.445     0.445 r  CLK100MHZ_IBUF_inst/O
                         net (fo=1, routed)           0.685     1.129    CLK100MHZ_IBUF
    BUFGCTRL_X0Y16       BUFG (Prop_bufg_I_O)         0.029     1.158 r  CLK100MHZ_IBUF_BUFG_inst/O
                         net (fo=33, routed)          0.860     2.018    top_inst/mem_ctrl/buf_a/clk
    SLICE_X61Y56         FDRE                                         r  top_inst/mem_ctrl/buf_a/buf_reg[2]/C

Slack:                    inf
  Source:                 sw[1]
                            (input port)
  Destination:            top_inst/mem_ctrl/buf_a/buf_reg[1]/D
                            (rising edge-triggered cell FDRE clocked by sys_clk_pin  {rise@0.000ns fall@5.000ns period=10.000ns})
  Path Group:             (none)
  Path Type:              Hold (Min at Fast Process Corner)
  Data Path Delay:        2.286ns  (logic 0.279ns (12.208%)  route 2.007ns (87.792%))
  Logic Levels:           1  (IBUF=1)
  Clock Path Skew:        2.018ns (DCD - SCD - CPR)
    Destination Clock Delay (DCD):    2.018ns
    Source Clock Delay      (SCD):    0.000ns
    Clock Pessimism Removal (CPR):    -0.000ns

    Location             Delay type                Incr(ns)  Path(ns)    Netlist Resource(s)
  -------------------------------------------------------------------    -------------------
    C11                                               0.000     0.000 r  sw[1] (IN)
                         net (fo=0)                   0.000     0.000    sw[1]
    C11                  IBUF (Prop_ibuf_I_O)         0.279     0.279 r  sw_IBUF[1]_inst/O
                         net (fo=1, routed)           2.007     2.286    top_inst/mem_ctrl/buf_a/sw_IBUF[1]
    SLICE_X59Y56         FDRE                                         r  top_inst/mem_ctrl/buf_a/buf_reg[1]/D
  -------------------------------------------------------------------    -------------------

                         (clock sys_clk_pin rise edge)
                                                      0.000     0.000 r  
    E3                                                0.000     0.000 r  CLK100MHZ (IN)
                         net (fo=0)                   0.000     0.000    CLK100MHZ
    E3                   IBUF (Prop_ibuf_I_O)         0.445     0.445 r  CLK100MHZ_IBUF_inst/O
                         net (fo=1, routed)           0.685     1.129    CLK100MHZ_IBUF
    BUFGCTRL_X0Y16       BUFG (Prop_bufg_I_O)         0.029     1.158 r  CLK100MHZ_IBUF_BUFG_inst/O
                         net (fo=33, routed)          0.860     2.018    top_inst/mem_ctrl/buf_a/clk
    SLICE_X59Y56         FDRE                                         r  top_inst/mem_ctrl/buf_a/buf_reg[1]/C

Slack:                    inf
  Source:                 sw[3]
                            (input port)
  Destination:            top_inst/mem_ctrl/buf_a/buf_reg[3]/D
                            (rising edge-triggered cell FDRE clocked by sys_clk_pin  {rise@0.000ns fall@5.000ns period=10.000ns})
  Path Group:             (none)
  Path Type:              Hold (Min at Fast Process Corner)
  Data Path Delay:        2.310ns  (logic 0.307ns (13.287%)  route 2.003ns (86.713%))
  Logic Levels:           1  (IBUF=1)
  Clock Path Skew:        2.018ns (DCD - SCD - CPR)
    Destination Clock Delay (DCD):    2.018ns
    Source Clock Delay      (SCD):    0.000ns
    Clock Pessimism Removal (CPR):    -0.000ns

    Location             Delay type                Incr(ns)  Path(ns)    Netlist Resource(s)
  -------------------------------------------------------------------    -------------------
    A10                                               0.000     0.000 r  sw[3] (IN)
                         net (fo=0)                   0.000     0.000    sw[3]
    A10                  IBUF (Prop_ibuf_I_O)         0.307     0.307 r  sw_IBUF[3]_inst/O
                         net (fo=1, routed)           2.003     2.310    top_inst/mem_ctrl/buf_a/sw_IBUF[3]
    SLICE_X61Y56         FDRE                                         r  top_inst/mem_ctrl/buf_a/buf_reg[3]/D
  -------------------------------------------------------------------    -------------------

                         (clock sys_clk_pin rise edge)
                                                      0.000     0.000 r  
    E3                                                0.000     0.000 r  CLK100MHZ (IN)
                         net (fo=0)                   0.000     0.000    CLK100MHZ
    E3                   IBUF (Prop_ibuf_I_O)         0.445     0.445 r  CLK100MHZ_IBUF_inst/O
                         net (fo=1, routed)           0.685     1.129    CLK100MHZ_IBUF
    BUFGCTRL_X0Y16       BUFG (Prop_bufg_I_O)         0.029     1.158 r  CLK100MHZ_IBUF_BUFG_inst/O
                         net (fo=33, routed)          0.860     2.018    top_inst/mem_ctrl/buf_a/clk
    SLICE_X61Y56         FDRE                                         r  top_inst/mem_ctrl/buf_a/buf_reg[3]/C

Slack:                    inf
  Source:                 sw[0]
                            (input port)
  Destination:            top_inst/mem_ctrl/buf_a/buf_reg[0]/D
                            (rising edge-triggered cell FDRE clocked by sys_clk_pin  {rise@0.000ns fall@5.000ns period=10.000ns})
  Path Group:             (none)
  Path Type:              Hold (Min at Fast Process Corner)
  Data Path Delay:        2.582ns  (logic 0.308ns (11.933%)  route 2.274ns (88.067%))
  Logic Levels:           1  (IBUF=1)
  Clock Path Skew:        2.019ns (DCD - SCD - CPR)
    Destination Clock Delay (DCD):    2.019ns
    Source Clock Delay      (SCD):    0.000ns
    Clock Pessimism Removal (CPR):    -0.000ns

    Location             Delay type                Incr(ns)  Path(ns)    Netlist Resource(s)
  -------------------------------------------------------------------    -------------------
    A8                                                0.000     0.000 r  sw[0] (IN)
                         net (fo=0)                   0.000     0.000    sw[0]
    A8                   IBUF (Prop_ibuf_I_O)         0.308     0.308 r  sw_IBUF[0]_inst/O
                         net (fo=1, routed)           2.274     2.582    top_inst/mem_ctrl/buf_a/sw_IBUF[0]
    SLICE_X62Y58         FDRE                                         r  top_inst/mem_ctrl/buf_a/buf_reg[0]/D
  -------------------------------------------------------------------    -------------------

                         (clock sys_clk_pin rise edge)
                                                      0.000     0.000 r  
    E3                                                0.000     0.000 r  CLK100MHZ (IN)
                         net (fo=0)                   0.000     0.000    CLK100MHZ
    E3                   IBUF (Prop_ibuf_I_O)         0.445     0.445 r  CLK100MHZ_IBUF_inst/O
                         net (fo=1, routed)           0.685     1.129    CLK100MHZ_IBUF
    BUFGCTRL_X0Y16       BUFG (Prop_bufg_I_O)         0.029     1.158 r  CLK100MHZ_IBUF_BUFG_inst/O
                         net (fo=33, routed)          0.860     2.019    top_inst/mem_ctrl/buf_a/clk
    SLICE_X62Y58         FDRE                                         r  top_inst/mem_ctrl/buf_a/buf_reg[0]/C

Slack:                    inf
  Source:                 btn[0]
                            (input port)
  Destination:            top_inst/custom_ops_inst/FSM_onehot_state_reg[0]/S
                            (rising edge-triggered cell FDSE clocked by sys_clk_pin  {rise@0.000ns fall@5.000ns period=10.000ns})
  Path Group:             (none)
  Path Type:              Hold (Min at Fast Process Corner)
  Data Path Delay:        2.597ns  (logic 0.235ns (9.041%)  route 2.362ns (90.959%))
  Logic Levels:           1  (IBUF=1)
  Clock Path Skew:        2.018ns (DCD - SCD - CPR)
    Destination Clock Delay (DCD):    2.018ns
    Source Clock Delay      (SCD):    0.000ns
    Clock Pessimism Removal (CPR):    -0.000ns

    Location             Delay type                Incr(ns)  Path(ns)    Netlist Resource(s)
  -------------------------------------------------------------------    -------------------
    D9                                                0.000     0.000 r  btn[0] (IN)
                         net (fo=0)                   0.000     0.000    btn[0]
    D9                   IBUF (Prop_ibuf_I_O)         0.235     0.235 r  btn_IBUF[0]_inst/O
                         net (fo=27, routed)          2.362     2.597    top_inst/custom_ops_inst/btn_IBUF[0]
    SLICE_X64Y61         FDSE                                         r  top_inst/custom_ops_inst/FSM_onehot_state_reg[0]/S
  -------------------------------------------------------------------    -------------------

                         (clock sys_clk_pin rise edge)
                                                      0.000     0.000 r  
    E3                                                0.000     0.000 r  CLK100MHZ (IN)
                         net (fo=0)                   0.000     0.000    CLK100MHZ
    E3                   IBUF (Prop_ibuf_I_O)         0.445     0.445 r  CLK100MHZ_IBUF_inst/O
                         net (fo=1, routed)           0.685     1.129    CLK100MHZ_IBUF
    BUFGCTRL_X0Y16       BUFG (Prop_bufg_I_O)         0.029     1.158 r  CLK100MHZ_IBUF_BUFG_inst/O
                         net (fo=33, routed)          0.860     2.018    top_inst/custom_ops_inst/clk
    SLICE_X64Y61         FDSE                                         r  top_inst/custom_ops_inst/FSM_onehot_state_reg[0]/C

Slack:                    inf
  Source:                 btn[0]
                            (input port)
  Destination:            top_inst/custom_ops_inst/FSM_onehot_state_reg[1]/R
                            (rising edge-triggered cell FDRE clocked by sys_clk_pin  {rise@0.000ns fall@5.000ns period=10.000ns})
  Path Group:             (none)
  Path Type:              Hold (Min at Fast Process Corner)
  Data Path Delay:        2.597ns  (logic 0.235ns (9.041%)  route 2.362ns (90.959%))
  Logic Levels:           1  (IBUF=1)
  Clock Path Skew:        2.018ns (DCD - SCD - CPR)
    Destination Clock Delay (DCD):    2.018ns
    Source Clock Delay      (SCD):    0.000ns
    Clock Pessimism Removal (CPR):    -0.000ns

    Location             Delay type                Incr(ns)  Path(ns)    Netlist Resource(s)
  -------------------------------------------------------------------    -------------------
    D9                                                0.000     0.000 r  btn[0] (IN)
                         net (fo=0)                   0.000     0.000    btn[0]
    D9                   IBUF (Prop_ibuf_I_O)         0.235     0.235 r  btn_IBUF[0]_inst/O
                         net (fo=27, routed)          2.362     2.597    top_inst/custom_ops_inst/btn_IBUF[0]
    SLICE_X64Y61         FDRE                                         r  top_inst/custom_ops_inst/FSM_onehot_state_reg[1]/R
  -------------------------------------------------------------------    -------------------

                         (clock sys_clk_pin rise edge)
                                                      0.000     0.000 r  
    E3                                                0.000     0.000 r  CLK100MHZ (IN)
                         net (fo=0)                   0.000     0.000    CLK100MHZ
    E3                   IBUF (Prop_ibuf_I_O)         0.445     0.445 r  CLK100MHZ_IBUF_inst/O
                         net (fo=1, routed)           0.685     1.129    CLK100MHZ_IBUF
    BUFGCTRL_X0Y16       BUFG (Prop_bufg_I_O)         0.029     1.158 r  CLK100MHZ_IBUF_BUFG_inst/O
                         net (fo=33, routed)          0.860     2.018    top_inst/custom_ops_inst/clk
    SLICE_X64Y61         FDRE                                         r  top_inst/custom_ops_inst/FSM_onehot_state_reg[1]/C

Slack:                    inf
  Source:                 btn[0]
                            (input port)
  Destination:            top_inst/custom_ops_inst/FSM_onehot_state_reg[2]/R
                            (rising edge-triggered cell FDRE clocked by sys_clk_pin  {rise@0.000ns fall@5.000ns period=10.000ns})
  Path Group:             (none)
  Path Type:              Hold (Min at Fast Process Corner)
  Data Path Delay:        2.597ns  (logic 0.235ns (9.041%)  route 2.362ns (90.959%))
  Logic Levels:           1  (IBUF=1)
  Clock Path Skew:        2.018ns (DCD - SCD - CPR)
    Destination Clock Delay (DCD):    2.018ns
    Source Clock Delay      (SCD):    0.000ns
    Clock Pessimism Removal (CPR):    -0.000ns

    Location             Delay type                Incr(ns)  Path(ns)    Netlist Resource(s)
  -------------------------------------------------------------------    -------------------
    D9                                                0.000     0.000 r  btn[0] (IN)
                         net (fo=0)                   0.000     0.000    btn[0]
    D9                   IBUF (Prop_ibuf_I_O)         0.235     0.235 r  btn_IBUF[0]_inst/O
                         net (fo=27, routed)          2.362     2.597    top_inst/custom_ops_inst/btn_IBUF[0]
    SLICE_X64Y61         FDRE                                         r  top_inst/custom_ops_inst/FSM_onehot_state_reg[2]/R
  -------------------------------------------------------------------    -------------------

                         (clock sys_clk_pin rise edge)
                                                      0.000     0.000 r  
    E3                                                0.000     0.000 r  CLK100MHZ (IN)
                         net (fo=0)                   0.000     0.000    CLK100MHZ
    E3                   IBUF (Prop_ibuf_I_O)         0.445     0.445 r  CLK100MHZ_IBUF_inst/O
                         net (fo=1, routed)           0.685     1.129    CLK100MHZ_IBUF
    BUFGCTRL_X0Y16       BUFG (Prop_bufg_I_O)         0.029     1.158 r  CLK100MHZ_IBUF_BUFG_inst/O
                         net (fo=33, routed)          0.860     2.018    top_inst/custom_ops_inst/clk
    SLICE_X64Y61         FDRE                                         r  top_inst/custom_ops_inst/FSM_onehot_state_reg[2]/C

Slack:                    inf
  Source:                 btn[0]
                            (input port)
  Destination:            top_inst/custom_ops_inst/RES_VALID_reg/R
                            (rising edge-triggered cell FDRE clocked by sys_clk_pin  {rise@0.000ns fall@5.000ns period=10.000ns})
  Path Group:             (none)
  Path Type:              Hold (Min at Fast Process Corner)
  Data Path Delay:        2.597ns  (logic 0.235ns (9.041%)  route 2.362ns (90.959%))
  Logic Levels:           1  (IBUF=1)
  Clock Path Skew:        2.018ns (DCD - SCD - CPR)
    Destination Clock Delay (DCD):    2.018ns
    Source Clock Delay      (SCD):    0.000ns
    Clock Pessimism Removal (CPR):    -0.000ns

    Location             Delay type                Incr(ns)  Path(ns)    Netlist Resource(s)
  -------------------------------------------------------------------    -------------------
    D9                                                0.000     0.000 r  btn[0] (IN)
                         net (fo=0)                   0.000     0.000    btn[0]
    D9                   IBUF (Prop_ibuf_I_O)         0.235     0.235 r  btn_IBUF[0]_inst/O
                         net (fo=27, routed)          2.362     2.597    top_inst/custom_ops_inst/btn_IBUF[0]
    SLICE_X64Y61         FDRE                                         r  top_inst/custom_ops_inst/RES_VALID_reg/R
  -------------------------------------------------------------------    -------------------

                         (clock sys_clk_pin rise edge)
                                                      0.000     0.000 r  
    E3                                                0.000     0.000 r  CLK100MHZ (IN)
                         net (fo=0)                   0.000     0.000    CLK100MHZ
    E3                   IBUF (Prop_ibuf_I_O)         0.445     0.445 r  CLK100MHZ_IBUF_inst/O
                         net (fo=1, routed)           0.685     1.129    CLK100MHZ_IBUF
    BUFGCTRL_X0Y16       BUFG (Prop_bufg_I_O)         0.029     1.158 r  CLK100MHZ_IBUF_BUFG_inst/O
                         net (fo=33, routed)          0.860     2.018    top_inst/custom_ops_inst/clk
    SLICE_X64Y61         FDRE                                         r  top_inst/custom_ops_inst/RES_VALID_reg/C

Slack:                    inf
  Source:                 btn[3]
                            (input port)
  Destination:            top_inst/mem_ctrl/buf_b/buf_reg[3]/D
                            (rising edge-triggered cell FDRE clocked by sys_clk_pin  {rise@0.000ns fall@5.000ns period=10.000ns})
  Path Group:             (none)
  Path Type:              Hold (Min at Fast Process Corner)
  Data Path Delay:        2.622ns  (logic 0.349ns (13.325%)  route 2.272ns (86.675%))
  Logic Levels:           2  (IBUF=1 LUT6=1)
  Clock Path Skew:        2.020ns (DCD - SCD - CPR)
    Destination Clock Delay (DCD):    2.020ns
    Source Clock Delay      (SCD):    0.000ns
    Clock Pessimism Removal (CPR):    -0.000ns

    Location             Delay type                Incr(ns)  Path(ns)    Netlist Resource(s)
  -------------------------------------------------------------------    -------------------
    B8                                                0.000     0.000 r  btn[3] (IN)
                         net (fo=0)                   0.000     0.000    btn[3]
    B8                   IBUF (Prop_ibuf_I_O)         0.304     0.304 r  btn_IBUF[3]_inst/O
                         net (fo=1, routed)           2.272     2.577    top_inst/mem_ctrl/reg_sel_fct/btn_IBUF[1]
    SLICE_X62Y55         LUT6 (Prop_lut6_I0_O)        0.045     2.622 r  top_inst/mem_ctrl/reg_sel_fct/buf[3]_i_2/O
                         net (fo=1, routed)           0.000     2.622    top_inst/mem_ctrl/buf_b/D[3]
    SLICE_X62Y55         FDRE                                         r  top_inst/mem_ctrl/buf_b/buf_reg[3]/D
  -------------------------------------------------------------------    -------------------

                         (clock sys_clk_pin rise edge)
                                                      0.000     0.000 r  
    E3                                                0.000     0.000 r  CLK100MHZ (IN)
                         net (fo=0)                   0.000     0.000    CLK100MHZ
    E3                   IBUF (Prop_ibuf_I_O)         0.445     0.445 r  CLK100MHZ_IBUF_inst/O
                         net (fo=1, routed)           0.685     1.129    CLK100MHZ_IBUF
    BUFGCTRL_X0Y16       BUFG (Prop_bufg_I_O)         0.029     1.158 r  CLK100MHZ_IBUF_BUFG_inst/O
                         net (fo=33, routed)          0.861     2.020    top_inst/mem_ctrl/buf_b/clk
    SLICE_X62Y55         FDRE                                         r  top_inst/mem_ctrl/buf_b/buf_reg[3]/C

Slack:                    inf
  Source:                 btn[0]
                            (input port)
  Destination:            top_inst/mem_ctrl/buf_a/buf_reg[0]/R
                            (rising edge-triggered cell FDRE clocked by sys_clk_pin  {rise@0.000ns fall@5.000ns period=10.000ns})
  Path Group:             (none)
  Path Type:              Hold (Min at Fast Process Corner)
  Data Path Delay:        2.683ns  (logic 0.235ns (8.753%)  route 2.448ns (91.247%))
  Logic Levels:           1  (IBUF=1)
  Clock Path Skew:        2.019ns (DCD - SCD - CPR)
    Destination Clock Delay (DCD):    2.019ns
    Source Clock Delay      (SCD):    0.000ns
    Clock Pessimism Removal (CPR):    -0.000ns

    Location             Delay type                Incr(ns)  Path(ns)    Netlist Resource(s)
  -------------------------------------------------------------------    -------------------
    D9                                                0.000     0.000 r  btn[0] (IN)
                         net (fo=0)                   0.000     0.000    btn[0]
    D9                   IBUF (Prop_ibuf_I_O)         0.235     0.235 r  btn_IBUF[0]_inst/O
                         net (fo=27, routed)          2.448     2.683    top_inst/mem_ctrl/buf_a/btn_IBUF[0]
    SLICE_X62Y58         FDRE                                         r  top_inst/mem_ctrl/buf_a/buf_reg[0]/R
  -------------------------------------------------------------------    -------------------

                         (clock sys_clk_pin rise edge)
                                                      0.000     0.000 r  
    E3                                                0.000     0.000 r  CLK100MHZ (IN)
                         net (fo=0)                   0.000     0.000    CLK100MHZ
    E3                   IBUF (Prop_ibuf_I_O)         0.445     0.445 r  CLK100MHZ_IBUF_inst/O
                         net (fo=1, routed)           0.685     1.129    CLK100MHZ_IBUF
    BUFGCTRL_X0Y16       BUFG (Prop_bufg_I_O)         0.029     1.158 r  CLK100MHZ_IBUF_BUFG_inst/O
                         net (fo=33, routed)          0.860     2.019    top_inst/mem_ctrl/buf_a/clk
    SLICE_X62Y58         FDRE                                         r  top_inst/mem_ctrl/buf_a/buf_reg[0]/C





