Copyright 1986-2022 Xilinx, Inc. All Rights Reserved. Copyright 2022-2025 Advanced Micro Devices, Inc. All Rights Reserved.
------------------------------------------------------------------------------------------------------------------------------------------------------------------------------------------------------------------------------------------------------------------------------
| Tool Version : Vivado v.2025.1 (lin64) Build 6140274 Wed May 21 22:58:25 MDT 2025
| Date         : Sat May  9 21:27:25 2026
| Host         : 0226AUBUVVDO011 running 64-bit Ubuntu 24.04.3 LTS
| Command      : report_timing_summary -max_paths 10 -routable_nets -report_unconstrained -file Arty_Digilent_TopLevel_timing_summary_routed.rpt -pb Arty_Digilent_TopLevel_timing_summary_routed.pb -rpx Arty_Digilent_TopLevel_timing_summary_routed.rpx -warn_on_violation
| Design       : Arty_Digilent_TopLevel
| Device       : 7a35t-csg324
| Speed File   : -1  PRODUCTION 1.23 2018-06-13
| Design State : Routed
------------------------------------------------------------------------------------------------------------------------------------------------------------------------------------------------------------------------------------------------------------------------------

Timing Summary Report

------------------------------------------------------------------------------------------------
| Timer Settings
| --------------
------------------------------------------------------------------------------------------------

  Enable Multi Corner Analysis               :  Yes
  Enable Pessimism Removal                   :  Yes
  Pessimism Removal Resolution               :  Nearest Common Node
  Enable Input Delay Default Clock           :  No
  Enable Preset / Clear Arcs                 :  No
  Disable Flight Delays                      :  No
  Ignore I/O Paths                           :  No
  Timing Early Launch at Borrowing Latches   :  No
  Borrow Time for Max Delay Exceptions       :  Yes
  Merge Timing Exceptions                    :  Yes
  Inter-SLR Compensation                     :  Conservative

  Corner  Analyze    Analyze    
  Name    Max Paths  Min Paths  
  ------  ---------  ---------  
  Slow    Yes        Yes        
  Fast    Yes        Yes        


------------------------------------------------------------------------------------------------
| Report Methodology
| ------------------
------------------------------------------------------------------------------------------------

Rule       Severity  Description                    Violations  
---------  --------  -----------------------------  ----------  
TIMING-18  Warning   Missing input or output delay  19          

Note: This report is based on the most recent report_methodology run and may not be up-to-date. Run report_methodology on the current design for the latest report.



check_timing report

Table of Contents
-----------------
1. checking no_clock (0)
2. checking constant_clock (0)
3. checking pulse_width_clock (0)
4. checking unconstrained_internal_endpoints (0)
5. checking no_input_delay (5)
6. checking no_output_delay (11)
7. checking multiple_clock (0)
8. checking generated_clocks (0)
9. checking loops (0)
10. checking partial_input_delay (0)
11. checking partial_output_delay (0)
12. checking latch_loops (0)

1. checking no_clock (0)
------------------------
 There are 0 register/latch pins with no clock.


2. checking constant_clock (0)
------------------------------
 There are 0 register/latch pins with constant_clock.


3. checking pulse_width_clock (0)
---------------------------------
 There are 0 register/latch pins which need pulse_width check


4. checking unconstrained_internal_endpoints (0)
------------------------------------------------
 There are 0 pins that are not constrained for maximum delay.

 There are 0 pins that are not constrained for maximum delay due to constant clock.


5. checking no_input_delay (5)
------------------------------
 There are 5 input ports with no input delay specified. (HIGH)

 There are 0 input ports with no input delay but user has a false path constraint.


6. checking no_output_delay (11)
--------------------------------
 There are 11 ports with no output delay specified. (HIGH)

 There are 0 ports with no output delay but user has a false path constraint

 There are 0 ports with no output delay but with a timing clock defined on it or propagating through it


7. checking multiple_clock (0)
------------------------------
 There are 0 register/latch pins with multiple clocks.


8. checking generated_clocks (0)
--------------------------------
 There are 0 generated clocks that are not connected to a clock source.


9. checking loops (0)
---------------------
 There are 0 combinational loops in the design.


10. checking partial_input_delay (0)
------------------------------------
 There are 0 input ports with partial input delay specified.


11. checking partial_output_delay (0)
-------------------------------------
 There are 0 ports with partial output delay specified.


12. checking latch_loops (0)
----------------------------
 There are 0 combinational latch loops in the design through latch input



------------------------------------------------------------------------------------------------
| Design Timing Summary
| ---------------------
------------------------------------------------------------------------------------------------

    WNS(ns)      TNS(ns)  TNS Failing Endpoints  TNS Total Endpoints      WHS(ns)      THS(ns)  THS Failing Endpoints  THS Total Endpoints     WPWS(ns)     TPWS(ns)  TPWS Failing Endpoints  TPWS Total Endpoints  
    -------      -------  ---------------------  -------------------      -------      -------  ---------------------  -------------------     --------     --------  ----------------------  --------------------  
      5.203        0.000                      0                   72        0.199        0.000                      0                   72        4.500        0.000                       0                    49  


All user specified timing constraints are met.


------------------------------------------------------------------------------------------------
| Clock Summary
| -------------
------------------------------------------------------------------------------------------------

Clock        Waveform(ns)       Period(ns)      Frequency(MHz)
-----        ------------       ----------      --------------
sys_clk_pin  {0.000 5.000}      10.000          100.000         


------------------------------------------------------------------------------------------------
| Intra Clock Table
| -----------------
------------------------------------------------------------------------------------------------

Clock             WNS(ns)      TNS(ns)  TNS Failing Endpoints  TNS Total Endpoints      WHS(ns)      THS(ns)  THS Failing Endpoints  THS Total Endpoints     WPWS(ns)     TPWS(ns)  TPWS Failing Endpoints  TPWS Total Endpoints  
-----             -------      -------  ---------------------  -------------------      -------      -------  ---------------------  -------------------     --------     --------  ----------------------  --------------------  
sys_clk_pin         5.203        0.000                      0                   72        0.199        0.000                      0                   72        4.500        0.000                       0                    49  


------------------------------------------------------------------------------------------------
| Inter Clock Table
| -----------------
------------------------------------------------------------------------------------------------

From Clock    To Clock          WNS(ns)      TNS(ns)  TNS Failing Endpoints  TNS Total Endpoints      WHS(ns)      THS(ns)  THS Failing Endpoints  THS Total Endpoints  
----------    --------          -------      -------  ---------------------  -------------------      -------      -------  ---------------------  -------------------  


------------------------------------------------------------------------------------------------
| Other Path Groups Table
| -----------------------
------------------------------------------------------------------------------------------------

Path Group    From Clock    To Clock          WNS(ns)      TNS(ns)  TNS Failing Endpoints  TNS Total Endpoints      WHS(ns)      THS(ns)  THS Failing Endpoints  THS Total Endpoints  
----------    ----------    --------          -------      -------  ---------------------  -------------------      -------      -------  ---------------------  -------------------  


------------------------------------------------------------------------------------------------
| User Ignored Path Table
| -----------------------
------------------------------------------------------------------------------------------------

Path Group    From Clock    To Clock    
----------    ----------    --------    


------------------------------------------------------------------------------------------------
| Unconstrained Path Table
| ------------------------
------------------------------------------------------------------------------------------------

Path Group    From Clock    To Clock    
----------    ----------    --------    
(none)        sys_clk_pin                 
(none)                      sys_clk_pin   


------------------------------------------------------------------------------------------------
| Timing Details
| --------------
------------------------------------------------------------------------------------------------


---------------------------------------------------------------------------------------------------
From Clock:  sys_clk_pin
  To Clock:  sys_clk_pin

Setup :            0  Failing Endpoints,  Worst Slack        5.203ns,  Total Violation        0.000ns
Hold  :            0  Failing Endpoints,  Worst Slack        0.199ns,  Total Violation        0.000ns
PW    :            0  Failing Endpoints,  Worst Slack        4.500ns,  Total Violation        0.000ns
---------------------------------------------------------------------------------------------------


Max Delay Paths
--------------------------------------------------------------------------------------
Slack (MET) :             5.203ns  (required time - arrival time)
  Source:                 top_inst/custom_ops_inst/b_stored_reg[0]/C
                            (rising edge-triggered cell FDRE clocked by sys_clk_pin  {rise@0.000ns fall@5.000ns period=10.000ns})
  Destination:            top_inst/custom_ops_inst/result_buf_reg[5]/D
                            (rising edge-triggered cell FDRE clocked by sys_clk_pin  {rise@0.000ns fall@5.000ns period=10.000ns})
  Path Group:             sys_clk_pin
  Path Type:              Setup (Max at Slow Process Corner)
  Requirement:            10.000ns  (sys_clk_pin rise@10.000ns - sys_clk_pin rise@0.000ns)
  Data Path Delay:        4.468ns  (logic 1.999ns (44.735%)  route 2.469ns (55.265%))
  Logic Levels:           5  (CARRY4=2 LUT2=1 LUT4=1 LUT6=1)
  Clock Path Skew:        -0.023ns (DCD - SCD + CPR)
    Destination Clock Delay (DCD):    4.808ns = ( 14.808 - 10.000 ) 
    Source Clock Delay      (SCD):    5.104ns
    Clock Pessimism Removal (CPR):    0.273ns
  Clock Uncertainty:      0.035ns  ((TSJ^2 + TIJ^2)^1/2 + DJ) / 2 + PE
    Total System Jitter     (TSJ):    0.071ns
    Total Input Jitter      (TIJ):    0.000ns
    Discrete Jitter          (DJ):    0.000ns
    Phase Error              (PE):    0.000ns

    Location             Delay type                Incr(ns)  Path(ns)    Netlist Resource(s)
  -------------------------------------------------------------------    -------------------
                         (clock sys_clk_pin rise edge)
                                                      0.000     0.000 r  
    E3                                                0.000     0.000 r  CLK100MHZ (IN)
                         net (fo=0)                   0.000     0.000    CLK100MHZ
    E3                   IBUF (Prop_ibuf_I_O)         1.489     1.489 r  CLK100MHZ_IBUF_inst/O
                         net (fo=1, routed)           1.967     3.455    CLK100MHZ_IBUF
    BUFGCTRL_X0Y16       BUFG (Prop_bufg_I_O)         0.096     3.551 r  CLK100MHZ_IBUF_BUFG_inst/O
                         net (fo=48, routed)          1.553     5.104    top_inst/custom_ops_inst/clk
    SLICE_X52Y62         FDRE                                         r  top_inst/custom_ops_inst/b_stored_reg[0]/C
  -------------------------------------------------------------------    -------------------
    SLICE_X52Y62         FDRE (Prop_fdre_C_Q)         0.518     5.622 r  top_inst/custom_ops_inst/b_stored_reg[0]/Q
                         net (fo=14, routed)          1.141     6.764    top_inst/custom_ops_inst/b_stored_reg_n_0_[0]
    SLICE_X53Y59         LUT2 (Prop_lut2_I0_O)        0.153     6.917 r  top_inst/custom_ops_inst/i___1_carry_i_9/O
                         net (fo=1, routed)           0.582     7.499    top_inst/custom_ops_inst/i___1_carry_i_9_n_0
    SLICE_X52Y59         LUT6 (Prop_lut6_I5_O)        0.327     7.826 r  top_inst/custom_ops_inst/i___1_carry_i_4/O
                         net (fo=1, routed)           0.000     7.826    top_inst/custom_ops_inst/i___1_carry_i_4_n_0
    SLICE_X52Y59         CARRY4 (Prop_carry4_S[3]_CO[3])
                                                      0.376     8.202 r  top_inst/custom_ops_inst/final_result0_inferred__0/i___1_carry/CO[3]
                         net (fo=1, routed)           0.000     8.202    top_inst/custom_ops_inst/final_result0_inferred__0/i___1_carry_n_0
    SLICE_X52Y60         CARRY4 (Prop_carry4_CI_O[1])
                                                      0.323     8.525 r  top_inst/custom_ops_inst/final_result0_inferred__0/i___1_carry__0/O[1]
                         net (fo=1, routed)           0.408     8.933    top_inst/custom_ops_inst/final_result0[5]
    SLICE_X53Y61         LUT4 (Prop_lut4_I0_O)        0.302     9.235 r  top_inst/custom_ops_inst/result_buf[5]_i_1/O
                         net (fo=1, routed)           0.338     9.573    top_inst/custom_ops_inst/result_buf[5]_i_1_n_0
    SLICE_X53Y59         FDRE                                         r  top_inst/custom_ops_inst/result_buf_reg[5]/D
  -------------------------------------------------------------------    -------------------

                         (clock sys_clk_pin rise edge)
                                                     10.000    10.000 r  
    E3                                                0.000    10.000 r  CLK100MHZ (IN)
                         net (fo=0)                   0.000    10.000    CLK100MHZ
    E3                   IBUF (Prop_ibuf_I_O)         1.418    11.418 r  CLK100MHZ_IBUF_inst/O
                         net (fo=1, routed)           1.862    13.280    CLK100MHZ_IBUF
    BUFGCTRL_X0Y16       BUFG (Prop_bufg_I_O)         0.091    13.371 r  CLK100MHZ_IBUF_BUFG_inst/O
                         net (fo=48, routed)          1.437    14.808    top_inst/custom_ops_inst/clk
    SLICE_X53Y59         FDRE                                         r  top_inst/custom_ops_inst/result_buf_reg[5]/C
                         clock pessimism              0.273    15.081    
                         clock uncertainty           -0.035    15.046    
    SLICE_X53Y59         FDRE (Setup_fdre_C_D)       -0.270    14.776    top_inst/custom_ops_inst/result_buf_reg[5]
  -------------------------------------------------------------------
                         required time                         14.776    
                         arrival time                          -9.573    
  -------------------------------------------------------------------
                         slack                                  5.203    

Slack (MET) :             5.603ns  (required time - arrival time)
  Source:                 top_inst/mem_ctrl/buf_b/buf_reg[1]/C
                            (rising edge-triggered cell FDRE clocked by sys_clk_pin  {rise@0.000ns fall@5.000ns period=10.000ns})
  Destination:            top_inst/mem_ctrl/buf_b/buf_reg[3]/D
                            (rising edge-triggered cell FDRE clocked by sys_clk_pin  {rise@0.000ns fall@5.000ns period=10.000ns})
  Path Group:             sys_clk_pin
  Path Type:              Setup (Max at Slow Process Corner)
  Requirement:            10.000ns  (sys_clk_pin rise@10.000ns - sys_clk_pin rise@0.000ns)
  Data Path Delay:        4.352ns  (logic 1.510ns (34.693%)  route 2.842ns (65.307%))
  Logic Levels:           4  (LUT2=1 LUT6=2 MUXF7=1)
  Clock Path Skew:        -0.040ns (DCD - SCD + CPR)
    Destination Clock Delay (DCD):    4.804ns = ( 14.804 - 10.000 ) 
    Source Clock Delay      (SCD):    5.103ns
    Clock Pessimism Removal (CPR):    0.259ns
  Clock Uncertainty:      0.035ns  ((TSJ^2 + TIJ^2)^1/2 + DJ) / 2 + PE
    Total System Jitter     (TSJ):    0.071ns
    Total Input Jitter      (TIJ):    0.000ns
    Discrete Jitter          (DJ):    0.000ns
    Phase Error              (PE):    0.000ns

    Location             Delay type                Incr(ns)  Path(ns)    Netlist Resource(s)
  -------------------------------------------------------------------    -------------------
                         (clock sys_clk_pin rise edge)
                                                      0.000     0.000 r  
    E3                                                0.000     0.000 r  CLK100MHZ (IN)
                         net (fo=0)                   0.000     0.000    CLK100MHZ
    E3                   IBUF (Prop_ibuf_I_O)         1.489     1.489 r  CLK100MHZ_IBUF_inst/O
                         net (fo=1, routed)           1.967     3.455    CLK100MHZ_IBUF
    BUFGCTRL_X0Y16       BUFG (Prop_bufg_I_O)         0.096     3.551 r  CLK100MHZ_IBUF_BUFG_inst/O
                         net (fo=48, routed)          1.552     5.103    top_inst/mem_ctrl/buf_b/clk
    SLICE_X50Y64         FDRE                                         r  top_inst/mem_ctrl/buf_b/buf_reg[1]/C
  -------------------------------------------------------------------    -------------------
    SLICE_X50Y64         FDRE (Prop_fdre_C_Q)         0.518     5.621 r  top_inst/mem_ctrl/buf_b/buf_reg[1]/Q
                         net (fo=11, routed)          1.324     6.945    top_inst/mem_ctrl/buf_b/buf_reg[3]_0[1]
    SLICE_X49Y64         LUT2 (Prop_lut2_I0_O)        0.150     7.095 r  top_inst/mem_ctrl/buf_b/buf[3]_i_14/O
                         net (fo=1, routed)           0.944     8.039    top_inst/mem_ctrl/buf_b/buf[3]_i_14_n_0
    SLICE_X49Y65         LUT6 (Prop_lut6_I1_O)        0.326     8.365 f  top_inst/mem_ctrl/buf_b/buf[3]_i_12/O
                         net (fo=1, routed)           0.000     8.365    top_inst/mem_ctrl/reg_sel_fct/buf_reg[3]_4
    SLICE_X49Y65         MUXF7 (Prop_muxf7_I1_O)      0.217     8.582 f  top_inst/mem_ctrl/reg_sel_fct/buf_reg[3]_i_5/O
                         net (fo=1, routed)           0.575     9.157    top_inst/mem_ctrl/reg_sel_fct/buf_reg[3]_i_5_n_0
    SLICE_X49Y64         LUT6 (Prop_lut6_I3_O)        0.299     9.456 r  top_inst/mem_ctrl/reg_sel_fct/buf[3]_i_2/O
                         net (fo=1, routed)           0.000     9.456    top_inst/mem_ctrl/buf_b/D[3]
    SLICE_X49Y64         FDRE                                         r  top_inst/mem_ctrl/buf_b/buf_reg[3]/D
  -------------------------------------------------------------------    -------------------

                         (clock sys_clk_pin rise edge)
                                                     10.000    10.000 r  
    E3                                                0.000    10.000 r  CLK100MHZ (IN)
                         net (fo=0)                   0.000    10.000    CLK100MHZ
    E3                   IBUF (Prop_ibuf_I_O)         1.418    11.418 r  CLK100MHZ_IBUF_inst/O
                         net (fo=1, routed)           1.862    13.280    CLK100MHZ_IBUF
    BUFGCTRL_X0Y16       BUFG (Prop_bufg_I_O)         0.091    13.371 r  CLK100MHZ_IBUF_BUFG_inst/O
                         net (fo=48, routed)          1.433    14.804    top_inst/mem_ctrl/buf_b/clk
    SLICE_X49Y64         FDRE                                         r  top_inst/mem_ctrl/buf_b/buf_reg[3]/C
                         clock pessimism              0.259    15.063    
                         clock uncertainty           -0.035    15.028    
    SLICE_X49Y64         FDRE (Setup_fdre_C_D)        0.031    15.059    top_inst/mem_ctrl/buf_b/buf_reg[3]
  -------------------------------------------------------------------
                         required time                         15.059    
                         arrival time                          -9.456    
  -------------------------------------------------------------------
                         slack                                  5.603    

Slack (MET) :             5.727ns  (required time - arrival time)
  Source:                 top_inst/mem_ctrl/reg_sel_fct/reg_reg[2]/C
                            (rising edge-triggered cell FDRE clocked by sys_clk_pin  {rise@0.000ns fall@5.000ns period=10.000ns})
  Destination:            top_inst/mem_ctrl/buf_b/buf_reg[0]/D
                            (rising edge-triggered cell FDRE clocked by sys_clk_pin  {rise@0.000ns fall@5.000ns period=10.000ns})
  Path Group:             sys_clk_pin
  Path Type:              Setup (Max at Slow Process Corner)
  Requirement:            10.000ns  (sys_clk_pin rise@10.000ns - sys_clk_pin rise@0.000ns)
  Data Path Delay:        3.923ns  (logic 1.337ns (34.083%)  route 2.586ns (65.917%))
  Logic Levels:           4  (LUT5=2 LUT6=1 MUXF7=1)
  Clock Path Skew:        -0.040ns (DCD - SCD + CPR)
    Destination Clock Delay (DCD):    4.804ns = ( 14.804 - 10.000 ) 
    Source Clock Delay      (SCD):    5.103ns
    Clock Pessimism Removal (CPR):    0.259ns
  Clock Uncertainty:      0.035ns  ((TSJ^2 + TIJ^2)^1/2 + DJ) / 2 + PE
    Total System Jitter     (TSJ):    0.071ns
    Total Input Jitter      (TIJ):    0.000ns
    Discrete Jitter          (DJ):    0.000ns
    Phase Error              (PE):    0.000ns

    Location             Delay type                Incr(ns)  Path(ns)    Netlist Resource(s)
  -------------------------------------------------------------------    -------------------
                         (clock sys_clk_pin rise edge)
                                                      0.000     0.000 r  
    E3                                                0.000     0.000 r  CLK100MHZ (IN)
                         net (fo=0)                   0.000     0.000    CLK100MHZ
    E3                   IBUF (Prop_ibuf_I_O)         1.489     1.489 r  CLK100MHZ_IBUF_inst/O
                         net (fo=1, routed)           1.967     3.455    CLK100MHZ_IBUF
    BUFGCTRL_X0Y16       BUFG (Prop_bufg_I_O)         0.096     3.551 r  CLK100MHZ_IBUF_BUFG_inst/O
                         net (fo=48, routed)          1.552     5.103    top_inst/mem_ctrl/reg_sel_fct/clk
    SLICE_X52Y64         FDRE                                         r  top_inst/mem_ctrl/reg_sel_fct/reg_reg[2]/C
  -------------------------------------------------------------------    -------------------
    SLICE_X52Y64         FDRE (Prop_fdre_C_Q)         0.518     5.621 f  top_inst/mem_ctrl/reg_sel_fct/reg_reg[2]/Q
                         net (fo=12, routed)          0.868     6.489    top_inst/mem_ctrl/reg_sel_fct/Q[2]
    SLICE_X50Y65         LUT5 (Prop_lut5_I0_O)        0.124     6.613 r  top_inst/mem_ctrl/reg_sel_fct/buf[0]_i_5/O
                         net (fo=1, routed)           0.443     7.056    top_inst/mem_ctrl/reg_sel_fct/buf[0]_i_5_n_0
    SLICE_X49Y65         LUT6 (Prop_lut6_I5_O)        0.124     7.180 r  top_inst/mem_ctrl/reg_sel_fct/buf[0]_i_4/O
                         net (fo=1, routed)           0.000     7.180    top_inst/mem_ctrl/reg_sel_fct/buf[0]_i_4_n_0
    SLICE_X49Y65         MUXF7 (Prop_muxf7_I1_O)      0.245     7.425 r  top_inst/mem_ctrl/reg_sel_fct/buf_reg[0]_i_2/O
                         net (fo=1, routed)           0.801     8.225    top_inst/mem_ctrl/instr_mem/buf_reg[0]
    SLICE_X49Y64         LUT5 (Prop_lut5_I1_O)        0.326     8.551 r  top_inst/mem_ctrl/instr_mem/buf[0]_i_1/O
                         net (fo=1, routed)           0.475     9.026    top_inst/mem_ctrl/buf_b/D[0]
    SLICE_X49Y64         FDRE                                         r  top_inst/mem_ctrl/buf_b/buf_reg[0]/D
  -------------------------------------------------------------------    -------------------

                         (clock sys_clk_pin rise edge)
                                                     10.000    10.000 r  
    E3                                                0.000    10.000 r  CLK100MHZ (IN)
                         net (fo=0)                   0.000    10.000    CLK100MHZ
    E3                   IBUF (Prop_ibuf_I_O)         1.418    11.418 r  CLK100MHZ_IBUF_inst/O
                         net (fo=1, routed)           1.862    13.280    CLK100MHZ_IBUF
    BUFGCTRL_X0Y16       BUFG (Prop_bufg_I_O)         0.091    13.371 r  CLK100MHZ_IBUF_BUFG_inst/O
                         net (fo=48, routed)          1.433    14.804    top_inst/mem_ctrl/buf_b/clk
    SLICE_X49Y64         FDRE                                         r  top_inst/mem_ctrl/buf_b/buf_reg[0]/C
                         clock pessimism              0.259    15.063    
                         clock uncertainty           -0.035    15.028    
    SLICE_X49Y64         FDRE (Setup_fdre_C_D)       -0.275    14.753    top_inst/mem_ctrl/buf_b/buf_reg[0]
  -------------------------------------------------------------------
                         required time                         14.753    
                         arrival time                          -9.026    
  -------------------------------------------------------------------
                         slack                                  5.727    

Slack (MET) :             5.727ns  (required time - arrival time)
  Source:                 top_inst/custom_ops_inst/b_stored_reg[0]/C
                            (rising edge-triggered cell FDRE clocked by sys_clk_pin  {rise@0.000ns fall@5.000ns period=10.000ns})
  Destination:            top_inst/custom_ops_inst/result_buf_reg[7]/D
                            (rising edge-triggered cell FDRE clocked by sys_clk_pin  {rise@0.000ns fall@5.000ns period=10.000ns})
  Path Group:             sys_clk_pin
  Path Type:              Setup (Max at Slow Process Corner)
  Requirement:            10.000ns  (sys_clk_pin rise@10.000ns - sys_clk_pin rise@0.000ns)
  Data Path Delay:        4.289ns  (logic 1.640ns (38.234%)  route 2.649ns (61.766%))
  Logic Levels:           5  (CARRY4=2 LUT2=1 LUT4=1 LUT6=1)
  Clock Path Skew:        -0.023ns (DCD - SCD + CPR)
    Destination Clock Delay (DCD):    4.808ns = ( 14.808 - 10.000 ) 
    Source Clock Delay      (SCD):    5.104ns
    Clock Pessimism Removal (CPR):    0.273ns
  Clock Uncertainty:      0.035ns  ((TSJ^2 + TIJ^2)^1/2 + DJ) / 2 + PE
    Total System Jitter     (TSJ):    0.071ns
    Total Input Jitter      (TIJ):    0.000ns
    Discrete Jitter          (DJ):    0.000ns
    Phase Error              (PE):    0.000ns

    Location             Delay type                Incr(ns)  Path(ns)    Netlist Resource(s)
  -------------------------------------------------------------------    -------------------
                         (clock sys_clk_pin rise edge)
                                                      0.000     0.000 r  
    E3                                                0.000     0.000 r  CLK100MHZ (IN)
                         net (fo=0)                   0.000     0.000    CLK100MHZ
    E3                   IBUF (Prop_ibuf_I_O)         1.489     1.489 r  CLK100MHZ_IBUF_inst/O
                         net (fo=1, routed)           1.967     3.455    CLK100MHZ_IBUF
    BUFGCTRL_X0Y16       BUFG (Prop_bufg_I_O)         0.096     3.551 r  CLK100MHZ_IBUF_BUFG_inst/O
                         net (fo=48, routed)          1.553     5.104    top_inst/custom_ops_inst/clk
    SLICE_X52Y62         FDRE                                         r  top_inst/custom_ops_inst/b_stored_reg[0]/C
  -------------------------------------------------------------------    -------------------
    SLICE_X52Y62         FDRE (Prop_fdre_C_Q)         0.518     5.622 r  top_inst/custom_ops_inst/b_stored_reg[0]/Q
                         net (fo=14, routed)          1.141     6.764    top_inst/custom_ops_inst/b_stored_reg_n_0_[0]
    SLICE_X53Y59         LUT2 (Prop_lut2_I0_O)        0.153     6.917 r  top_inst/custom_ops_inst/i___1_carry_i_9/O
                         net (fo=1, routed)           0.582     7.499    top_inst/custom_ops_inst/i___1_carry_i_9_n_0
    SLICE_X52Y59         LUT6 (Prop_lut6_I5_O)        0.327     7.826 r  top_inst/custom_ops_inst/i___1_carry_i_4/O
                         net (fo=1, routed)           0.000     7.826    top_inst/custom_ops_inst/i___1_carry_i_4_n_0
    SLICE_X52Y59         CARRY4 (Prop_carry4_S[3]_CO[3])
                                                      0.376     8.202 r  top_inst/custom_ops_inst/final_result0_inferred__0/i___1_carry/CO[3]
                         net (fo=1, routed)           0.000     8.202    top_inst/custom_ops_inst/final_result0_inferred__0/i___1_carry_n_0
    SLICE_X52Y60         CARRY4 (Prop_carry4_CI_CO[3])
                                                      0.117     8.319 r  top_inst/custom_ops_inst/final_result0_inferred__0/i___1_carry__0/CO[3]
                         net (fo=1, routed)           0.926     9.245    top_inst/custom_ops_inst/final_result0[7]
    SLICE_X53Y60         LUT4 (Prop_lut4_I0_O)        0.149     9.394 r  top_inst/custom_ops_inst/result_buf[7]_i_2/O
                         net (fo=1, routed)           0.000     9.394    top_inst/custom_ops_inst/result_buf[7]_i_2_n_0
    SLICE_X53Y60         FDRE                                         r  top_inst/custom_ops_inst/result_buf_reg[7]/D
  -------------------------------------------------------------------    -------------------

                         (clock sys_clk_pin rise edge)
                                                     10.000    10.000 r  
    E3                                                0.000    10.000 r  CLK100MHZ (IN)
                         net (fo=0)                   0.000    10.000    CLK100MHZ
    E3                   IBUF (Prop_ibuf_I_O)         1.418    11.418 r  CLK100MHZ_IBUF_inst/O
                         net (fo=1, routed)           1.862    13.280    CLK100MHZ_IBUF
    BUFGCTRL_X0Y16       BUFG (Prop_bufg_I_O)         0.091    13.371 r  CLK100MHZ_IBUF_BUFG_inst/O
                         net (fo=48, routed)          1.437    14.808    top_inst/custom_ops_inst/clk
    SLICE_X53Y60         FDRE                                         r  top_inst/custom_ops_inst/result_buf_reg[7]/C
                         clock pessimism              0.273    15.081    
                         clock uncertainty           -0.035    15.046    
    SLICE_X53Y60         FDRE (Setup_fdre_C_D)        0.075    15.121    top_inst/custom_ops_inst/result_buf_reg[7]
  -------------------------------------------------------------------
                         required time                         15.121    
                         arrival time                          -9.394    
  -------------------------------------------------------------------
                         slack                                  5.727    

Slack (MET) :             5.929ns  (required time - arrival time)
  Source:                 top_inst/custom_ops_inst/b_stored_reg[0]/C
                            (rising edge-triggered cell FDRE clocked by sys_clk_pin  {rise@0.000ns fall@5.000ns period=10.000ns})
  Destination:            top_inst/custom_ops_inst/result_buf_reg[6]/D
                            (rising edge-triggered cell FDRE clocked by sys_clk_pin  {rise@0.000ns fall@5.000ns period=10.000ns})
  Path Group:             sys_clk_pin
  Path Type:              Setup (Max at Slow Process Corner)
  Requirement:            10.000ns  (sys_clk_pin rise@10.000ns - sys_clk_pin rise@0.000ns)
  Data Path Delay:        4.044ns  (logic 1.914ns (47.326%)  route 2.130ns (52.674%))
  Logic Levels:           5  (CARRY4=2 LUT2=1 LUT4=1 LUT6=1)
  Clock Path Skew:        -0.023ns (DCD - SCD + CPR)
    Destination Clock Delay (DCD):    4.808ns = ( 14.808 - 10.000 ) 
    Source Clock Delay      (SCD):    5.104ns
    Clock Pessimism Removal (CPR):    0.273ns
  Clock Uncertainty:      0.035ns  ((TSJ^2 + TIJ^2)^1/2 + DJ) / 2 + PE
    Total System Jitter     (TSJ):    0.071ns
    Total Input Jitter      (TIJ):    0.000ns
    Discrete Jitter          (DJ):    0.000ns
    Phase Error              (PE):    0.000ns

    Location             Delay type                Incr(ns)  Path(ns)    Netlist Resource(s)
  -------------------------------------------------------------------    -------------------
                         (clock sys_clk_pin rise edge)
                                                      0.000     0.000 r  
    E3                                                0.000     0.000 r  CLK100MHZ (IN)
                         net (fo=0)                   0.000     0.000    CLK100MHZ
    E3                   IBUF (Prop_ibuf_I_O)         1.489     1.489 r  CLK100MHZ_IBUF_inst/O
                         net (fo=1, routed)           1.967     3.455    CLK100MHZ_IBUF
    BUFGCTRL_X0Y16       BUFG (Prop_bufg_I_O)         0.096     3.551 r  CLK100MHZ_IBUF_BUFG_inst/O
                         net (fo=48, routed)          1.553     5.104    top_inst/custom_ops_inst/clk
    SLICE_X52Y62         FDRE                                         r  top_inst/custom_ops_inst/b_stored_reg[0]/C
  -------------------------------------------------------------------    -------------------
    SLICE_X52Y62         FDRE (Prop_fdre_C_Q)         0.518     5.622 r  top_inst/custom_ops_inst/b_stored_reg[0]/Q
                         net (fo=14, routed)          1.141     6.764    top_inst/custom_ops_inst/b_stored_reg_n_0_[0]
    SLICE_X53Y59         LUT2 (Prop_lut2_I0_O)        0.153     6.917 r  top_inst/custom_ops_inst/i___1_carry_i_9/O
                         net (fo=1, routed)           0.582     7.499    top_inst/custom_ops_inst/i___1_carry_i_9_n_0
    SLICE_X52Y59         LUT6 (Prop_lut6_I5_O)        0.327     7.826 r  top_inst/custom_ops_inst/i___1_carry_i_4/O
                         net (fo=1, routed)           0.000     7.826    top_inst/custom_ops_inst/i___1_carry_i_4_n_0
    SLICE_X52Y59         CARRY4 (Prop_carry4_S[3]_CO[3])
                                                      0.376     8.202 r  top_inst/custom_ops_inst/final_result0_inferred__0/i___1_carry/CO[3]
                         net (fo=1, routed)           0.000     8.202    top_inst/custom_ops_inst/final_result0_inferred__0/i___1_carry_n_0
    SLICE_X52Y60         CARRY4 (Prop_carry4_CI_O[2])
                                                      0.239     8.441 r  top_inst/custom_ops_inst/final_result0_inferred__0/i___1_carry__0/O[2]
                         net (fo=1, routed)           0.407     8.848    top_inst/custom_ops_inst/final_result0[6]
    SLICE_X53Y60         LUT4 (Prop_lut4_I0_O)        0.301     9.149 r  top_inst/custom_ops_inst/result_buf[6]_i_1/O
                         net (fo=1, routed)           0.000     9.149    top_inst/custom_ops_inst/result_buf[6]_i_1_n_0
    SLICE_X53Y60         FDRE                                         r  top_inst/custom_ops_inst/result_buf_reg[6]/D
  -------------------------------------------------------------------    -------------------

                         (clock sys_clk_pin rise edge)
                                                     10.000    10.000 r  
    E3                                                0.000    10.000 r  CLK100MHZ (IN)
                         net (fo=0)                   0.000    10.000    CLK100MHZ
    E3                   IBUF (Prop_ibuf_I_O)         1.418    11.418 r  CLK100MHZ_IBUF_inst/O
                         net (fo=1, routed)           1.862    13.280    CLK100MHZ_IBUF
    BUFGCTRL_X0Y16       BUFG (Prop_bufg_I_O)         0.091    13.371 r  CLK100MHZ_IBUF_BUFG_inst/O
                         net (fo=48, routed)          1.437    14.808    top_inst/custom_ops_inst/clk
    SLICE_X53Y60         FDRE                                         r  top_inst/custom_ops_inst/result_buf_reg[6]/C
                         clock pessimism              0.273    15.081    
                         clock uncertainty           -0.035    15.046    
    SLICE_X53Y60         FDRE (Setup_fdre_C_D)        0.032    15.078    top_inst/custom_ops_inst/result_buf_reg[6]
  -------------------------------------------------------------------
                         required time                         15.078    
                         arrival time                          -9.149    
  -------------------------------------------------------------------
                         slack                                  5.929    

Slack (MET) :             6.020ns  (required time - arrival time)
  Source:                 top_inst/custom_ops_inst/b_stored_reg[0]/C
                            (rising edge-triggered cell FDRE clocked by sys_clk_pin  {rise@0.000ns fall@5.000ns period=10.000ns})
  Destination:            top_inst/custom_ops_inst/result_buf_reg[4]/D
                            (rising edge-triggered cell FDRE clocked by sys_clk_pin  {rise@0.000ns fall@5.000ns period=10.000ns})
  Path Group:             sys_clk_pin
  Path Type:              Setup (Max at Slow Process Corner)
  Requirement:            10.000ns  (sys_clk_pin rise@10.000ns - sys_clk_pin rise@0.000ns)
  Data Path Delay:        3.953ns  (logic 1.888ns (47.760%)  route 2.065ns (52.241%))
  Logic Levels:           5  (CARRY4=2 LUT2=1 LUT6=2)
  Clock Path Skew:        -0.023ns (DCD - SCD + CPR)
    Destination Clock Delay (DCD):    4.808ns = ( 14.808 - 10.000 ) 
    Source Clock Delay      (SCD):    5.104ns
    Clock Pessimism Removal (CPR):    0.273ns
  Clock Uncertainty:      0.035ns  ((TSJ^2 + TIJ^2)^1/2 + DJ) / 2 + PE
    Total System Jitter     (TSJ):    0.071ns
    Total Input Jitter      (TIJ):    0.000ns
    Discrete Jitter          (DJ):    0.000ns
    Phase Error              (PE):    0.000ns

    Location             Delay type                Incr(ns)  Path(ns)    Netlist Resource(s)
  -------------------------------------------------------------------    -------------------
                         (clock sys_clk_pin rise edge)
                                                      0.000     0.000 r  
    E3                                                0.000     0.000 r  CLK100MHZ (IN)
                         net (fo=0)                   0.000     0.000    CLK100MHZ
    E3                   IBUF (Prop_ibuf_I_O)         1.489     1.489 r  CLK100MHZ_IBUF_inst/O
                         net (fo=1, routed)           1.967     3.455    CLK100MHZ_IBUF
    BUFGCTRL_X0Y16       BUFG (Prop_bufg_I_O)         0.096     3.551 r  CLK100MHZ_IBUF_BUFG_inst/O
                         net (fo=48, routed)          1.553     5.104    top_inst/custom_ops_inst/clk
    SLICE_X52Y62         FDRE                                         r  top_inst/custom_ops_inst/b_stored_reg[0]/C
  -------------------------------------------------------------------    -------------------
    SLICE_X52Y62         FDRE (Prop_fdre_C_Q)         0.518     5.622 r  top_inst/custom_ops_inst/b_stored_reg[0]/Q
                         net (fo=14, routed)          1.141     6.764    top_inst/custom_ops_inst/b_stored_reg_n_0_[0]
    SLICE_X53Y59         LUT2 (Prop_lut2_I0_O)        0.153     6.917 r  top_inst/custom_ops_inst/i___1_carry_i_9/O
                         net (fo=1, routed)           0.582     7.499    top_inst/custom_ops_inst/i___1_carry_i_9_n_0
    SLICE_X52Y59         LUT6 (Prop_lut6_I5_O)        0.327     7.826 r  top_inst/custom_ops_inst/i___1_carry_i_4/O
                         net (fo=1, routed)           0.000     7.826    top_inst/custom_ops_inst/i___1_carry_i_4_n_0
    SLICE_X52Y59         CARRY4 (Prop_carry4_S[3]_CO[3])
                                                      0.376     8.202 r  top_inst/custom_ops_inst/final_result0_inferred__0/i___1_carry/CO[3]
                         net (fo=1, routed)           0.000     8.202    top_inst/custom_ops_inst/final_result0_inferred__0/i___1_carry_n_0
    SLICE_X52Y60         CARRY4 (Prop_carry4_CI_O[0])
                                                      0.219     8.421 r  top_inst/custom_ops_inst/final_result0_inferred__0/i___1_carry__0/O[0]
                         net (fo=1, routed)           0.341     8.763    top_inst/custom_ops_inst/final_result0[4]
    SLICE_X53Y60         LUT6 (Prop_lut6_I4_O)        0.295     9.058 r  top_inst/custom_ops_inst/result_buf[4]_i_1/O
                         net (fo=1, routed)           0.000     9.058    top_inst/custom_ops_inst/result_buf[4]_i_1_n_0
    SLICE_X53Y60         FDRE                                         r  top_inst/custom_ops_inst/result_buf_reg[4]/D
  -------------------------------------------------------------------    -------------------

                         (clock sys_clk_pin rise edge)
                                                     10.000    10.000 r  
    E3                                                0.000    10.000 r  CLK100MHZ (IN)
                         net (fo=0)                   0.000    10.000    CLK100MHZ
    E3                   IBUF (Prop_ibuf_I_O)         1.418    11.418 r  CLK100MHZ_IBUF_inst/O
                         net (fo=1, routed)           1.862    13.280    CLK100MHZ_IBUF
    BUFGCTRL_X0Y16       BUFG (Prop_bufg_I_O)         0.091    13.371 r  CLK100MHZ_IBUF_BUFG_inst/O
                         net (fo=48, routed)          1.437    14.808    top_inst/custom_ops_inst/clk
    SLICE_X53Y60         FDRE                                         r  top_inst/custom_ops_inst/result_buf_reg[4]/C
                         clock pessimism              0.273    15.081    
                         clock uncertainty           -0.035    15.046    
    SLICE_X53Y60         FDRE (Setup_fdre_C_D)        0.031    15.077    top_inst/custom_ops_inst/result_buf_reg[4]
  -------------------------------------------------------------------
                         required time                         15.077    
                         arrival time                          -9.058    
  -------------------------------------------------------------------
                         slack                                  6.020    

Slack (MET) :             6.031ns  (required time - arrival time)
  Source:                 top_inst/custom_ops_inst/b_stored_reg[0]/C
                            (rising edge-triggered cell FDRE clocked by sys_clk_pin  {rise@0.000ns fall@5.000ns period=10.000ns})
  Destination:            top_inst/custom_ops_inst/result_buf_reg[3]/D
                            (rising edge-triggered cell FDRE clocked by sys_clk_pin  {rise@0.000ns fall@5.000ns period=10.000ns})
  Path Group:             sys_clk_pin
  Path Type:              Setup (Max at Slow Process Corner)
  Requirement:            10.000ns  (sys_clk_pin rise@10.000ns - sys_clk_pin rise@0.000ns)
  Data Path Delay:        3.942ns  (logic 1.560ns (39.573%)  route 2.382ns (60.427%))
  Logic Levels:           4  (CARRY4=1 LUT2=1 LUT6=2)
  Clock Path Skew:        -0.023ns (DCD - SCD + CPR)
    Destination Clock Delay (DCD):    4.808ns = ( 14.808 - 10.000 ) 
    Source Clock Delay      (SCD):    5.104ns
    Clock Pessimism Removal (CPR):    0.273ns
  Clock Uncertainty:      0.035ns  ((TSJ^2 + TIJ^2)^1/2 + DJ) / 2 + PE
    Total System Jitter     (TSJ):    0.071ns
    Total Input Jitter      (TIJ):    0.000ns
    Discrete Jitter          (DJ):    0.000ns
    Phase Error              (PE):    0.000ns

    Location             Delay type                Incr(ns)  Path(ns)    Netlist Resource(s)
  -------------------------------------------------------------------    -------------------
                         (clock sys_clk_pin rise edge)
                                                      0.000     0.000 r  
    E3                                                0.000     0.000 r  CLK100MHZ (IN)
                         net (fo=0)                   0.000     0.000    CLK100MHZ
    E3                   IBUF (Prop_ibuf_I_O)         1.489     1.489 r  CLK100MHZ_IBUF_inst/O
                         net (fo=1, routed)           1.967     3.455    CLK100MHZ_IBUF
    BUFGCTRL_X0Y16       BUFG (Prop_bufg_I_O)         0.096     3.551 r  CLK100MHZ_IBUF_BUFG_inst/O
                         net (fo=48, routed)          1.553     5.104    top_inst/custom_ops_inst/clk
    SLICE_X52Y62         FDRE                                         r  top_inst/custom_ops_inst/b_stored_reg[0]/C
  -------------------------------------------------------------------    -------------------
    SLICE_X52Y62         FDRE (Prop_fdre_C_Q)         0.518     5.622 r  top_inst/custom_ops_inst/b_stored_reg[0]/Q
                         net (fo=14, routed)          1.141     6.764    top_inst/custom_ops_inst/b_stored_reg_n_0_[0]
    SLICE_X53Y59         LUT2 (Prop_lut2_I0_O)        0.153     6.917 r  top_inst/custom_ops_inst/i___1_carry_i_9/O
                         net (fo=1, routed)           0.582     7.499    top_inst/custom_ops_inst/i___1_carry_i_9_n_0
    SLICE_X52Y59         LUT6 (Prop_lut6_I5_O)        0.327     7.826 r  top_inst/custom_ops_inst/i___1_carry_i_4/O
                         net (fo=1, routed)           0.000     7.826    top_inst/custom_ops_inst/i___1_carry_i_4_n_0
    SLICE_X52Y59         CARRY4 (Prop_carry4_S[3]_O[3])
                                                      0.255     8.081 r  top_inst/custom_ops_inst/final_result0_inferred__0/i___1_carry/O[3]
                         net (fo=1, routed)           0.658     8.740    top_inst/custom_ops_inst/final_result0[3]
    SLICE_X53Y59         LUT6 (Prop_lut6_I3_O)        0.307     9.047 r  top_inst/custom_ops_inst/result_buf[3]_i_1/O
                         net (fo=1, routed)           0.000     9.047    top_inst/custom_ops_inst/result_buf[3]_i_1_n_0
    SLICE_X53Y59         FDRE                                         r  top_inst/custom_ops_inst/result_buf_reg[3]/D
  -------------------------------------------------------------------    -------------------

                         (clock sys_clk_pin rise edge)
                                                     10.000    10.000 r  
    E3                                                0.000    10.000 r  CLK100MHZ (IN)
                         net (fo=0)                   0.000    10.000    CLK100MHZ
    E3                   IBUF (Prop_ibuf_I_O)         1.418    11.418 r  CLK100MHZ_IBUF_inst/O
                         net (fo=1, routed)           1.862    13.280    CLK100MHZ_IBUF
    BUFGCTRL_X0Y16       BUFG (Prop_bufg_I_O)         0.091    13.371 r  CLK100MHZ_IBUF_BUFG_inst/O
                         net (fo=48, routed)          1.437    14.808    top_inst/custom_ops_inst/clk
    SLICE_X53Y59         FDRE                                         r  top_inst/custom_ops_inst/result_buf_reg[3]/C
                         clock pessimism              0.273    15.081    
                         clock uncertainty           -0.035    15.046    
    SLICE_X53Y59         FDRE (Setup_fdre_C_D)        0.031    15.077    top_inst/custom_ops_inst/result_buf_reg[3]
  -------------------------------------------------------------------
                         required time                         15.077    
                         arrival time                          -9.047    
  -------------------------------------------------------------------
                         slack                                  6.031    

Slack (MET) :             6.314ns  (required time - arrival time)
  Source:                 top_inst/mem_ctrl/instr_mem/pc_reg[0]/C
                            (rising edge-triggered cell FDRE clocked by sys_clk_pin  {rise@0.000ns fall@5.000ns period=10.000ns})
  Destination:            top_inst/mem_ctrl/instr_mem/pc_reg[1]/R
                            (rising edge-triggered cell FDRE clocked by sys_clk_pin  {rise@0.000ns fall@5.000ns period=10.000ns})
  Path Group:             sys_clk_pin
  Path Type:              Setup (Max at Slow Process Corner)
  Requirement:            10.000ns  (sys_clk_pin rise@10.000ns - sys_clk_pin rise@0.000ns)
  Data Path Delay:        2.974ns  (logic 0.697ns (23.437%)  route 2.277ns (76.563%))
  Logic Levels:           2  (LUT3=1 LUT6=1)
  Clock Path Skew:        -0.040ns (DCD - SCD + CPR)
    Destination Clock Delay (DCD):    4.804ns = ( 14.804 - 10.000 ) 
    Source Clock Delay      (SCD):    5.103ns
    Clock Pessimism Removal (CPR):    0.259ns
  Clock Uncertainty:      0.035ns  ((TSJ^2 + TIJ^2)^1/2 + DJ) / 2 + PE
    Total System Jitter     (TSJ):    0.071ns
    Total Input Jitter      (TIJ):    0.000ns
    Discrete Jitter          (DJ):    0.000ns
    Phase Error              (PE):    0.000ns

    Location             Delay type                Incr(ns)  Path(ns)    Netlist Resource(s)
  -------------------------------------------------------------------    -------------------
                         (clock sys_clk_pin rise edge)
                                                      0.000     0.000 r  
    E3                                                0.000     0.000 r  CLK100MHZ (IN)
                         net (fo=0)                   0.000     0.000    CLK100MHZ
    E3                   IBUF (Prop_ibuf_I_O)         1.489     1.489 r  CLK100MHZ_IBUF_inst/O
                         net (fo=1, routed)           1.967     3.455    CLK100MHZ_IBUF
    BUFGCTRL_X0Y16       BUFG (Prop_bufg_I_O)         0.096     3.551 r  CLK100MHZ_IBUF_BUFG_inst/O
                         net (fo=48, routed)          1.552     5.103    top_inst/mem_ctrl/instr_mem/clk
    SLICE_X51Y64         FDRE                                         r  top_inst/mem_ctrl/instr_mem/pc_reg[0]/C
  -------------------------------------------------------------------    -------------------
    SLICE_X51Y64         FDRE (Prop_fdre_C_Q)         0.456     5.559 r  top_inst/mem_ctrl/instr_mem/pc_reg[0]/Q
                         net (fo=7, routed)           1.021     6.580    top_inst/mem_ctrl/instr_mem/pc_reg_n_0_[0]
    SLICE_X48Y63         LUT6 (Prop_lut6_I3_O)        0.124     6.704 r  top_inst/mem_ctrl/instr_mem/pc_rep[6]_i_2/O
                         net (fo=2, routed)           0.619     7.323    top_inst/mem_ctrl/instr_mem/pc_rep[6]_i_2_n_0
    SLICE_X49Y64         LUT3 (Prop_lut3_I1_O)        0.117     7.440 r  top_inst/mem_ctrl/instr_mem/pc[6]_i_1/O
                         net (fo=7, routed)           0.637     8.077    top_inst/mem_ctrl/instr_mem/pc[6]_i_1_n_0
    SLICE_X48Y64         FDRE                                         r  top_inst/mem_ctrl/instr_mem/pc_reg[1]/R
  -------------------------------------------------------------------    -------------------

                         (clock sys_clk_pin rise edge)
                                                     10.000    10.000 r  
    E3                                                0.000    10.000 r  CLK100MHZ (IN)
                         net (fo=0)                   0.000    10.000    CLK100MHZ
    E3                   IBUF (Prop_ibuf_I_O)         1.418    11.418 r  CLK100MHZ_IBUF_inst/O
                         net (fo=1, routed)           1.862    13.280    CLK100MHZ_IBUF
    BUFGCTRL_X0Y16       BUFG (Prop_bufg_I_O)         0.091    13.371 r  CLK100MHZ_IBUF_BUFG_inst/O
                         net (fo=48, routed)          1.433    14.804    top_inst/mem_ctrl/instr_mem/clk
    SLICE_X48Y64         FDRE                                         r  top_inst/mem_ctrl/instr_mem/pc_reg[1]/C
                         clock pessimism              0.259    15.063    
                         clock uncertainty           -0.035    15.028    
    SLICE_X48Y64         FDRE (Setup_fdre_C_R)       -0.637    14.391    top_inst/mem_ctrl/instr_mem/pc_reg[1]
  -------------------------------------------------------------------
                         required time                         14.391    
                         arrival time                          -8.077    
  -------------------------------------------------------------------
                         slack                                  6.314    

Slack (MET) :             6.314ns  (required time - arrival time)
  Source:                 top_inst/mem_ctrl/instr_mem/pc_reg[0]/C
                            (rising edge-triggered cell FDRE clocked by sys_clk_pin  {rise@0.000ns fall@5.000ns period=10.000ns})
  Destination:            top_inst/mem_ctrl/instr_mem/pc_reg[2]/R
                            (rising edge-triggered cell FDRE clocked by sys_clk_pin  {rise@0.000ns fall@5.000ns period=10.000ns})
  Path Group:             sys_clk_pin
  Path Type:              Setup (Max at Slow Process Corner)
  Requirement:            10.000ns  (sys_clk_pin rise@10.000ns - sys_clk_pin rise@0.000ns)
  Data Path Delay:        2.974ns  (logic 0.697ns (23.437%)  route 2.277ns (76.563%))
  Logic Levels:           2  (LUT3=1 LUT6=1)
  Clock Path Skew:        -0.040ns (DCD - SCD + CPR)
    Destination Clock Delay (DCD):    4.804ns = ( 14.804 - 10.000 ) 
    Source Clock Delay      (SCD):    5.103ns
    Clock Pessimism Removal (CPR):    0.259ns
  Clock Uncertainty:      0.035ns  ((TSJ^2 + TIJ^2)^1/2 + DJ) / 2 + PE
    Total System Jitter     (TSJ):    0.071ns
    Total Input Jitter      (TIJ):    0.000ns
    Discrete Jitter          (DJ):    0.000ns
    Phase Error              (PE):    0.000ns

    Location             Delay type                Incr(ns)  Path(ns)    Netlist Resource(s)
  -------------------------------------------------------------------    -------------------
                         (clock sys_clk_pin rise edge)
                                                      0.000     0.000 r  
    E3                                                0.000     0.000 r  CLK100MHZ (IN)
                         net (fo=0)                   0.000     0.000    CLK100MHZ
    E3                   IBUF (Prop_ibuf_I_O)         1.489     1.489 r  CLK100MHZ_IBUF_inst/O
                         net (fo=1, routed)           1.967     3.455    CLK100MHZ_IBUF
    BUFGCTRL_X0Y16       BUFG (Prop_bufg_I_O)         0.096     3.551 r  CLK100MHZ_IBUF_BUFG_inst/O
                         net (fo=48, routed)          1.552     5.103    top_inst/mem_ctrl/instr_mem/clk
    SLICE_X51Y64         FDRE                                         r  top_inst/mem_ctrl/instr_mem/pc_reg[0]/C
  -------------------------------------------------------------------    -------------------
    SLICE_X51Y64         FDRE (Prop_fdre_C_Q)         0.456     5.559 r  top_inst/mem_ctrl/instr_mem/pc_reg[0]/Q
                         net (fo=7, routed)           1.021     6.580    top_inst/mem_ctrl/instr_mem/pc_reg_n_0_[0]
    SLICE_X48Y63         LUT6 (Prop_lut6_I3_O)        0.124     6.704 r  top_inst/mem_ctrl/instr_mem/pc_rep[6]_i_2/O
                         net (fo=2, routed)           0.619     7.323    top_inst/mem_ctrl/instr_mem/pc_rep[6]_i_2_n_0
    SLICE_X49Y64         LUT3 (Prop_lut3_I1_O)        0.117     7.440 r  top_inst/mem_ctrl/instr_mem/pc[6]_i_1/O
                         net (fo=7, routed)           0.637     8.077    top_inst/mem_ctrl/instr_mem/pc[6]_i_1_n_0
    SLICE_X48Y64         FDRE                                         r  top_inst/mem_ctrl/instr_mem/pc_reg[2]/R
  -------------------------------------------------------------------    -------------------

                         (clock sys_clk_pin rise edge)
                                                     10.000    10.000 r  
    E3                                                0.000    10.000 r  CLK100MHZ (IN)
                         net (fo=0)                   0.000    10.000    CLK100MHZ
    E3                   IBUF (Prop_ibuf_I_O)         1.418    11.418 r  CLK100MHZ_IBUF_inst/O
                         net (fo=1, routed)           1.862    13.280    CLK100MHZ_IBUF
    BUFGCTRL_X0Y16       BUFG (Prop_bufg_I_O)         0.091    13.371 r  CLK100MHZ_IBUF_BUFG_inst/O
                         net (fo=48, routed)          1.433    14.804    top_inst/mem_ctrl/instr_mem/clk
    SLICE_X48Y64         FDRE                                         r  top_inst/mem_ctrl/instr_mem/pc_reg[2]/C
                         clock pessimism              0.259    15.063    
                         clock uncertainty           -0.035    15.028    
    SLICE_X48Y64         FDRE (Setup_fdre_C_R)       -0.637    14.391    top_inst/mem_ctrl/instr_mem/pc_reg[2]
  -------------------------------------------------------------------
                         required time                         14.391    
                         arrival time                          -8.077    
  -------------------------------------------------------------------
                         slack                                  6.314    

Slack (MET) :             6.314ns  (required time - arrival time)
  Source:                 top_inst/mem_ctrl/instr_mem/pc_reg[0]/C
                            (rising edge-triggered cell FDRE clocked by sys_clk_pin  {rise@0.000ns fall@5.000ns period=10.000ns})
  Destination:            top_inst/mem_ctrl/instr_mem/pc_reg[3]/R
                            (rising edge-triggered cell FDRE clocked by sys_clk_pin  {rise@0.000ns fall@5.000ns period=10.000ns})
  Path Group:             sys_clk_pin
  Path Type:              Setup (Max at Slow Process Corner)
  Requirement:            10.000ns  (sys_clk_pin rise@10.000ns - sys_clk_pin rise@0.000ns)
  Data Path Delay:        2.974ns  (logic 0.697ns (23.437%)  route 2.277ns (76.563%))
  Logic Levels:           2  (LUT3=1 LUT6=1)
  Clock Path Skew:        -0.040ns (DCD - SCD + CPR)
    Destination Clock Delay (DCD):    4.804ns = ( 14.804 - 10.000 ) 
    Source Clock Delay      (SCD):    5.103ns
    Clock Pessimism Removal (CPR):    0.259ns
  Clock Uncertainty:      0.035ns  ((TSJ^2 + TIJ^2)^1/2 + DJ) / 2 + PE
    Total System Jitter     (TSJ):    0.071ns
    Total Input Jitter      (TIJ):    0.000ns
    Discrete Jitter          (DJ):    0.000ns
    Phase Error              (PE):    0.000ns

    Location             Delay type                Incr(ns)  Path(ns)    Netlist Resource(s)
  -------------------------------------------------------------------    -------------------
                         (clock sys_clk_pin rise edge)
                                                      0.000     0.000 r  
    E3                                                0.000     0.000 r  CLK100MHZ (IN)
                         net (fo=0)                   0.000     0.000    CLK100MHZ
    E3                   IBUF (Prop_ibuf_I_O)         1.489     1.489 r  CLK100MHZ_IBUF_inst/O
                         net (fo=1, routed)           1.967     3.455    CLK100MHZ_IBUF
    BUFGCTRL_X0Y16       BUFG (Prop_bufg_I_O)         0.096     3.551 r  CLK100MHZ_IBUF_BUFG_inst/O
                         net (fo=48, routed)          1.552     5.103    top_inst/mem_ctrl/instr_mem/clk
    SLICE_X51Y64         FDRE                                         r  top_inst/mem_ctrl/instr_mem/pc_reg[0]/C
  -------------------------------------------------------------------    -------------------
    SLICE_X51Y64         FDRE (Prop_fdre_C_Q)         0.456     5.559 r  top_inst/mem_ctrl/instr_mem/pc_reg[0]/Q
                         net (fo=7, routed)           1.021     6.580    top_inst/mem_ctrl/instr_mem/pc_reg_n_0_[0]
    SLICE_X48Y63         LUT6 (Prop_lut6_I3_O)        0.124     6.704 r  top_inst/mem_ctrl/instr_mem/pc_rep[6]_i_2/O
                         net (fo=2, routed)           0.619     7.323    top_inst/mem_ctrl/instr_mem/pc_rep[6]_i_2_n_0
    SLICE_X49Y64         LUT3 (Prop_lut3_I1_O)        0.117     7.440 r  top_inst/mem_ctrl/instr_mem/pc[6]_i_1/O
                         net (fo=7, routed)           0.637     8.077    top_inst/mem_ctrl/instr_mem/pc[6]_i_1_n_0
    SLICE_X48Y64         FDRE                                         r  top_inst/mem_ctrl/instr_mem/pc_reg[3]/R
  -------------------------------------------------------------------    -------------------

                         (clock sys_clk_pin rise edge)
                                                     10.000    10.000 r  
    E3                                                0.000    10.000 r  CLK100MHZ (IN)
                         net (fo=0)                   0.000    10.000    CLK100MHZ
    E3                   IBUF (Prop_ibuf_I_O)         1.418    11.418 r  CLK100MHZ_IBUF_inst/O
                         net (fo=1, routed)           1.862    13.280    CLK100MHZ_IBUF
    BUFGCTRL_X0Y16       BUFG (Prop_bufg_I_O)         0.091    13.371 r  CLK100MHZ_IBUF_BUFG_inst/O
                         net (fo=48, routed)          1.433    14.804    top_inst/mem_ctrl/instr_mem/clk
    SLICE_X48Y64         FDRE                                         r  top_inst/mem_ctrl/instr_mem/pc_reg[3]/C
                         clock pessimism              0.259    15.063    
                         clock uncertainty           -0.035    15.028    
    SLICE_X48Y64         FDRE (Setup_fdre_C_R)       -0.637    14.391    top_inst/mem_ctrl/instr_mem/pc_reg[3]
  -------------------------------------------------------------------
                         required time                         14.391    
                         arrival time                          -8.077    
  -------------------------------------------------------------------
                         slack                                  6.314    





Min Delay Paths
--------------------------------------------------------------------------------------
Slack (MET) :             0.199ns  (arrival time - required time)
  Source:                 top_inst/custom_ops_inst/FSM_onehot_state_reg[0]/C
                            (rising edge-triggered cell FDSE clocked by sys_clk_pin  {rise@0.000ns fall@5.000ns period=10.000ns})
  Destination:            top_inst/custom_ops_inst/FSM_onehot_state_reg[1]/D
                            (rising edge-triggered cell FDRE clocked by sys_clk_pin  {rise@0.000ns fall@5.000ns period=10.000ns})
  Path Group:             sys_clk_pin
  Path Type:              Hold (Min at Fast Process Corner)
  Requirement:            0.000ns  (sys_clk_pin rise@0.000ns - sys_clk_pin rise@0.000ns)
  Data Path Delay:        0.319ns  (logic 0.246ns (77.056%)  route 0.073ns (22.944%))
  Logic Levels:           1  (LUT2=1)
  Clock Path Skew:        0.000ns (DCD - SCD - CPR)
    Destination Clock Delay (DCD):    1.989ns
    Source Clock Delay      (SCD):    1.473ns
    Clock Pessimism Removal (CPR):    0.515ns

    Location             Delay type                Incr(ns)  Path(ns)    Netlist Resource(s)
  -------------------------------------------------------------------    -------------------
                         (clock sys_clk_pin rise edge)
                                                      0.000     0.000 r  
    E3                                                0.000     0.000 r  CLK100MHZ (IN)
                         net (fo=0)                   0.000     0.000    CLK100MHZ
    E3                   IBUF (Prop_ibuf_I_O)         0.257     0.257 r  CLK100MHZ_IBUF_inst/O
                         net (fo=1, routed)           0.631     0.888    CLK100MHZ_IBUF
    BUFGCTRL_X0Y16       BUFG (Prop_bufg_I_O)         0.026     0.914 r  CLK100MHZ_IBUF_BUFG_inst/O
                         net (fo=48, routed)          0.560     1.473    top_inst/custom_ops_inst/clk
    SLICE_X52Y61         FDSE                                         r  top_inst/custom_ops_inst/FSM_onehot_state_reg[0]/C
  -------------------------------------------------------------------    -------------------
    SLICE_X52Y61         FDSE (Prop_fdse_C_Q)         0.148     1.621 r  top_inst/custom_ops_inst/FSM_onehot_state_reg[0]/Q
                         net (fo=3, routed)           0.073     1.695    top_inst/custom_ops_inst/FSM_onehot_state_reg_n_0_[0]
    SLICE_X52Y61         LUT2 (Prop_lut2_I0_O)        0.098     1.793 r  top_inst/custom_ops_inst/FSM_onehot_state[1]_i_1/O
                         net (fo=1, routed)           0.000     1.793    top_inst/custom_ops_inst/FSM_onehot_state[1]_i_1_n_0
    SLICE_X52Y61         FDRE                                         r  top_inst/custom_ops_inst/FSM_onehot_state_reg[1]/D
  -------------------------------------------------------------------    -------------------

                         (clock sys_clk_pin rise edge)
                                                      0.000     0.000 r  
    E3                                                0.000     0.000 r  CLK100MHZ (IN)
                         net (fo=0)                   0.000     0.000    CLK100MHZ
    E3                   IBUF (Prop_ibuf_I_O)         0.445     0.445 r  CLK100MHZ_IBUF_inst/O
                         net (fo=1, routed)           0.685     1.129    CLK100MHZ_IBUF
    BUFGCTRL_X0Y16       BUFG (Prop_bufg_I_O)         0.029     1.158 r  CLK100MHZ_IBUF_BUFG_inst/O
                         net (fo=48, routed)          0.831     1.989    top_inst/custom_ops_inst/clk
    SLICE_X52Y61         FDRE                                         r  top_inst/custom_ops_inst/FSM_onehot_state_reg[1]/C
                         clock pessimism             -0.515     1.473    
    SLICE_X52Y61         FDRE (Hold_fdre_C_D)         0.120     1.593    top_inst/custom_ops_inst/FSM_onehot_state_reg[1]
  -------------------------------------------------------------------
                         required time                         -1.593    
                         arrival time                           1.793    
  -------------------------------------------------------------------
                         slack                                  0.199    

Slack (MET) :             0.200ns  (arrival time - required time)
  Source:                 top_inst/mem_ctrl/instr_mem/pc_reg_rep[5]/C
                            (rising edge-triggered cell FDRE clocked by sys_clk_pin  {rise@0.000ns fall@5.000ns period=10.000ns})
  Destination:            top_inst/mem_ctrl/reg_sel_fct/reg_reg[3]/D
                            (rising edge-triggered cell FDRE clocked by sys_clk_pin  {rise@0.000ns fall@5.000ns period=10.000ns})
  Path Group:             sys_clk_pin
  Path Type:              Hold (Min at Fast Process Corner)
  Requirement:            0.000ns  (sys_clk_pin rise@0.000ns - sys_clk_pin rise@0.000ns)
  Data Path Delay:        0.320ns  (logic 0.246ns (76.992%)  route 0.074ns (23.008%))
  Logic Levels:           1  (LUT6=1)
  Clock Path Skew:        0.000ns (DCD - SCD - CPR)
    Destination Clock Delay (DCD):    1.985ns
    Source Clock Delay      (SCD):    1.471ns
    Clock Pessimism Removal (CPR):    0.513ns

    Location             Delay type                Incr(ns)  Path(ns)    Netlist Resource(s)
  -------------------------------------------------------------------    -------------------
                         (clock sys_clk_pin rise edge)
                                                      0.000     0.000 r  
    E3                                                0.000     0.000 r  CLK100MHZ (IN)
                         net (fo=0)                   0.000     0.000    CLK100MHZ
    E3                   IBUF (Prop_ibuf_I_O)         0.257     0.257 r  CLK100MHZ_IBUF_inst/O
                         net (fo=1, routed)           0.631     0.888    CLK100MHZ_IBUF
    BUFGCTRL_X0Y16       BUFG (Prop_bufg_I_O)         0.026     0.914 r  CLK100MHZ_IBUF_BUFG_inst/O
                         net (fo=48, routed)          0.558     1.471    top_inst/mem_ctrl/instr_mem/clk
    SLICE_X50Y65         FDRE                                         r  top_inst/mem_ctrl/instr_mem/pc_reg_rep[5]/C
  -------------------------------------------------------------------    -------------------
    SLICE_X50Y65         FDRE (Prop_fdre_C_Q)         0.148     1.619 f  top_inst/mem_ctrl/instr_mem/pc_reg_rep[5]/Q
                         net (fo=2, routed)           0.074     1.693    top_inst/mem_ctrl/instr_mem/pc[5]
    SLICE_X50Y65         LUT6 (Prop_lut6_I1_O)        0.098     1.791 r  top_inst/mem_ctrl/instr_mem/reg[3]_i_1/O
                         net (fo=1, routed)           0.000     1.791    top_inst/mem_ctrl/reg_sel_fct/reg_reg[3]_1[3]
    SLICE_X50Y65         FDRE                                         r  top_inst/mem_ctrl/reg_sel_fct/reg_reg[3]/D
  -------------------------------------------------------------------    -------------------

                         (clock sys_clk_pin rise edge)
                                                      0.000     0.000 r  
    E3                                                0.000     0.000 r  CLK100MHZ (IN)
                         net (fo=0)                   0.000     0.000    CLK100MHZ
    E3                   IBUF (Prop_ibuf_I_O)         0.445     0.445 r  CLK100MHZ_IBUF_inst/O
                         net (fo=1, routed)           0.685     1.129    CLK100MHZ_IBUF
    BUFGCTRL_X0Y16       BUFG (Prop_bufg_I_O)         0.029     1.158 r  CLK100MHZ_IBUF_BUFG_inst/O
                         net (fo=48, routed)          0.826     1.985    top_inst/mem_ctrl/reg_sel_fct/clk
    SLICE_X50Y65         FDRE                                         r  top_inst/mem_ctrl/reg_sel_fct/reg_reg[3]/C
                         clock pessimism             -0.513     1.471    
    SLICE_X50Y65         FDRE (Hold_fdre_C_D)         0.120     1.591    top_inst/mem_ctrl/reg_sel_fct/reg_reg[3]
  -------------------------------------------------------------------
                         required time                         -1.591    
                         arrival time                           1.791    
  -------------------------------------------------------------------
                         slack                                  0.200    

Slack (MET) :             0.222ns  (arrival time - required time)
  Source:                 top_inst/mem_ctrl/instr_mem/pc_reg_rep[0]/C
                            (rising edge-triggered cell FDRE clocked by sys_clk_pin  {rise@0.000ns fall@5.000ns period=10.000ns})
  Destination:            top_inst/mem_ctrl/reg_sel_fct/reg_reg[0]/D
                            (rising edge-triggered cell FDRE clocked by sys_clk_pin  {rise@0.000ns fall@5.000ns period=10.000ns})
  Path Group:             sys_clk_pin
  Path Type:              Hold (Min at Fast Process Corner)
  Requirement:            0.000ns  (sys_clk_pin rise@0.000ns - sys_clk_pin rise@0.000ns)
  Data Path Delay:        0.313ns  (logic 0.227ns (72.508%)  route 0.086ns (27.492%))
  Logic Levels:           1  (LUT3=1)
  Clock Path Skew:        0.000ns (DCD - SCD - CPR)
    Destination Clock Delay (DCD):    1.985ns
    Source Clock Delay      (SCD):    1.471ns
    Clock Pessimism Removal (CPR):    0.513ns

    Location             Delay type                Incr(ns)  Path(ns)    Netlist Resource(s)
  -------------------------------------------------------------------    -------------------
                         (clock sys_clk_pin rise edge)
                                                      0.000     0.000 r  
    E3                                                0.000     0.000 r  CLK100MHZ (IN)
                         net (fo=0)                   0.000     0.000    CLK100MHZ
    E3                   IBUF (Prop_ibuf_I_O)         0.257     0.257 r  CLK100MHZ_IBUF_inst/O
                         net (fo=1, routed)           0.631     0.888    CLK100MHZ_IBUF
    BUFGCTRL_X0Y16       BUFG (Prop_bufg_I_O)         0.026     0.914 r  CLK100MHZ_IBUF_BUFG_inst/O
                         net (fo=48, routed)          0.558     1.471    top_inst/mem_ctrl/instr_mem/clk
    SLICE_X51Y65         FDRE                                         r  top_inst/mem_ctrl/instr_mem/pc_reg_rep[0]/C
  -------------------------------------------------------------------    -------------------
    SLICE_X51Y65         FDRE (Prop_fdre_C_Q)         0.128     1.599 r  top_inst/mem_ctrl/instr_mem/pc_reg_rep[0]/Q
                         net (fo=8, routed)           0.086     1.686    top_inst/mem_ctrl/instr_mem/pc[0]
    SLICE_X51Y65         LUT3 (Prop_lut3_I2_O)        0.099     1.785 r  top_inst/mem_ctrl/instr_mem/reg[0]_i_1/O
                         net (fo=1, routed)           0.000     1.785    top_inst/mem_ctrl/reg_sel_fct/reg_reg[3]_1[0]
    SLICE_X51Y65         FDRE                                         r  top_inst/mem_ctrl/reg_sel_fct/reg_reg[0]/D
  -------------------------------------------------------------------    -------------------

                         (clock sys_clk_pin rise edge)
                                                      0.000     0.000 r  
    E3                                                0.000     0.000 r  CLK100MHZ (IN)
                         net (fo=0)                   0.000     0.000    CLK100MHZ
    E3                   IBUF (Prop_ibuf_I_O)         0.445     0.445 r  CLK100MHZ_IBUF_inst/O
                         net (fo=1, routed)           0.685     1.129    CLK100MHZ_IBUF
    BUFGCTRL_X0Y16       BUFG (Prop_bufg_I_O)         0.029     1.158 r  CLK100MHZ_IBUF_BUFG_inst/O
                         net (fo=48, routed)          0.826     1.985    top_inst/mem_ctrl/reg_sel_fct/clk
    SLICE_X51Y65         FDRE                                         r  top_inst/mem_ctrl/reg_sel_fct/reg_reg[0]/C
                         clock pessimism             -0.513     1.471    
    SLICE_X51Y65         FDRE (Hold_fdre_C_D)         0.091     1.562    top_inst/mem_ctrl/reg_sel_fct/reg_reg[0]
  -------------------------------------------------------------------
                         required time                         -1.562    
                         arrival time                           1.785    
  -------------------------------------------------------------------
                         slack                                  0.222    

Slack (MET) :             0.251ns  (arrival time - required time)
  Source:                 top_inst/mem_ctrl/buf_b/buf_reg[0]/C
                            (rising edge-triggered cell FDRE clocked by sys_clk_pin  {rise@0.000ns fall@5.000ns period=10.000ns})
  Destination:            top_inst/custom_ops_inst/b_stored_reg[0]/D
                            (rising edge-triggered cell FDRE clocked by sys_clk_pin  {rise@0.000ns fall@5.000ns period=10.000ns})
  Path Group:             sys_clk_pin
  Path Type:              Hold (Min at Fast Process Corner)
  Requirement:            0.000ns  (sys_clk_pin rise@0.000ns - sys_clk_pin rise@0.000ns)
  Data Path Delay:        0.347ns  (logic 0.141ns (40.644%)  route 0.206ns (59.356%))
  Logic Levels:           0  
  Clock Path Skew:        0.037ns (DCD - SCD - CPR)
    Destination Clock Delay (DCD):    1.987ns
    Source Clock Delay      (SCD):    1.471ns
    Clock Pessimism Removal (CPR):    0.478ns

    Location             Delay type                Incr(ns)  Path(ns)    Netlist Resource(s)
  -------------------------------------------------------------------    -------------------
                         (clock sys_clk_pin rise edge)
                                                      0.000     0.000 r  
    E3                                                0.000     0.000 r  CLK100MHZ (IN)
                         net (fo=0)                   0.000     0.000    CLK100MHZ
    E3                   IBUF (Prop_ibuf_I_O)         0.257     0.257 r  CLK100MHZ_IBUF_inst/O
                         net (fo=1, routed)           0.631     0.888    CLK100MHZ_IBUF
    BUFGCTRL_X0Y16       BUFG (Prop_bufg_I_O)         0.026     0.914 r  CLK100MHZ_IBUF_BUFG_inst/O
                         net (fo=48, routed)          0.558     1.471    top_inst/mem_ctrl/buf_b/clk
    SLICE_X49Y64         FDRE                                         r  top_inst/mem_ctrl/buf_b/buf_reg[0]/C
  -------------------------------------------------------------------    -------------------
    SLICE_X49Y64         FDRE (Prop_fdre_C_Q)         0.141     1.612 r  top_inst/mem_ctrl/buf_b/buf_reg[0]/Q
                         net (fo=11, routed)          0.206     1.818    top_inst/custom_ops_inst/Q[0]
    SLICE_X52Y62         FDRE                                         r  top_inst/custom_ops_inst/b_stored_reg[0]/D
  -------------------------------------------------------------------    -------------------

                         (clock sys_clk_pin rise edge)
                                                      0.000     0.000 r  
    E3                                                0.000     0.000 r  CLK100MHZ (IN)
                         net (fo=0)                   0.000     0.000    CLK100MHZ
    E3                   IBUF (Prop_ibuf_I_O)         0.445     0.445 r  CLK100MHZ_IBUF_inst/O
                         net (fo=1, routed)           0.685     1.129    CLK100MHZ_IBUF
    BUFGCTRL_X0Y16       BUFG (Prop_bufg_I_O)         0.029     1.158 r  CLK100MHZ_IBUF_BUFG_inst/O
                         net (fo=48, routed)          0.828     1.987    top_inst/custom_ops_inst/clk
    SLICE_X52Y62         FDRE                                         r  top_inst/custom_ops_inst/b_stored_reg[0]/C
                         clock pessimism             -0.478     1.508    
    SLICE_X52Y62         FDRE (Hold_fdre_C_D)         0.059     1.567    top_inst/custom_ops_inst/b_stored_reg[0]
  -------------------------------------------------------------------
                         required time                         -1.567    
                         arrival time                           1.818    
  -------------------------------------------------------------------
                         slack                                  0.251    

Slack (MET) :             0.261ns  (arrival time - required time)
  Source:                 top_inst/mem_ctrl/reg_sel_fct/reg_reg[3]/C
                            (rising edge-triggered cell FDRE clocked by sys_clk_pin  {rise@0.000ns fall@5.000ns period=10.000ns})
  Destination:            top_inst/mem_ctrl/buf_b/buf_reg[2]/D
                            (rising edge-triggered cell FDRE clocked by sys_clk_pin  {rise@0.000ns fall@5.000ns period=10.000ns})
  Path Group:             sys_clk_pin
  Path Type:              Hold (Min at Fast Process Corner)
  Requirement:            0.000ns  (sys_clk_pin rise@0.000ns - sys_clk_pin rise@0.000ns)
  Data Path Delay:        0.397ns  (logic 0.209ns (52.651%)  route 0.188ns (47.349%))
  Logic Levels:           1  (LUT6=1)
  Clock Path Skew:        0.015ns (DCD - SCD - CPR)
    Destination Clock Delay (DCD):    1.986ns
    Source Clock Delay      (SCD):    1.471ns
    Clock Pessimism Removal (CPR):    0.499ns

    Location             Delay type                Incr(ns)  Path(ns)    Netlist Resource(s)
  -------------------------------------------------------------------    -------------------
                         (clock sys_clk_pin rise edge)
                                                      0.000     0.000 r  
    E3                                                0.000     0.000 r  CLK100MHZ (IN)
                         net (fo=0)                   0.000     0.000    CLK100MHZ
    E3                   IBUF (Prop_ibuf_I_O)         0.257     0.257 r  CLK100MHZ_IBUF_inst/O
                         net (fo=1, routed)           0.631     0.888    CLK100MHZ_IBUF
    BUFGCTRL_X0Y16       BUFG (Prop_bufg_I_O)         0.026     0.914 r  CLK100MHZ_IBUF_BUFG_inst/O
                         net (fo=48, routed)          0.558     1.471    top_inst/mem_ctrl/reg_sel_fct/clk
    SLICE_X50Y65         FDRE                                         r  top_inst/mem_ctrl/reg_sel_fct/reg_reg[3]/C
  -------------------------------------------------------------------    -------------------
    SLICE_X50Y65         FDRE (Prop_fdre_C_Q)         0.164     1.635 r  top_inst/mem_ctrl/reg_sel_fct/reg_reg[3]/Q
                         net (fo=8, routed)           0.188     1.823    top_inst/mem_ctrl/reg_sel_fct/reg_reg_n_0_[3]
    SLICE_X50Y64         LUT6 (Prop_lut6_I4_O)        0.045     1.868 r  top_inst/mem_ctrl/reg_sel_fct/buf[2]_i_1/O
                         net (fo=1, routed)           0.000     1.868    top_inst/mem_ctrl/buf_b/D[2]
    SLICE_X50Y64         FDRE                                         r  top_inst/mem_ctrl/buf_b/buf_reg[2]/D
  -------------------------------------------------------------------    -------------------

                         (clock sys_clk_pin rise edge)
                                                      0.000     0.000 r  
    E3                                                0.000     0.000 r  CLK100MHZ (IN)
                         net (fo=0)                   0.000     0.000    CLK100MHZ
    E3                   IBUF (Prop_ibuf_I_O)         0.445     0.445 r  CLK100MHZ_IBUF_inst/O
                         net (fo=1, routed)           0.685     1.129    CLK100MHZ_IBUF
    BUFGCTRL_X0Y16       BUFG (Prop_bufg_I_O)         0.029     1.158 r  CLK100MHZ_IBUF_BUFG_inst/O
                         net (fo=48, routed)          0.827     1.986    top_inst/mem_ctrl/buf_b/clk
    SLICE_X50Y64         FDRE                                         r  top_inst/mem_ctrl/buf_b/buf_reg[2]/C
                         clock pessimism             -0.499     1.486    
    SLICE_X50Y64         FDRE (Hold_fdre_C_D)         0.121     1.607    top_inst/mem_ctrl/buf_b/buf_reg[2]
  -------------------------------------------------------------------
                         required time                         -1.607    
                         arrival time                           1.868    
  -------------------------------------------------------------------
                         slack                                  0.261    

Slack (MET) :             0.269ns  (arrival time - required time)
  Source:                 top_inst/custom_ops_inst/FSM_onehot_state_reg[1]/C
                            (rising edge-triggered cell FDRE clocked by sys_clk_pin  {rise@0.000ns fall@5.000ns period=10.000ns})
  Destination:            top_inst/custom_ops_inst/result_buf_reg[2]/D
                            (rising edge-triggered cell FDRE clocked by sys_clk_pin  {rise@0.000ns fall@5.000ns period=10.000ns})
  Path Group:             sys_clk_pin
  Path Type:              Hold (Min at Fast Process Corner)
  Requirement:            0.000ns  (sys_clk_pin rise@0.000ns - sys_clk_pin rise@0.000ns)
  Data Path Delay:        0.377ns  (logic 0.209ns (55.506%)  route 0.168ns (44.494%))
  Logic Levels:           1  (LUT6=1)
  Clock Path Skew:        0.016ns (DCD - SCD - CPR)
    Destination Clock Delay (DCD):    1.989ns
    Source Clock Delay      (SCD):    1.473ns
    Clock Pessimism Removal (CPR):    0.499ns

    Location             Delay type                Incr(ns)  Path(ns)    Netlist Resource(s)
  -------------------------------------------------------------------    -------------------
                         (clock sys_clk_pin rise edge)
                                                      0.000     0.000 r  
    E3                                                0.000     0.000 r  CLK100MHZ (IN)
                         net (fo=0)                   0.000     0.000    CLK100MHZ
    E3                   IBUF (Prop_ibuf_I_O)         0.257     0.257 r  CLK100MHZ_IBUF_inst/O
                         net (fo=1, routed)           0.631     0.888    CLK100MHZ_IBUF
    BUFGCTRL_X0Y16       BUFG (Prop_bufg_I_O)         0.026     0.914 r  CLK100MHZ_IBUF_BUFG_inst/O
                         net (fo=48, routed)          0.560     1.473    top_inst/custom_ops_inst/clk
    SLICE_X52Y61         FDRE                                         r  top_inst/custom_ops_inst/FSM_onehot_state_reg[1]/C
  -------------------------------------------------------------------    -------------------
    SLICE_X52Y61         FDRE (Prop_fdre_C_Q)         0.164     1.637 r  top_inst/custom_ops_inst/FSM_onehot_state_reg[1]/Q
                         net (fo=11, routed)          0.168     1.805    top_inst/custom_ops_inst/FSM_onehot_state_reg_n_0_[1]
    SLICE_X53Y60         LUT6 (Prop_lut6_I0_O)        0.045     1.850 r  top_inst/custom_ops_inst/result_buf[2]_i_1/O
                         net (fo=1, routed)           0.000     1.850    top_inst/custom_ops_inst/result_buf[2]_i_1_n_0
    SLICE_X53Y60         FDRE                                         r  top_inst/custom_ops_inst/result_buf_reg[2]/D
  -------------------------------------------------------------------    -------------------

                         (clock sys_clk_pin rise edge)
                                                      0.000     0.000 r  
    E3                                                0.000     0.000 r  CLK100MHZ (IN)
                         net (fo=0)                   0.000     0.000    CLK100MHZ
    E3                   IBUF (Prop_ibuf_I_O)         0.445     0.445 r  CLK100MHZ_IBUF_inst/O
                         net (fo=1, routed)           0.685     1.129    CLK100MHZ_IBUF
    BUFGCTRL_X0Y16       BUFG (Prop_bufg_I_O)         0.029     1.158 r  CLK100MHZ_IBUF_BUFG_inst/O
                         net (fo=48, routed)          0.831     1.989    top_inst/custom_ops_inst/clk
    SLICE_X53Y60         FDRE                                         r  top_inst/custom_ops_inst/result_buf_reg[2]/C
                         clock pessimism             -0.499     1.489    
    SLICE_X53Y60         FDRE (Hold_fdre_C_D)         0.092     1.581    top_inst/custom_ops_inst/result_buf_reg[2]
  -------------------------------------------------------------------
                         required time                         -1.581    
                         arrival time                           1.850    
  -------------------------------------------------------------------
                         slack                                  0.269    

Slack (MET) :             0.291ns  (arrival time - required time)
  Source:                 top_inst/mem_ctrl/buf_b/buf_reg[3]/C
                            (rising edge-triggered cell FDRE clocked by sys_clk_pin  {rise@0.000ns fall@5.000ns period=10.000ns})
  Destination:            top_inst/custom_ops_inst/b_stored_reg[3]/D
                            (rising edge-triggered cell FDRE clocked by sys_clk_pin  {rise@0.000ns fall@5.000ns period=10.000ns})
  Path Group:             sys_clk_pin
  Path Type:              Hold (Min at Fast Process Corner)
  Requirement:            0.000ns  (sys_clk_pin rise@0.000ns - sys_clk_pin rise@0.000ns)
  Data Path Delay:        0.391ns  (logic 0.141ns (36.039%)  route 0.250ns (63.961%))
  Logic Levels:           0  
  Clock Path Skew:        0.037ns (DCD - SCD - CPR)
    Destination Clock Delay (DCD):    1.987ns
    Source Clock Delay      (SCD):    1.471ns
    Clock Pessimism Removal (CPR):    0.478ns

    Location             Delay type                Incr(ns)  Path(ns)    Netlist Resource(s)
  -------------------------------------------------------------------    -------------------
                         (clock sys_clk_pin rise edge)
                                                      0.000     0.000 r  
    E3                                                0.000     0.000 r  CLK100MHZ (IN)
                         net (fo=0)                   0.000     0.000    CLK100MHZ
    E3                   IBUF (Prop_ibuf_I_O)         0.257     0.257 r  CLK100MHZ_IBUF_inst/O
                         net (fo=1, routed)           0.631     0.888    CLK100MHZ_IBUF
    BUFGCTRL_X0Y16       BUFG (Prop_bufg_I_O)         0.026     0.914 r  CLK100MHZ_IBUF_BUFG_inst/O
                         net (fo=48, routed)          0.558     1.471    top_inst/mem_ctrl/buf_b/clk
    SLICE_X49Y64         FDRE                                         r  top_inst/mem_ctrl/buf_b/buf_reg[3]/C
  -------------------------------------------------------------------    -------------------
    SLICE_X49Y64         FDRE (Prop_fdre_C_Q)         0.141     1.612 r  top_inst/mem_ctrl/buf_b/buf_reg[3]/Q
                         net (fo=7, routed)           0.250     1.863    top_inst/custom_ops_inst/Q[3]
    SLICE_X52Y62         FDRE                                         r  top_inst/custom_ops_inst/b_stored_reg[3]/D
  -------------------------------------------------------------------    -------------------

                         (clock sys_clk_pin rise edge)
                                                      0.000     0.000 r  
    E3                                                0.000     0.000 r  CLK100MHZ (IN)
                         net (fo=0)                   0.000     0.000    CLK100MHZ
    E3                   IBUF (Prop_ibuf_I_O)         0.445     0.445 r  CLK100MHZ_IBUF_inst/O
                         net (fo=1, routed)           0.685     1.129    CLK100MHZ_IBUF
    BUFGCTRL_X0Y16       BUFG (Prop_bufg_I_O)         0.029     1.158 r  CLK100MHZ_IBUF_BUFG_inst/O
                         net (fo=48, routed)          0.828     1.987    top_inst/custom_ops_inst/clk
    SLICE_X52Y62         FDRE                                         r  top_inst/custom_ops_inst/b_stored_reg[3]/C
                         clock pessimism             -0.478     1.508    
    SLICE_X52Y62         FDRE (Hold_fdre_C_D)         0.063     1.571    top_inst/custom_ops_inst/b_stored_reg[3]
  -------------------------------------------------------------------
                         required time                         -1.571    
                         arrival time                           1.863    
  -------------------------------------------------------------------
                         slack                                  0.291    

Slack (MET) :             0.291ns  (arrival time - required time)
  Source:                 top_inst/custom_ops_inst/a_stored_reg[3]/C
                            (rising edge-triggered cell FDRE clocked by sys_clk_pin  {rise@0.000ns fall@5.000ns period=10.000ns})
  Destination:            top_inst/custom_ops_inst/result_buf_reg[4]/D
                            (rising edge-triggered cell FDRE clocked by sys_clk_pin  {rise@0.000ns fall@5.000ns period=10.000ns})
  Path Group:             sys_clk_pin
  Path Type:              Hold (Min at Fast Process Corner)
  Requirement:            0.000ns  (sys_clk_pin rise@0.000ns - sys_clk_pin rise@0.000ns)
  Data Path Delay:        0.400ns  (logic 0.186ns (46.452%)  route 0.214ns (53.548%))
  Logic Levels:           1  (LUT6=1)
  Clock Path Skew:        0.017ns (DCD - SCD - CPR)
    Destination Clock Delay (DCD):    1.989ns
    Source Clock Delay      (SCD):    1.472ns
    Clock Pessimism Removal (CPR):    0.499ns

    Location             Delay type                Incr(ns)  Path(ns)    Netlist Resource(s)
  -------------------------------------------------------------------    -------------------
                         (clock sys_clk_pin rise edge)
                                                      0.000     0.000 r  
    E3                                                0.000     0.000 r  CLK100MHZ (IN)
                         net (fo=0)                   0.000     0.000    CLK100MHZ
    E3                   IBUF (Prop_ibuf_I_O)         0.257     0.257 r  CLK100MHZ_IBUF_inst/O
                         net (fo=1, routed)           0.631     0.888    CLK100MHZ_IBUF
    BUFGCTRL_X0Y16       BUFG (Prop_bufg_I_O)         0.026     0.914 r  CLK100MHZ_IBUF_BUFG_inst/O
                         net (fo=48, routed)          0.559     1.472    top_inst/custom_ops_inst/clk
    SLICE_X53Y62         FDRE                                         r  top_inst/custom_ops_inst/a_stored_reg[3]/C
  -------------------------------------------------------------------    -------------------
    SLICE_X53Y62         FDRE (Prop_fdre_C_Q)         0.141     1.613 r  top_inst/custom_ops_inst/a_stored_reg[3]/Q
                         net (fo=11, routed)          0.214     1.828    top_inst/custom_ops_inst/a_stored_reg_n_0_[3]
    SLICE_X53Y60         LUT6 (Prop_lut6_I1_O)        0.045     1.873 r  top_inst/custom_ops_inst/result_buf[4]_i_1/O
                         net (fo=1, routed)           0.000     1.873    top_inst/custom_ops_inst/result_buf[4]_i_1_n_0
    SLICE_X53Y60         FDRE                                         r  top_inst/custom_ops_inst/result_buf_reg[4]/D
  -------------------------------------------------------------------    -------------------

                         (clock sys_clk_pin rise edge)
                                                      0.000     0.000 r  
    E3                                                0.000     0.000 r  CLK100MHZ (IN)
                         net (fo=0)                   0.000     0.000    CLK100MHZ
    E3                   IBUF (Prop_ibuf_I_O)         0.445     0.445 r  CLK100MHZ_IBUF_inst/O
                         net (fo=1, routed)           0.685     1.129    CLK100MHZ_IBUF
    BUFGCTRL_X0Y16       BUFG (Prop_bufg_I_O)         0.029     1.158 r  CLK100MHZ_IBUF_BUFG_inst/O
                         net (fo=48, routed)          0.831     1.989    top_inst/custom_ops_inst/clk
    SLICE_X53Y60         FDRE                                         r  top_inst/custom_ops_inst/result_buf_reg[4]/C
                         clock pessimism             -0.499     1.489    
    SLICE_X53Y60         FDRE (Hold_fdre_C_D)         0.092     1.581    top_inst/custom_ops_inst/result_buf_reg[4]
  -------------------------------------------------------------------
                         required time                         -1.581    
                         arrival time                           1.873    
  -------------------------------------------------------------------
                         slack                                  0.291    

Slack (MET) :             0.311ns  (arrival time - required time)
  Source:                 top_inst/mem_ctrl/buf_a/buf_reg[3]/C
                            (rising edge-triggered cell FDRE clocked by sys_clk_pin  {rise@0.000ns fall@5.000ns period=10.000ns})
  Destination:            top_inst/custom_ops_inst/a_stored_reg[3]/D
                            (rising edge-triggered cell FDRE clocked by sys_clk_pin  {rise@0.000ns fall@5.000ns period=10.000ns})
  Path Group:             sys_clk_pin
  Path Type:              Hold (Min at Fast Process Corner)
  Requirement:            0.000ns  (sys_clk_pin rise@0.000ns - sys_clk_pin rise@0.000ns)
  Data Path Delay:        0.420ns  (logic 0.141ns (33.611%)  route 0.279ns (66.389%))
  Logic Levels:           0  
  Clock Path Skew:        0.037ns (DCD - SCD - CPR)
    Destination Clock Delay (DCD):    1.987ns
    Source Clock Delay      (SCD):    1.471ns
    Clock Pessimism Removal (CPR):    0.478ns

    Location             Delay type                Incr(ns)  Path(ns)    Netlist Resource(s)
  -------------------------------------------------------------------    -------------------
                         (clock sys_clk_pin rise edge)
                                                      0.000     0.000 r  
    E3                                                0.000     0.000 r  CLK100MHZ (IN)
                         net (fo=0)                   0.000     0.000    CLK100MHZ
    E3                   IBUF (Prop_ibuf_I_O)         0.257     0.257 r  CLK100MHZ_IBUF_inst/O
                         net (fo=1, routed)           0.631     0.888    CLK100MHZ_IBUF
    BUFGCTRL_X0Y16       BUFG (Prop_bufg_I_O)         0.026     0.914 r  CLK100MHZ_IBUF_BUFG_inst/O
                         net (fo=48, routed)          0.558     1.471    top_inst/mem_ctrl/buf_a/clk
    SLICE_X48Y65         FDRE                                         r  top_inst/mem_ctrl/buf_a/buf_reg[3]/C
  -------------------------------------------------------------------    -------------------
    SLICE_X48Y65         FDRE (Prop_fdre_C_Q)         0.141     1.612 r  top_inst/mem_ctrl/buf_a/buf_reg[3]/Q
                         net (fo=7, routed)           0.279     1.891    top_inst/custom_ops_inst/A_to_ual[3]
    SLICE_X53Y62         FDRE                                         r  top_inst/custom_ops_inst/a_stored_reg[3]/D
  -------------------------------------------------------------------    -------------------

                         (clock sys_clk_pin rise edge)
                                                      0.000     0.000 r  
    E3                                                0.000     0.000 r  CLK100MHZ (IN)
                         net (fo=0)                   0.000     0.000    CLK100MHZ
    E3                   IBUF (Prop_ibuf_I_O)         0.445     0.445 r  CLK100MHZ_IBUF_inst/O
                         net (fo=1, routed)           0.685     1.129    CLK100MHZ_IBUF
    BUFGCTRL_X0Y16       BUFG (Prop_bufg_I_O)         0.029     1.158 r  CLK100MHZ_IBUF_BUFG_inst/O
                         net (fo=48, routed)          0.828     1.987    top_inst/custom_ops_inst/clk
    SLICE_X53Y62         FDRE                                         r  top_inst/custom_ops_inst/a_stored_reg[3]/C
                         clock pessimism             -0.478     1.508    
    SLICE_X53Y62         FDRE (Hold_fdre_C_D)         0.072     1.580    top_inst/custom_ops_inst/a_stored_reg[3]
  -------------------------------------------------------------------
                         required time                         -1.580    
                         arrival time                           1.891    
  -------------------------------------------------------------------
                         slack                                  0.311    

Slack (MET) :             0.322ns  (arrival time - required time)
  Source:                 top_inst/mem_ctrl/reg_sel_fct/reg_reg[0]/C
                            (rising edge-triggered cell FDRE clocked by sys_clk_pin  {rise@0.000ns fall@5.000ns period=10.000ns})
  Destination:            top_inst/custom_ops_inst/operation_stored_reg[0]/D
                            (rising edge-triggered cell FDRE clocked by sys_clk_pin  {rise@0.000ns fall@5.000ns period=10.000ns})
  Path Group:             sys_clk_pin
  Path Type:              Hold (Min at Fast Process Corner)
  Requirement:            0.000ns  (sys_clk_pin rise@0.000ns - sys_clk_pin rise@0.000ns)
  Data Path Delay:        0.410ns  (logic 0.141ns (34.408%)  route 0.269ns (65.592%))
  Logic Levels:           0  
  Clock Path Skew:        0.018ns (DCD - SCD - CPR)
    Destination Clock Delay (DCD):    1.989ns
    Source Clock Delay      (SCD):    1.471ns
    Clock Pessimism Removal (CPR):    0.499ns

    Location             Delay type                Incr(ns)  Path(ns)    Netlist Resource(s)
  -------------------------------------------------------------------    -------------------
                         (clock sys_clk_pin rise edge)
                                                      0.000     0.000 r  
    E3                                                0.000     0.000 r  CLK100MHZ (IN)
                         net (fo=0)                   0.000     0.000    CLK100MHZ
    E3                   IBUF (Prop_ibuf_I_O)         0.257     0.257 r  CLK100MHZ_IBUF_inst/O
                         net (fo=1, routed)           0.631     0.888    CLK100MHZ_IBUF
    BUFGCTRL_X0Y16       BUFG (Prop_bufg_I_O)         0.026     0.914 r  CLK100MHZ_IBUF_BUFG_inst/O
                         net (fo=48, routed)          0.558     1.471    top_inst/mem_ctrl/reg_sel_fct/clk
    SLICE_X51Y65         FDRE                                         r  top_inst/mem_ctrl/reg_sel_fct/reg_reg[0]/C
  -------------------------------------------------------------------    -------------------
    SLICE_X51Y65         FDRE (Prop_fdre_C_Q)         0.141     1.612 r  top_inst/mem_ctrl/reg_sel_fct/reg_reg[0]/Q
                         net (fo=15, routed)          0.269     1.881    top_inst/custom_ops_inst/operation_stored_reg[1]_0[0]
    SLICE_X53Y61         FDRE                                         r  top_inst/custom_ops_inst/operation_stored_reg[0]/D
  -------------------------------------------------------------------    -------------------

                         (clock sys_clk_pin rise edge)
                                                      0.000     0.000 r  
    E3                                                0.000     0.000 r  CLK100MHZ (IN)
                         net (fo=0)                   0.000     0.000    CLK100MHZ
    E3                   IBUF (Prop_ibuf_I_O)         0.445     0.445 r  CLK100MHZ_IBUF_inst/O
                         net (fo=1, routed)           0.685     1.129    CLK100MHZ_IBUF
    BUFGCTRL_X0Y16       BUFG (Prop_bufg_I_O)         0.029     1.158 r  CLK100MHZ_IBUF_BUFG_inst/O
                         net (fo=48, routed)          0.831     1.989    top_inst/custom_ops_inst/clk
    SLICE_X53Y61         FDRE                                         r  top_inst/custom_ops_inst/operation_stored_reg[0]/C
                         clock pessimism             -0.499     1.489    
    SLICE_X53Y61         FDRE (Hold_fdre_C_D)         0.070     1.559    top_inst/custom_ops_inst/operation_stored_reg[0]
  -------------------------------------------------------------------
                         required time                         -1.559    
                         arrival time                           1.881    
  -------------------------------------------------------------------
                         slack                                  0.322    





Pulse Width Checks
--------------------------------------------------------------------------------------
Clock Name:         sys_clk_pin
Waveform(ns):       { 0.000 5.000 }
Period(ns):         10.000
Sources:            { CLK100MHZ }

Check Type        Corner  Lib Pin  Reference Pin  Required(ns)  Actual(ns)  Slack(ns)  Location        Pin
Min Period        n/a     BUFG/I   n/a            2.155         10.000      7.845      BUFGCTRL_X0Y16  CLK100MHZ_IBUF_BUFG_inst/I
Min Period        n/a     FDSE/C   n/a            1.000         10.000      9.000      SLICE_X52Y61    top_inst/custom_ops_inst/FSM_onehot_state_reg[0]/C
Min Period        n/a     FDRE/C   n/a            1.000         10.000      9.000      SLICE_X52Y61    top_inst/custom_ops_inst/FSM_onehot_state_reg[1]/C
Min Period        n/a     FDRE/C   n/a            1.000         10.000      9.000      SLICE_X52Y61    top_inst/custom_ops_inst/FSM_onehot_state_reg[2]/C
Min Period        n/a     FDRE/C   n/a            1.000         10.000      9.000      SLICE_X52Y59    top_inst/custom_ops_inst/RES_VALID_reg/C
Min Period        n/a     FDRE/C   n/a            1.000         10.000      9.000      SLICE_X53Y62    top_inst/custom_ops_inst/a_stored_reg[0]/C
Min Period        n/a     FDRE/C   n/a            1.000         10.000      9.000      SLICE_X53Y62    top_inst/custom_ops_inst/a_stored_reg[1]/C
Min Period        n/a     FDRE/C   n/a            1.000         10.000      9.000      SLICE_X53Y62    top_inst/custom_ops_inst/a_stored_reg[2]/C
Min Period        n/a     FDRE/C   n/a            1.000         10.000      9.000      SLICE_X53Y62    top_inst/custom_ops_inst/a_stored_reg[3]/C
Min Period        n/a     FDRE/C   n/a            1.000         10.000      9.000      SLICE_X52Y62    top_inst/custom_ops_inst/b_stored_reg[0]/C
Low Pulse Width   Slow    FDSE/C   n/a            0.500         5.000       4.500      SLICE_X52Y61    top_inst/custom_ops_inst/FSM_onehot_state_reg[0]/C
Low Pulse Width   Fast    FDSE/C   n/a            0.500         5.000       4.500      SLICE_X52Y61    top_inst/custom_ops_inst/FSM_onehot_state_reg[0]/C
Low Pulse Width   Slow    FDRE/C   n/a            0.500         5.000       4.500      SLICE_X52Y61    top_inst/custom_ops_inst/FSM_onehot_state_reg[1]/C
Low Pulse Width   Fast    FDRE/C   n/a            0.500         5.000       4.500      SLICE_X52Y61    top_inst/custom_ops_inst/FSM_onehot_state_reg[1]/C
Low Pulse Width   Slow    FDRE/C   n/a            0.500         5.000       4.500      SLICE_X52Y61    top_inst/custom_ops_inst/FSM_onehot_state_reg[2]/C
Low Pulse Width   Fast    FDRE/C   n/a            0.500         5.000       4.500      SLICE_X52Y61    top_inst/custom_ops_inst/FSM_onehot_state_reg[2]/C
Low Pulse Width   Slow    FDRE/C   n/a            0.500         5.000       4.500      SLICE_X52Y59    top_inst/custom_ops_inst/RES_VALID_reg/C
Low Pulse Width   Fast    FDRE/C   n/a            0.500         5.000       4.500      SLICE_X52Y59    top_inst/custom_ops_inst/RES_VALID_reg/C
Low Pulse Width   Slow    FDRE/C   n/a            0.500         5.000       4.500      SLICE_X53Y62    top_inst/custom_ops_inst/a_stored_reg[0]/C
Low Pulse Width   Fast    FDRE/C   n/a            0.500         5.000       4.500      SLICE_X53Y62    top_inst/custom_ops_inst/a_stored_reg[0]/C
High Pulse Width  Slow    FDSE/C   n/a            0.500         5.000       4.500      SLICE_X52Y61    top_inst/custom_ops_inst/FSM_onehot_state_reg[0]/C
High Pulse Width  Fast    FDSE/C   n/a            0.500         5.000       4.500      SLICE_X52Y61    top_inst/custom_ops_inst/FSM_onehot_state_reg[0]/C
High Pulse Width  Slow    FDRE/C   n/a            0.500         5.000       4.500      SLICE_X52Y61    top_inst/custom_ops_inst/FSM_onehot_state_reg[1]/C
High Pulse Width  Fast    FDRE/C   n/a            0.500         5.000       4.500      SLICE_X52Y61    top_inst/custom_ops_inst/FSM_onehot_state_reg[1]/C
High Pulse Width  Slow    FDRE/C   n/a            0.500         5.000       4.500      SLICE_X52Y61    top_inst/custom_ops_inst/FSM_onehot_state_reg[2]/C
High Pulse Width  Fast    FDRE/C   n/a            0.500         5.000       4.500      SLICE_X52Y61    top_inst/custom_ops_inst/FSM_onehot_state_reg[2]/C
High Pulse Width  Slow    FDRE/C   n/a            0.500         5.000       4.500      SLICE_X52Y59    top_inst/custom_ops_inst/RES_VALID_reg/C
High Pulse Width  Fast    FDRE/C   n/a            0.500         5.000       4.500      SLICE_X52Y59    top_inst/custom_ops_inst/RES_VALID_reg/C
High Pulse Width  Slow    FDRE/C   n/a            0.500         5.000       4.500      SLICE_X53Y62    top_inst/custom_ops_inst/a_stored_reg[0]/C
High Pulse Width  Fast    FDRE/C   n/a            0.500         5.000       4.500      SLICE_X53Y62    top_inst/custom_ops_inst/a_stored_reg[0]/C



--------------------------------------------------------------------------------------
Path Group:  (none)
From Clock:  sys_clk_pin
  To Clock:  

Max Delay            11 Endpoints
Min Delay            11 Endpoints
--------------------------------------------------------------------------------------


Max Delay Paths
--------------------------------------------------------------------------------------
Slack:                    inf
  Source:                 top_inst/custom_ops_inst/result_buf_reg[2]/C
                            (rising edge-triggered cell FDRE clocked by sys_clk_pin  {rise@0.000ns fall@5.000ns period=10.000ns})
  Destination:            led[2]
                            (output port)
  Path Group:             (none)
  Path Type:              Max at Slow Process Corner
  Data Path Delay:        8.753ns  (logic 4.002ns (45.721%)  route 4.751ns (54.279%))
  Logic Levels:           1  (OBUF=1)
  Clock Uncertainty:      0.025ns  ((TSJ^2 + TIJ^2)^1/2 + DJ) / 2 + PE
    Total System Jitter     (TSJ):    0.050ns
    Total Input Jitter      (TIJ):    0.000ns
    Discrete Jitter          (DJ):    0.000ns
    Phase Error              (PE):    0.000ns

    Location             Delay type                Incr(ns)  Path(ns)    Netlist Resource(s)
  -------------------------------------------------------------------    -------------------
                         (clock sys_clk_pin rise edge)
                                                      0.000     0.000 r  
    E3                                                0.000     0.000 r  CLK100MHZ (IN)
                         net (fo=0)                   0.000     0.000    CLK100MHZ
    E3                   IBUF (Prop_ibuf_I_O)         1.489     1.489 r  CLK100MHZ_IBUF_inst/O
                         net (fo=1, routed)           1.967     3.455    CLK100MHZ_IBUF
    BUFGCTRL_X0Y16       BUFG (Prop_bufg_I_O)         0.096     3.551 r  CLK100MHZ_IBUF_BUFG_inst/O
                         net (fo=48, routed)          1.555     5.106    top_inst/custom_ops_inst/clk
    SLICE_X53Y60         FDRE                                         r  top_inst/custom_ops_inst/result_buf_reg[2]/C
  -------------------------------------------------------------------    -------------------
    SLICE_X53Y60         FDRE (Prop_fdre_C_Q)         0.456     5.562 r  top_inst/custom_ops_inst/result_buf_reg[2]/Q
                         net (fo=1, routed)           4.751    10.314    led_OBUF[2]
    T9                   OBUF (Prop_obuf_I_O)         3.546    13.860 r  led_OBUF[2]_inst/O
                         net (fo=0)                   0.000    13.860    led[2]
    T9                                                                r  led[2] (OUT)
  -------------------------------------------------------------------    -------------------

Slack:                    inf
  Source:                 top_inst/custom_ops_inst/result_buf_reg[3]/C
                            (rising edge-triggered cell FDRE clocked by sys_clk_pin  {rise@0.000ns fall@5.000ns period=10.000ns})
  Destination:            led[3]
                            (output port)
  Path Group:             (none)
  Path Type:              Max at Slow Process Corner
  Data Path Delay:        8.747ns  (logic 3.995ns (45.680%)  route 4.751ns (54.320%))
  Logic Levels:           1  (OBUF=1)
  Clock Uncertainty:      0.025ns  ((TSJ^2 + TIJ^2)^1/2 + DJ) / 2 + PE
    Total System Jitter     (TSJ):    0.050ns
    Total Input Jitter      (TIJ):    0.000ns
    Discrete Jitter          (DJ):    0.000ns
    Phase Error              (PE):    0.000ns

    Location             Delay type                Incr(ns)  Path(ns)    Netlist Resource(s)
  -------------------------------------------------------------------    -------------------
                         (clock sys_clk_pin rise edge)
                                                      0.000     0.000 r  
    E3                                                0.000     0.000 r  CLK100MHZ (IN)
                         net (fo=0)                   0.000     0.000    CLK100MHZ
    E3                   IBUF (Prop_ibuf_I_O)         1.489     1.489 r  CLK100MHZ_IBUF_inst/O
                         net (fo=1, routed)           1.967     3.455    CLK100MHZ_IBUF
    BUFGCTRL_X0Y16       BUFG (Prop_bufg_I_O)         0.096     3.551 r  CLK100MHZ_IBUF_BUFG_inst/O
                         net (fo=48, routed)          1.555     5.106    top_inst/custom_ops_inst/clk
    SLICE_X53Y59         FDRE                                         r  top_inst/custom_ops_inst/result_buf_reg[3]/C
  -------------------------------------------------------------------    -------------------
    SLICE_X53Y59         FDRE (Prop_fdre_C_Q)         0.456     5.562 r  top_inst/custom_ops_inst/result_buf_reg[3]/Q
                         net (fo=1, routed)           4.751    10.314    led_OBUF[3]
    T10                  OBUF (Prop_obuf_I_O)         3.539    13.853 r  led_OBUF[3]_inst/O
                         net (fo=0)                   0.000    13.853    led[3]
    T10                                                               r  led[3] (OUT)
  -------------------------------------------------------------------    -------------------

Slack:                    inf
  Source:                 top_inst/mem_ctrl/reg_sel_fct/reg_reg[3]/C
                            (rising edge-triggered cell FDRE clocked by sys_clk_pin  {rise@0.000ns fall@5.000ns period=10.000ns})
  Destination:            led1_b
                            (output port)
  Path Group:             (none)
  Path Type:              Max at Slow Process Corner
  Data Path Delay:        7.366ns  (logic 4.188ns (56.855%)  route 3.178ns (43.145%))
  Logic Levels:           2  (LUT6=1 OBUF=1)
  Clock Uncertainty:      0.025ns  ((TSJ^2 + TIJ^2)^1/2 + DJ) / 2 + PE
    Total System Jitter     (TSJ):    0.050ns
    Total Input Jitter      (TIJ):    0.000ns
    Discrete Jitter          (DJ):    0.000ns
    Phase Error              (PE):    0.000ns

    Location             Delay type                Incr(ns)  Path(ns)    Netlist Resource(s)
  -------------------------------------------------------------------    -------------------
                         (clock sys_clk_pin rise edge)
                                                      0.000     0.000 r  
    E3                                                0.000     0.000 r  CLK100MHZ (IN)
                         net (fo=0)                   0.000     0.000    CLK100MHZ
    E3                   IBUF (Prop_ibuf_I_O)         1.489     1.489 r  CLK100MHZ_IBUF_inst/O
                         net (fo=1, routed)           1.967     3.455    CLK100MHZ_IBUF
    BUFGCTRL_X0Y16       BUFG (Prop_bufg_I_O)         0.096     3.551 r  CLK100MHZ_IBUF_BUFG_inst/O
                         net (fo=48, routed)          1.550     5.101    top_inst/mem_ctrl/reg_sel_fct/clk
    SLICE_X50Y65         FDRE                                         r  top_inst/mem_ctrl/reg_sel_fct/reg_reg[3]/C
  -------------------------------------------------------------------    -------------------
    SLICE_X50Y65         FDRE (Prop_fdre_C_Q)         0.518     5.619 r  top_inst/mem_ctrl/reg_sel_fct/reg_reg[3]/Q
                         net (fo=8, routed)           0.902     6.522    top_inst/mem_ctrl/reg_sel_fct/reg_reg_n_0_[3]
    SLICE_X52Y64         LUT6 (Prop_lut6_I3_O)        0.124     6.646 r  top_inst/mem_ctrl/reg_sel_fct/led1_b_OBUF_inst_i_1/O
                         net (fo=1, routed)           2.276     8.922    led1_b_OBUF
    G4                   OBUF (Prop_obuf_I_O)         3.546    12.467 r  led1_b_OBUF_inst/O
                         net (fo=0)                   0.000    12.467    led1_b
    G4                                                                r  led1_b (OUT)
  -------------------------------------------------------------------    -------------------

Slack:                    inf
  Source:                 top_inst/mem_ctrl/reg_sel_fct/reg_reg[3]/C
                            (rising edge-triggered cell FDRE clocked by sys_clk_pin  {rise@0.000ns fall@5.000ns period=10.000ns})
  Destination:            led0_b
                            (output port)
  Path Group:             (none)
  Path Type:              Max at Slow Process Corner
  Data Path Delay:        7.198ns  (logic 4.187ns (58.167%)  route 3.011ns (41.833%))
  Logic Levels:           2  (LUT6=1 OBUF=1)
  Clock Uncertainty:      0.025ns  ((TSJ^2 + TIJ^2)^1/2 + DJ) / 2 + PE
    Total System Jitter     (TSJ):    0.050ns
    Total Input Jitter      (TIJ):    0.000ns
    Discrete Jitter          (DJ):    0.000ns
    Phase Error              (PE):    0.000ns

    Location             Delay type                Incr(ns)  Path(ns)    Netlist Resource(s)
  -------------------------------------------------------------------    -------------------
                         (clock sys_clk_pin rise edge)
                                                      0.000     0.000 r  
    E3                                                0.000     0.000 r  CLK100MHZ (IN)
                         net (fo=0)                   0.000     0.000    CLK100MHZ
    E3                   IBUF (Prop_ibuf_I_O)         1.489     1.489 r  CLK100MHZ_IBUF_inst/O
                         net (fo=1, routed)           1.967     3.455    CLK100MHZ_IBUF
    BUFGCTRL_X0Y16       BUFG (Prop_bufg_I_O)         0.096     3.551 r  CLK100MHZ_IBUF_BUFG_inst/O
                         net (fo=48, routed)          1.550     5.101    top_inst/mem_ctrl/reg_sel_fct/clk
    SLICE_X50Y65         FDRE                                         r  top_inst/mem_ctrl/reg_sel_fct/reg_reg[3]/C
  -------------------------------------------------------------------    -------------------
    SLICE_X50Y65         FDRE (Prop_fdre_C_Q)         0.518     5.619 r  top_inst/mem_ctrl/reg_sel_fct/reg_reg[3]/Q
                         net (fo=8, routed)           0.883     6.503    top_inst/mem_ctrl/reg_sel_fct/reg_reg_n_0_[3]
    SLICE_X52Y64         LUT6 (Prop_lut6_I4_O)        0.124     6.627 r  top_inst/mem_ctrl/reg_sel_fct/led0_b_OBUF_inst_i_1/O
                         net (fo=1, routed)           2.128     8.754    led0_b_OBUF
    E1                   OBUF (Prop_obuf_I_O)         3.545    12.299 r  led0_b_OBUF_inst/O
                         net (fo=0)                   0.000    12.299    led0_b
    E1                                                                r  led0_b (OUT)
  -------------------------------------------------------------------    -------------------

Slack:                    inf
  Source:                 top_inst/custom_ops_inst/RES_VALID_reg/C
                            (rising edge-triggered cell FDRE clocked by sys_clk_pin  {rise@0.000ns fall@5.000ns period=10.000ns})
  Destination:            led3_g
                            (output port)
  Path Group:             (none)
  Path Type:              Max at Slow Process Corner
  Data Path Delay:        6.491ns  (logic 4.040ns (62.247%)  route 2.450ns (37.753%))
  Logic Levels:           1  (OBUF=1)
  Clock Uncertainty:      0.025ns  ((TSJ^2 + TIJ^2)^1/2 + DJ) / 2 + PE
    Total System Jitter     (TSJ):    0.050ns
    Total Input Jitter      (TIJ):    0.000ns
    Discrete Jitter          (DJ):    0.000ns
    Phase Error              (PE):    0.000ns

    Location             Delay type                Incr(ns)  Path(ns)    Netlist Resource(s)
  -------------------------------------------------------------------    -------------------
                         (clock sys_clk_pin rise edge)
                                                      0.000     0.000 r  
    E3                                                0.000     0.000 r  CLK100MHZ (IN)
                         net (fo=0)                   0.000     0.000    CLK100MHZ
    E3                   IBUF (Prop_ibuf_I_O)         1.489     1.489 r  CLK100MHZ_IBUF_inst/O
                         net (fo=1, routed)           1.967     3.455    CLK100MHZ_IBUF
    BUFGCTRL_X0Y16       BUFG (Prop_bufg_I_O)         0.096     3.551 r  CLK100MHZ_IBUF_BUFG_inst/O
                         net (fo=48, routed)          1.555     5.106    top_inst/custom_ops_inst/clk
    SLICE_X52Y59         FDRE                                         r  top_inst/custom_ops_inst/RES_VALID_reg/C
  -------------------------------------------------------------------    -------------------
    SLICE_X52Y59         FDRE (Prop_fdre_C_Q)         0.518     5.624 r  top_inst/custom_ops_inst/RES_VALID_reg/Q
                         net (fo=1, routed)           2.450     8.075    led3_g_OBUF
    H6                   OBUF (Prop_obuf_I_O)         3.522    11.597 r  led3_g_OBUF_inst/O
                         net (fo=0)                   0.000    11.597    led3_g
    H6                                                                r  led3_g (OUT)
  -------------------------------------------------------------------    -------------------

Slack:                    inf
  Source:                 top_inst/custom_ops_inst/result_buf_reg[1]/C
                            (rising edge-triggered cell FDRE clocked by sys_clk_pin  {rise@0.000ns fall@5.000ns period=10.000ns})
  Destination:            led[1]
                            (output port)
  Path Group:             (none)
  Path Type:              Max at Slow Process Corner
  Data Path Delay:        6.448ns  (logic 3.963ns (61.470%)  route 2.484ns (38.530%))
  Logic Levels:           1  (OBUF=1)
  Clock Uncertainty:      0.025ns  ((TSJ^2 + TIJ^2)^1/2 + DJ) / 2 + PE
    Total System Jitter     (TSJ):    0.050ns
    Total Input Jitter      (TIJ):    0.000ns
    Discrete Jitter          (DJ):    0.000ns
    Phase Error              (PE):    0.000ns

    Location             Delay type                Incr(ns)  Path(ns)    Netlist Resource(s)
  -------------------------------------------------------------------    -------------------
                         (clock sys_clk_pin rise edge)
                                                      0.000     0.000 r  
    E3                                                0.000     0.000 r  CLK100MHZ (IN)
                         net (fo=0)                   0.000     0.000    CLK100MHZ
    E3                   IBUF (Prop_ibuf_I_O)         1.489     1.489 r  CLK100MHZ_IBUF_inst/O
                         net (fo=1, routed)           1.967     3.455    CLK100MHZ_IBUF
    BUFGCTRL_X0Y16       BUFG (Prop_bufg_I_O)         0.096     3.551 r  CLK100MHZ_IBUF_BUFG_inst/O
                         net (fo=48, routed)          1.555     5.106    top_inst/custom_ops_inst/clk
    SLICE_X53Y60         FDRE                                         r  top_inst/custom_ops_inst/result_buf_reg[1]/C
  -------------------------------------------------------------------    -------------------
    SLICE_X53Y60         FDRE (Prop_fdre_C_Q)         0.456     5.562 r  top_inst/custom_ops_inst/result_buf_reg[1]/Q
                         net (fo=1, routed)           2.484     8.047    led_OBUF[1]
    J5                   OBUF (Prop_obuf_I_O)         3.507    11.554 r  led_OBUF[1]_inst/O
                         net (fo=0)                   0.000    11.554    led[1]
    J5                                                                r  led[1] (OUT)
  -------------------------------------------------------------------    -------------------

Slack:                    inf
  Source:                 top_inst/custom_ops_inst/result_buf_reg[7]/C
                            (rising edge-triggered cell FDRE clocked by sys_clk_pin  {rise@0.000ns fall@5.000ns period=10.000ns})
  Destination:            led3_r
                            (output port)
  Path Group:             (none)
  Path Type:              Max at Slow Process Corner
  Data Path Delay:        6.434ns  (logic 4.120ns (64.028%)  route 2.315ns (35.972%))
  Logic Levels:           1  (OBUF=1)
  Clock Uncertainty:      0.025ns  ((TSJ^2 + TIJ^2)^1/2 + DJ) / 2 + PE
    Total System Jitter     (TSJ):    0.050ns
    Total Input Jitter      (TIJ):    0.000ns
    Discrete Jitter          (DJ):    0.000ns
    Phase Error              (PE):    0.000ns

    Location             Delay type                Incr(ns)  Path(ns)    Netlist Resource(s)
  -------------------------------------------------------------------    -------------------
                         (clock sys_clk_pin rise edge)
                                                      0.000     0.000 r  
    E3                                                0.000     0.000 r  CLK100MHZ (IN)
                         net (fo=0)                   0.000     0.000    CLK100MHZ
    E3                   IBUF (Prop_ibuf_I_O)         1.489     1.489 r  CLK100MHZ_IBUF_inst/O
                         net (fo=1, routed)           1.967     3.455    CLK100MHZ_IBUF
    BUFGCTRL_X0Y16       BUFG (Prop_bufg_I_O)         0.096     3.551 r  CLK100MHZ_IBUF_BUFG_inst/O
                         net (fo=48, routed)          1.555     5.106    top_inst/custom_ops_inst/clk
    SLICE_X53Y60         FDRE                                         r  top_inst/custom_ops_inst/result_buf_reg[7]/C
  -------------------------------------------------------------------    -------------------
    SLICE_X53Y60         FDRE (Prop_fdre_C_Q)         0.419     5.525 r  top_inst/custom_ops_inst/result_buf_reg[7]/Q
                         net (fo=1, routed)           2.315     7.840    led3_r_OBUF
    K1                   OBUF (Prop_obuf_I_O)         3.701    11.541 r  led3_r_OBUF_inst/O
                         net (fo=0)                   0.000    11.541    led3_r
    K1                                                                r  led3_r (OUT)
  -------------------------------------------------------------------    -------------------

Slack:                    inf
  Source:                 top_inst/custom_ops_inst/result_buf_reg[0]/C
                            (rising edge-triggered cell FDRE clocked by sys_clk_pin  {rise@0.000ns fall@5.000ns period=10.000ns})
  Destination:            led[0]
                            (output port)
  Path Group:             (none)
  Path Type:              Max at Slow Process Corner
  Data Path Delay:        6.325ns  (logic 3.981ns (62.945%)  route 2.344ns (37.055%))
  Logic Levels:           1  (OBUF=1)
  Clock Uncertainty:      0.025ns  ((TSJ^2 + TIJ^2)^1/2 + DJ) / 2 + PE
    Total System Jitter     (TSJ):    0.050ns
    Total Input Jitter      (TIJ):    0.000ns
    Discrete Jitter          (DJ):    0.000ns
    Phase Error              (PE):    0.000ns

    Location             Delay type                Incr(ns)  Path(ns)    Netlist Resource(s)
  -------------------------------------------------------------------    -------------------
                         (clock sys_clk_pin rise edge)
                                                      0.000     0.000 r  
    E3                                                0.000     0.000 r  CLK100MHZ (IN)
                         net (fo=0)                   0.000     0.000    CLK100MHZ
    E3                   IBUF (Prop_ibuf_I_O)         1.489     1.489 r  CLK100MHZ_IBUF_inst/O
                         net (fo=1, routed)           1.967     3.455    CLK100MHZ_IBUF
    BUFGCTRL_X0Y16       BUFG (Prop_bufg_I_O)         0.096     3.551 r  CLK100MHZ_IBUF_BUFG_inst/O
                         net (fo=48, routed)          1.555     5.106    top_inst/custom_ops_inst/clk
    SLICE_X53Y59         FDRE                                         r  top_inst/custom_ops_inst/result_buf_reg[0]/C
  -------------------------------------------------------------------    -------------------
    SLICE_X53Y59         FDRE (Prop_fdre_C_Q)         0.456     5.562 r  top_inst/custom_ops_inst/result_buf_reg[0]/Q
                         net (fo=1, routed)           2.344     7.906    led_OBUF[0]
    H5                   OBUF (Prop_obuf_I_O)         3.525    11.432 r  led_OBUF[0]_inst/O
                         net (fo=0)                   0.000    11.432    led[0]
    H5                                                                r  led[0] (OUT)
  -------------------------------------------------------------------    -------------------

Slack:                    inf
  Source:                 top_inst/custom_ops_inst/result_buf_reg[6]/C
                            (rising edge-triggered cell FDRE clocked by sys_clk_pin  {rise@0.000ns fall@5.000ns period=10.000ns})
  Destination:            led2_r
                            (output port)
  Path Group:             (none)
  Path Type:              Max at Slow Process Corner
  Data Path Delay:        6.252ns  (logic 3.976ns (63.596%)  route 2.276ns (36.404%))
  Logic Levels:           1  (OBUF=1)
  Clock Uncertainty:      0.025ns  ((TSJ^2 + TIJ^2)^1/2 + DJ) / 2 + PE
    Total System Jitter     (TSJ):    0.050ns
    Total Input Jitter      (TIJ):    0.000ns
    Discrete Jitter          (DJ):    0.000ns
    Phase Error              (PE):    0.000ns

    Location             Delay type                Incr(ns)  Path(ns)    Netlist Resource(s)
  -------------------------------------------------------------------    -------------------
                         (clock sys_clk_pin rise edge)
                                                      0.000     0.000 r  
    E3                                                0.000     0.000 r  CLK100MHZ (IN)
                         net (fo=0)                   0.000     0.000    CLK100MHZ
    E3                   IBUF (Prop_ibuf_I_O)         1.489     1.489 r  CLK100MHZ_IBUF_inst/O
                         net (fo=1, routed)           1.967     3.455    CLK100MHZ_IBUF
    BUFGCTRL_X0Y16       BUFG (Prop_bufg_I_O)         0.096     3.551 r  CLK100MHZ_IBUF_BUFG_inst/O
                         net (fo=48, routed)          1.555     5.106    top_inst/custom_ops_inst/clk
    SLICE_X53Y60         FDRE                                         r  top_inst/custom_ops_inst/result_buf_reg[6]/C
  -------------------------------------------------------------------    -------------------
    SLICE_X53Y60         FDRE (Prop_fdre_C_Q)         0.456     5.562 r  top_inst/custom_ops_inst/result_buf_reg[6]/Q
                         net (fo=1, routed)           2.276     7.838    led2_r_OBUF
    J3                   OBUF (Prop_obuf_I_O)         3.520    11.359 r  led2_r_OBUF_inst/O
                         net (fo=0)                   0.000    11.359    led2_r
    J3                                                                r  led2_r (OUT)
  -------------------------------------------------------------------    -------------------

Slack:                    inf
  Source:                 top_inst/custom_ops_inst/result_buf_reg[4]/C
                            (rising edge-triggered cell FDRE clocked by sys_clk_pin  {rise@0.000ns fall@5.000ns period=10.000ns})
  Destination:            led0_r
                            (output port)
  Path Group:             (none)
  Path Type:              Max at Slow Process Corner
  Data Path Delay:        6.245ns  (logic 3.995ns (63.961%)  route 2.251ns (36.039%))
  Logic Levels:           1  (OBUF=1)
  Clock Uncertainty:      0.025ns  ((TSJ^2 + TIJ^2)^1/2 + DJ) / 2 + PE
    Total System Jitter     (TSJ):    0.050ns
    Total Input Jitter      (TIJ):    0.000ns
    Discrete Jitter          (DJ):    0.000ns
    Phase Error              (PE):    0.000ns

    Location             Delay type                Incr(ns)  Path(ns)    Netlist Resource(s)
  -------------------------------------------------------------------    -------------------
                         (clock sys_clk_pin rise edge)
                                                      0.000     0.000 r  
    E3                                                0.000     0.000 r  CLK100MHZ (IN)
                         net (fo=0)                   0.000     0.000    CLK100MHZ
    E3                   IBUF (Prop_ibuf_I_O)         1.489     1.489 r  CLK100MHZ_IBUF_inst/O
                         net (fo=1, routed)           1.967     3.455    CLK100MHZ_IBUF
    BUFGCTRL_X0Y16       BUFG (Prop_bufg_I_O)         0.096     3.551 r  CLK100MHZ_IBUF_BUFG_inst/O
                         net (fo=48, routed)          1.555     5.106    top_inst/custom_ops_inst/clk
    SLICE_X53Y60         FDRE                                         r  top_inst/custom_ops_inst/result_buf_reg[4]/C
  -------------------------------------------------------------------    -------------------
    SLICE_X53Y60         FDRE (Prop_fdre_C_Q)         0.456     5.562 r  top_inst/custom_ops_inst/result_buf_reg[4]/Q
                         net (fo=1, routed)           2.251     7.813    led0_r_OBUF
    G6                   OBUF (Prop_obuf_I_O)         3.539    11.352 r  led0_r_OBUF_inst/O
                         net (fo=0)                   0.000    11.352    led0_r
    G6                                                                r  led0_r (OUT)
  -------------------------------------------------------------------    -------------------





Min Delay Paths
--------------------------------------------------------------------------------------
Slack:                    inf
  Source:                 top_inst/custom_ops_inst/result_buf_reg[5]/C
                            (rising edge-triggered cell FDRE clocked by sys_clk_pin  {rise@0.000ns fall@5.000ns period=10.000ns})
  Destination:            led1_r
                            (output port)
  Path Group:             (none)
  Path Type:              Min at Fast Process Corner
  Data Path Delay:        1.949ns  (logic 1.383ns (70.952%)  route 0.566ns (29.048%))
  Logic Levels:           1  (OBUF=1)
  Clock Uncertainty:      0.025ns  ((TSJ^2 + TIJ^2)^1/2 + DJ) / 2 + PE
    Total System Jitter     (TSJ):    0.050ns
    Total Input Jitter      (TIJ):    0.000ns
    Discrete Jitter          (DJ):    0.000ns
    Phase Error              (PE):    0.000ns

    Location             Delay type                Incr(ns)  Path(ns)    Netlist Resource(s)
  -------------------------------------------------------------------    -------------------
                         (clock sys_clk_pin rise edge)
                                                      0.000     0.000 r  
    E3                                                0.000     0.000 r  CLK100MHZ (IN)
                         net (fo=0)                   0.000     0.000    CLK100MHZ
    E3                   IBUF (Prop_ibuf_I_O)         0.257     0.257 r  CLK100MHZ_IBUF_inst/O
                         net (fo=1, routed)           0.631     0.888    CLK100MHZ_IBUF
    BUFGCTRL_X0Y16       BUFG (Prop_bufg_I_O)         0.026     0.914 r  CLK100MHZ_IBUF_BUFG_inst/O
                         net (fo=48, routed)          0.561     1.474    top_inst/custom_ops_inst/clk
    SLICE_X53Y59         FDRE                                         r  top_inst/custom_ops_inst/result_buf_reg[5]/C
  -------------------------------------------------------------------    -------------------
    SLICE_X53Y59         FDRE (Prop_fdre_C_Q)         0.141     1.615 r  top_inst/custom_ops_inst/result_buf_reg[5]/Q
                         net (fo=1, routed)           0.566     2.182    led1_r_OBUF
    G3                   OBUF (Prop_obuf_I_O)         1.242     3.424 r  led1_r_OBUF_inst/O
                         net (fo=0)                   0.000     3.424    led1_r
    G3                                                                r  led1_r (OUT)
  -------------------------------------------------------------------    -------------------

Slack:                    inf
  Source:                 top_inst/custom_ops_inst/result_buf_reg[6]/C
                            (rising edge-triggered cell FDRE clocked by sys_clk_pin  {rise@0.000ns fall@5.000ns period=10.000ns})
  Destination:            led2_r
                            (output port)
  Path Group:             (none)
  Path Type:              Min at Fast Process Corner
  Data Path Delay:        1.998ns  (logic 1.362ns (68.168%)  route 0.636ns (31.832%))
  Logic Levels:           1  (OBUF=1)
  Clock Uncertainty:      0.025ns  ((TSJ^2 + TIJ^2)^1/2 + DJ) / 2 + PE
    Total System Jitter     (TSJ):    0.050ns
    Total Input Jitter      (TIJ):    0.000ns
    Discrete Jitter          (DJ):    0.000ns
    Phase Error              (PE):    0.000ns

    Location             Delay type                Incr(ns)  Path(ns)    Netlist Resource(s)
  -------------------------------------------------------------------    -------------------
                         (clock sys_clk_pin rise edge)
                                                      0.000     0.000 r  
    E3                                                0.000     0.000 r  CLK100MHZ (IN)
                         net (fo=0)                   0.000     0.000    CLK100MHZ
    E3                   IBUF (Prop_ibuf_I_O)         0.257     0.257 r  CLK100MHZ_IBUF_inst/O
                         net (fo=1, routed)           0.631     0.888    CLK100MHZ_IBUF
    BUFGCTRL_X0Y16       BUFG (Prop_bufg_I_O)         0.026     0.914 r  CLK100MHZ_IBUF_BUFG_inst/O
                         net (fo=48, routed)          0.560     1.473    top_inst/custom_ops_inst/clk
    SLICE_X53Y60         FDRE                                         r  top_inst/custom_ops_inst/result_buf_reg[6]/C
  -------------------------------------------------------------------    -------------------
    SLICE_X53Y60         FDRE (Prop_fdre_C_Q)         0.141     1.614 r  top_inst/custom_ops_inst/result_buf_reg[6]/Q
                         net (fo=1, routed)           0.636     2.251    led2_r_OBUF
    J3                   OBUF (Prop_obuf_I_O)         1.221     3.472 r  led2_r_OBUF_inst/O
                         net (fo=0)                   0.000     3.472    led2_r
    J3                                                                r  led2_r (OUT)
  -------------------------------------------------------------------    -------------------

Slack:                    inf
  Source:                 top_inst/custom_ops_inst/result_buf_reg[4]/C
                            (rising edge-triggered cell FDRE clocked by sys_clk_pin  {rise@0.000ns fall@5.000ns period=10.000ns})
  Destination:            led0_r
                            (output port)
  Path Group:             (none)
  Path Type:              Min at Fast Process Corner
  Data Path Delay:        2.003ns  (logic 1.380ns (68.911%)  route 0.623ns (31.089%))
  Logic Levels:           1  (OBUF=1)
  Clock Uncertainty:      0.025ns  ((TSJ^2 + TIJ^2)^1/2 + DJ) / 2 + PE
    Total System Jitter     (TSJ):    0.050ns
    Total Input Jitter      (TIJ):    0.000ns
    Discrete Jitter          (DJ):    0.000ns
    Phase Error              (PE):    0.000ns

    Location             Delay type                Incr(ns)  Path(ns)    Netlist Resource(s)
  -------------------------------------------------------------------    -------------------
                         (clock sys_clk_pin rise edge)
                                                      0.000     0.000 r  
    E3                                                0.000     0.000 r  CLK100MHZ (IN)
                         net (fo=0)                   0.000     0.000    CLK100MHZ
    E3                   IBUF (Prop_ibuf_I_O)         0.257     0.257 r  CLK100MHZ_IBUF_inst/O
                         net (fo=1, routed)           0.631     0.888    CLK100MHZ_IBUF
    BUFGCTRL_X0Y16       BUFG (Prop_bufg_I_O)         0.026     0.914 r  CLK100MHZ_IBUF_BUFG_inst/O
                         net (fo=48, routed)          0.560     1.473    top_inst/custom_ops_inst/clk
    SLICE_X53Y60         FDRE                                         r  top_inst/custom_ops_inst/result_buf_reg[4]/C
  -------------------------------------------------------------------    -------------------
    SLICE_X53Y60         FDRE (Prop_fdre_C_Q)         0.141     1.614 r  top_inst/custom_ops_inst/result_buf_reg[4]/Q
                         net (fo=1, routed)           0.623     2.237    led0_r_OBUF
    G6                   OBUF (Prop_obuf_I_O)         1.239     3.477 r  led0_r_OBUF_inst/O
                         net (fo=0)                   0.000     3.477    led0_r
    G6                                                                r  led0_r (OUT)
  -------------------------------------------------------------------    -------------------

Slack:                    inf
  Source:                 top_inst/custom_ops_inst/result_buf_reg[0]/C
                            (rising edge-triggered cell FDRE clocked by sys_clk_pin  {rise@0.000ns fall@5.000ns period=10.000ns})
  Destination:            led[0]
                            (output port)
  Path Group:             (none)
  Path Type:              Min at Fast Process Corner
  Data Path Delay:        2.040ns  (logic 1.367ns (67.020%)  route 0.673ns (32.980%))
  Logic Levels:           1  (OBUF=1)
  Clock Uncertainty:      0.025ns  ((TSJ^2 + TIJ^2)^1/2 + DJ) / 2 + PE
    Total System Jitter     (TSJ):    0.050ns
    Total Input Jitter      (TIJ):    0.000ns
    Discrete Jitter          (DJ):    0.000ns
    Phase Error              (PE):    0.000ns

    Location             Delay type                Incr(ns)  Path(ns)    Netlist Resource(s)
  -------------------------------------------------------------------    -------------------
                         (clock sys_clk_pin rise edge)
                                                      0.000     0.000 r  
    E3                                                0.000     0.000 r  CLK100MHZ (IN)
                         net (fo=0)                   0.000     0.000    CLK100MHZ
    E3                   IBUF (Prop_ibuf_I_O)         0.257     0.257 r  CLK100MHZ_IBUF_inst/O
                         net (fo=1, routed)           0.631     0.888    CLK100MHZ_IBUF
    BUFGCTRL_X0Y16       BUFG (Prop_bufg_I_O)         0.026     0.914 r  CLK100MHZ_IBUF_BUFG_inst/O
                         net (fo=48, routed)          0.561     1.474    top_inst/custom_ops_inst/clk
    SLICE_X53Y59         FDRE                                         r  top_inst/custom_ops_inst/result_buf_reg[0]/C
  -------------------------------------------------------------------    -------------------
    SLICE_X53Y59         FDRE (Prop_fdre_C_Q)         0.141     1.615 r  top_inst/custom_ops_inst/result_buf_reg[0]/Q
                         net (fo=1, routed)           0.673     2.288    led_OBUF[0]
    H5                   OBUF (Prop_obuf_I_O)         1.226     3.515 r  led_OBUF[0]_inst/O
                         net (fo=0)                   0.000     3.515    led[0]
    H5                                                                r  led[0] (OUT)
  -------------------------------------------------------------------    -------------------

Slack:                    inf
  Source:                 top_inst/custom_ops_inst/result_buf_reg[7]/C
                            (rising edge-triggered cell FDRE clocked by sys_clk_pin  {rise@0.000ns fall@5.000ns period=10.000ns})
  Destination:            led3_r
                            (output port)
  Path Group:             (none)
  Path Type:              Min at Fast Process Corner
  Data Path Delay:        2.055ns  (logic 1.408ns (68.493%)  route 0.648ns (31.507%))
  Logic Levels:           1  (OBUF=1)
  Clock Uncertainty:      0.025ns  ((TSJ^2 + TIJ^2)^1/2 + DJ) / 2 + PE
    Total System Jitter     (TSJ):    0.050ns
    Total Input Jitter      (TIJ):    0.000ns
    Discrete Jitter          (DJ):    0.000ns
    Phase Error              (PE):    0.000ns

    Location             Delay type                Incr(ns)  Path(ns)    Netlist Resource(s)
  -------------------------------------------------------------------    -------------------
                         (clock sys_clk_pin rise edge)
                                                      0.000     0.000 r  
    E3                                                0.000     0.000 r  CLK100MHZ (IN)
                         net (fo=0)                   0.000     0.000    CLK100MHZ
    E3                   IBUF (Prop_ibuf_I_O)         0.257     0.257 r  CLK100MHZ_IBUF_inst/O
                         net (fo=1, routed)           0.631     0.888    CLK100MHZ_IBUF
    BUFGCTRL_X0Y16       BUFG (Prop_bufg_I_O)         0.026     0.914 r  CLK100MHZ_IBUF_BUFG_inst/O
                         net (fo=48, routed)          0.560     1.473    top_inst/custom_ops_inst/clk
    SLICE_X53Y60         FDRE                                         r  top_inst/custom_ops_inst/result_buf_reg[7]/C
  -------------------------------------------------------------------    -------------------
    SLICE_X53Y60         FDRE (Prop_fdre_C_Q)         0.128     1.601 r  top_inst/custom_ops_inst/result_buf_reg[7]/Q
                         net (fo=1, routed)           0.648     2.249    led3_r_OBUF
    K1                   OBUF (Prop_obuf_I_O)         1.280     3.529 r  led3_r_OBUF_inst/O
                         net (fo=0)                   0.000     3.529    led3_r
    K1                                                                r  led3_r (OUT)
  -------------------------------------------------------------------    -------------------

Slack:                    inf
  Source:                 top_inst/custom_ops_inst/result_buf_reg[1]/C
                            (rising edge-triggered cell FDRE clocked by sys_clk_pin  {rise@0.000ns fall@5.000ns period=10.000ns})
  Destination:            led[1]
                            (output port)
  Path Group:             (none)
  Path Type:              Min at Fast Process Corner
  Data Path Delay:        2.071ns  (logic 1.349ns (65.167%)  route 0.721ns (34.833%))
  Logic Levels:           1  (OBUF=1)
  Clock Uncertainty:      0.025ns  ((TSJ^2 + TIJ^2)^1/2 + DJ) / 2 + PE
    Total System Jitter     (TSJ):    0.050ns
    Total Input Jitter      (TIJ):    0.000ns
    Discrete Jitter          (DJ):    0.000ns
    Phase Error              (PE):    0.000ns

    Location             Delay type                Incr(ns)  Path(ns)    Netlist Resource(s)
  -------------------------------------------------------------------    -------------------
                         (clock sys_clk_pin rise edge)
                                                      0.000     0.000 r  
    E3                                                0.000     0.000 r  CLK100MHZ (IN)
                         net (fo=0)                   0.000     0.000    CLK100MHZ
    E3                   IBUF (Prop_ibuf_I_O)         0.257     0.257 r  CLK100MHZ_IBUF_inst/O
                         net (fo=1, routed)           0.631     0.888    CLK100MHZ_IBUF
    BUFGCTRL_X0Y16       BUFG (Prop_bufg_I_O)         0.026     0.914 r  CLK100MHZ_IBUF_BUFG_inst/O
                         net (fo=48, routed)          0.560     1.473    top_inst/custom_ops_inst/clk
    SLICE_X53Y60         FDRE                                         r  top_inst/custom_ops_inst/result_buf_reg[1]/C
  -------------------------------------------------------------------    -------------------
    SLICE_X53Y60         FDRE (Prop_fdre_C_Q)         0.141     1.614 r  top_inst/custom_ops_inst/result_buf_reg[1]/Q
                         net (fo=1, routed)           0.721     2.336    led_OBUF[1]
    J5                   OBUF (Prop_obuf_I_O)         1.208     3.544 r  led_OBUF[1]_inst/O
                         net (fo=0)                   0.000     3.544    led[1]
    J5                                                                r  led[1] (OUT)
  -------------------------------------------------------------------    -------------------

Slack:                    inf
  Source:                 top_inst/custom_ops_inst/RES_VALID_reg/C
                            (rising edge-triggered cell FDRE clocked by sys_clk_pin  {rise@0.000ns fall@5.000ns period=10.000ns})
  Destination:            led3_g
                            (output port)
  Path Group:             (none)
  Path Type:              Min at Fast Process Corner
  Data Path Delay:        2.083ns  (logic 1.387ns (66.578%)  route 0.696ns (33.422%))
  Logic Levels:           1  (OBUF=1)
  Clock Uncertainty:      0.025ns  ((TSJ^2 + TIJ^2)^1/2 + DJ) / 2 + PE
    Total System Jitter     (TSJ):    0.050ns
    Total Input Jitter      (TIJ):    0.000ns
    Discrete Jitter          (DJ):    0.000ns
    Phase Error              (PE):    0.000ns

    Location             Delay type                Incr(ns)  Path(ns)    Netlist Resource(s)
  -------------------------------------------------------------------    -------------------
                         (clock sys_clk_pin rise edge)
                                                      0.000     0.000 r  
    E3                                                0.000     0.000 r  CLK100MHZ (IN)
                         net (fo=0)                   0.000     0.000    CLK100MHZ
    E3                   IBUF (Prop_ibuf_I_O)         0.257     0.257 r  CLK100MHZ_IBUF_inst/O
                         net (fo=1, routed)           0.631     0.888    CLK100MHZ_IBUF
    BUFGCTRL_X0Y16       BUFG (Prop_bufg_I_O)         0.026     0.914 r  CLK100MHZ_IBUF_BUFG_inst/O
                         net (fo=48, routed)          0.561     1.474    top_inst/custom_ops_inst/clk
    SLICE_X52Y59         FDRE                                         r  top_inst/custom_ops_inst/RES_VALID_reg/C
  -------------------------------------------------------------------    -------------------
    SLICE_X52Y59         FDRE (Prop_fdre_C_Q)         0.164     1.638 r  top_inst/custom_ops_inst/RES_VALID_reg/Q
                         net (fo=1, routed)           0.696     2.335    led3_g_OBUF
    H6                   OBUF (Prop_obuf_I_O)         1.223     3.558 r  led3_g_OBUF_inst/O
                         net (fo=0)                   0.000     3.558    led3_g
    H6                                                                r  led3_g (OUT)
  -------------------------------------------------------------------    -------------------

Slack:                    inf
  Source:                 top_inst/mem_ctrl/buf_a/buf_reg[3]/C
                            (rising edge-triggered cell FDRE clocked by sys_clk_pin  {rise@0.000ns fall@5.000ns period=10.000ns})
  Destination:            led0_b
                            (output port)
  Path Group:             (none)
  Path Type:              Min at Fast Process Corner
  Data Path Delay:        2.247ns  (logic 1.431ns (63.710%)  route 0.815ns (36.290%))
  Logic Levels:           2  (LUT6=1 OBUF=1)
  Clock Uncertainty:      0.025ns  ((TSJ^2 + TIJ^2)^1/2 + DJ) / 2 + PE
    Total System Jitter     (TSJ):    0.050ns
    Total Input Jitter      (TIJ):    0.000ns
    Discrete Jitter          (DJ):    0.000ns
    Phase Error              (PE):    0.000ns

    Location             Delay type                Incr(ns)  Path(ns)    Netlist Resource(s)
  -------------------------------------------------------------------    -------------------
                         (clock sys_clk_pin rise edge)
                                                      0.000     0.000 r  
    E3                                                0.000     0.000 r  CLK100MHZ (IN)
                         net (fo=0)                   0.000     0.000    CLK100MHZ
    E3                   IBUF (Prop_ibuf_I_O)         0.257     0.257 r  CLK100MHZ_IBUF_inst/O
                         net (fo=1, routed)           0.631     0.888    CLK100MHZ_IBUF
    BUFGCTRL_X0Y16       BUFG (Prop_bufg_I_O)         0.026     0.914 r  CLK100MHZ_IBUF_BUFG_inst/O
                         net (fo=48, routed)          0.558     1.471    top_inst/mem_ctrl/buf_a/clk
    SLICE_X48Y65         FDRE                                         r  top_inst/mem_ctrl/buf_a/buf_reg[3]/C
  -------------------------------------------------------------------    -------------------
    SLICE_X48Y65         FDRE (Prop_fdre_C_Q)         0.141     1.612 r  top_inst/mem_ctrl/buf_a/buf_reg[3]/Q
                         net (fo=7, routed)           0.253     1.866    top_inst/mem_ctrl/reg_sel_fct/led0_b_0
    SLICE_X52Y64         LUT6 (Prop_lut6_I0_O)        0.045     1.911 r  top_inst/mem_ctrl/reg_sel_fct/led0_b_OBUF_inst_i_1/O
                         net (fo=1, routed)           0.562     2.473    led0_b_OBUF
    E1                   OBUF (Prop_obuf_I_O)         1.245     3.718 r  led0_b_OBUF_inst/O
                         net (fo=0)                   0.000     3.718    led0_b
    E1                                                                r  led0_b (OUT)
  -------------------------------------------------------------------    -------------------

Slack:                    inf
  Source:                 top_inst/mem_ctrl/buf_b/buf_reg[0]/C
                            (rising edge-triggered cell FDRE clocked by sys_clk_pin  {rise@0.000ns fall@5.000ns period=10.000ns})
  Destination:            led1_b
                            (output port)
  Path Group:             (none)
  Path Type:              Min at Fast Process Corner
  Data Path Delay:        2.322ns  (logic 1.433ns (61.711%)  route 0.889ns (38.289%))
  Logic Levels:           2  (LUT6=1 OBUF=1)
  Clock Uncertainty:      0.025ns  ((TSJ^2 + TIJ^2)^1/2 + DJ) / 2 + PE
    Total System Jitter     (TSJ):    0.050ns
    Total Input Jitter      (TIJ):    0.000ns
    Discrete Jitter          (DJ):    0.000ns
    Phase Error              (PE):    0.000ns

    Location             Delay type                Incr(ns)  Path(ns)    Netlist Resource(s)
  -------------------------------------------------------------------    -------------------
                         (clock sys_clk_pin rise edge)
                                                      0.000     0.000 r  
    E3                                                0.000     0.000 r  CLK100MHZ (IN)
                         net (fo=0)                   0.000     0.000    CLK100MHZ
    E3                   IBUF (Prop_ibuf_I_O)         0.257     0.257 r  CLK100MHZ_IBUF_inst/O
                         net (fo=1, routed)           0.631     0.888    CLK100MHZ_IBUF
    BUFGCTRL_X0Y16       BUFG (Prop_bufg_I_O)         0.026     0.914 r  CLK100MHZ_IBUF_BUFG_inst/O
                         net (fo=48, routed)          0.558     1.471    top_inst/mem_ctrl/buf_b/clk
    SLICE_X49Y64         FDRE                                         r  top_inst/mem_ctrl/buf_b/buf_reg[0]/C
  -------------------------------------------------------------------    -------------------
    SLICE_X49Y64         FDRE (Prop_fdre_C_Q)         0.141     1.612 r  top_inst/mem_ctrl/buf_b/buf_reg[0]/Q
                         net (fo=11, routed)          0.253     1.865    top_inst/mem_ctrl/reg_sel_fct/led0_b[0]
    SLICE_X52Y64         LUT6 (Prop_lut6_I2_O)        0.045     1.910 r  top_inst/mem_ctrl/reg_sel_fct/led1_b_OBUF_inst_i_1/O
                         net (fo=1, routed)           0.636     2.546    led1_b_OBUF
    G4                   OBUF (Prop_obuf_I_O)         1.247     3.793 r  led1_b_OBUF_inst/O
                         net (fo=0)                   0.000     3.793    led1_b
    G4                                                                r  led1_b (OUT)
  -------------------------------------------------------------------    -------------------

Slack:                    inf
  Source:                 top_inst/custom_ops_inst/result_buf_reg[3]/C
                            (rising edge-triggered cell FDRE clocked by sys_clk_pin  {rise@0.000ns fall@5.000ns period=10.000ns})
  Destination:            led[3]
                            (output port)
  Path Group:             (none)
  Path Type:              Min at Fast Process Corner
  Data Path Delay:        3.201ns  (logic 1.381ns (43.145%)  route 1.820ns (56.855%))
  Logic Levels:           1  (OBUF=1)
  Clock Uncertainty:      0.025ns  ((TSJ^2 + TIJ^2)^1/2 + DJ) / 2 + PE
    Total System Jitter     (TSJ):    0.050ns
    Total Input Jitter      (TIJ):    0.000ns
    Discrete Jitter          (DJ):    0.000ns
    Phase Error              (PE):    0.000ns

    Location             Delay type                Incr(ns)  Path(ns)    Netlist Resource(s)
  -------------------------------------------------------------------    -------------------
                         (clock sys_clk_pin rise edge)
                                                      0.000     0.000 r  
    E3                                                0.000     0.000 r  CLK100MHZ (IN)
                         net (fo=0)                   0.000     0.000    CLK100MHZ
    E3                   IBUF (Prop_ibuf_I_O)         0.257     0.257 r  CLK100MHZ_IBUF_inst/O
                         net (fo=1, routed)           0.631     0.888    CLK100MHZ_IBUF
    BUFGCTRL_X0Y16       BUFG (Prop_bufg_I_O)         0.026     0.914 r  CLK100MHZ_IBUF_BUFG_inst/O
                         net (fo=48, routed)          0.561     1.474    top_inst/custom_ops_inst/clk
    SLICE_X53Y59         FDRE                                         r  top_inst/custom_ops_inst/result_buf_reg[3]/C
  -------------------------------------------------------------------    -------------------
    SLICE_X53Y59         FDRE (Prop_fdre_C_Q)         0.141     1.615 r  top_inst/custom_ops_inst/result_buf_reg[3]/Q
                         net (fo=1, routed)           1.820     3.436    led_OBUF[3]
    T10                  OBUF (Prop_obuf_I_O)         1.240     4.676 r  led_OBUF[3]_inst/O
                         net (fo=0)                   0.000     4.676    led[3]
    T10                                                               r  led[3] (OUT)
  -------------------------------------------------------------------    -------------------





--------------------------------------------------------------------------------------
Path Group:  (none)
From Clock:  
  To Clock:  sys_clk_pin

Max Delay            56 Endpoints
Min Delay            56 Endpoints
--------------------------------------------------------------------------------------


Max Delay Paths
--------------------------------------------------------------------------------------
Slack:                    inf
  Source:                 btn[0]
                            (input port)
  Destination:            top_inst/custom_ops_inst/operation_stored_reg[0]/CE
                            (rising edge-triggered cell FDRE clocked by sys_clk_pin  {rise@0.000ns fall@5.000ns period=10.000ns})
  Path Group:             (none)
  Path Type:              Setup (Max at Slow Process Corner)
  Data Path Delay:        7.731ns  (logic 1.619ns (20.940%)  route 6.112ns (79.060%))
  Logic Levels:           2  (IBUF=1 LUT3=1)
  Clock Path Skew:        4.807ns (DCD - SCD + CPR)
    Destination Clock Delay (DCD):    4.807ns
    Source Clock Delay      (SCD):    0.000ns
    Clock Pessimism Removal (CPR):    0.000ns
  Clock Uncertainty:      0.025ns  ((TSJ^2 + TIJ^2)^1/2 + DJ) / 2 + PE
    Total System Jitter     (TSJ):    0.050ns
    Total Input Jitter      (TIJ):    0.000ns
    Discrete Jitter          (DJ):    0.000ns
    Phase Error              (PE):    0.000ns

    Location             Delay type                Incr(ns)  Path(ns)    Netlist Resource(s)
  -------------------------------------------------------------------    -------------------
    D9                                                0.000     0.000 f  btn[0] (IN)
                         net (fo=0)                   0.000     0.000    btn[0]
    D9                   IBUF (Prop_ibuf_I_O)         1.467     1.467 f  btn_IBUF[0]_inst/O
                         net (fo=33, routed)          5.478     6.945    top_inst/custom_ops_inst/reset
    SLICE_X52Y61         LUT3 (Prop_lut3_I0_O)        0.152     7.097 r  top_inst/custom_ops_inst/b_stored[3]_i_1/O
                         net (fo=10, routed)          0.634     7.731    top_inst/custom_ops_inst/b_stored[3]_i_1_n_0
    SLICE_X53Y61         FDRE                                         r  top_inst/custom_ops_inst/operation_stored_reg[0]/CE
  -------------------------------------------------------------------    -------------------

                         (clock sys_clk_pin rise edge)
                                                      0.000     0.000 r  
    E3                                                0.000     0.000 r  CLK100MHZ (IN)
                         net (fo=0)                   0.000     0.000    CLK100MHZ
    E3                   IBUF (Prop_ibuf_I_O)         1.418     1.418 r  CLK100MHZ_IBUF_inst/O
                         net (fo=1, routed)           1.862     3.280    CLK100MHZ_IBUF
    BUFGCTRL_X0Y16       BUFG (Prop_bufg_I_O)         0.091     3.371 r  CLK100MHZ_IBUF_BUFG_inst/O
                         net (fo=48, routed)          1.436     4.807    top_inst/custom_ops_inst/clk
    SLICE_X53Y61         FDRE                                         r  top_inst/custom_ops_inst/operation_stored_reg[0]/C

Slack:                    inf
  Source:                 btn[0]
                            (input port)
  Destination:            top_inst/custom_ops_inst/operation_stored_reg[1]/CE
                            (rising edge-triggered cell FDRE clocked by sys_clk_pin  {rise@0.000ns fall@5.000ns period=10.000ns})
  Path Group:             (none)
  Path Type:              Setup (Max at Slow Process Corner)
  Data Path Delay:        7.731ns  (logic 1.619ns (20.940%)  route 6.112ns (79.060%))
  Logic Levels:           2  (IBUF=1 LUT3=1)
  Clock Path Skew:        4.807ns (DCD - SCD + CPR)
    Destination Clock Delay (DCD):    4.807ns
    Source Clock Delay      (SCD):    0.000ns
    Clock Pessimism Removal (CPR):    0.000ns
  Clock Uncertainty:      0.025ns  ((TSJ^2 + TIJ^2)^1/2 + DJ) / 2 + PE
    Total System Jitter     (TSJ):    0.050ns
    Total Input Jitter      (TIJ):    0.000ns
    Discrete Jitter          (DJ):    0.000ns
    Phase Error              (PE):    0.000ns

    Location             Delay type                Incr(ns)  Path(ns)    Netlist Resource(s)
  -------------------------------------------------------------------    -------------------
    D9                                                0.000     0.000 f  btn[0] (IN)
                         net (fo=0)                   0.000     0.000    btn[0]
    D9                   IBUF (Prop_ibuf_I_O)         1.467     1.467 f  btn_IBUF[0]_inst/O
                         net (fo=33, routed)          5.478     6.945    top_inst/custom_ops_inst/reset
    SLICE_X52Y61         LUT3 (Prop_lut3_I0_O)        0.152     7.097 r  top_inst/custom_ops_inst/b_stored[3]_i_1/O
                         net (fo=10, routed)          0.634     7.731    top_inst/custom_ops_inst/b_stored[3]_i_1_n_0
    SLICE_X53Y61         FDRE                                         r  top_inst/custom_ops_inst/operation_stored_reg[1]/CE
  -------------------------------------------------------------------    -------------------

                         (clock sys_clk_pin rise edge)
                                                      0.000     0.000 r  
    E3                                                0.000     0.000 r  CLK100MHZ (IN)
                         net (fo=0)                   0.000     0.000    CLK100MHZ
    E3                   IBUF (Prop_ibuf_I_O)         1.418     1.418 r  CLK100MHZ_IBUF_inst/O
                         net (fo=1, routed)           1.862     3.280    CLK100MHZ_IBUF
    BUFGCTRL_X0Y16       BUFG (Prop_bufg_I_O)         0.091     3.371 r  CLK100MHZ_IBUF_BUFG_inst/O
                         net (fo=48, routed)          1.436     4.807    top_inst/custom_ops_inst/clk
    SLICE_X53Y61         FDRE                                         r  top_inst/custom_ops_inst/operation_stored_reg[1]/C

Slack:                    inf
  Source:                 btn[0]
                            (input port)
  Destination:            top_inst/custom_ops_inst/a_stored_reg[0]/CE
                            (rising edge-triggered cell FDRE clocked by sys_clk_pin  {rise@0.000ns fall@5.000ns period=10.000ns})
  Path Group:             (none)
  Path Type:              Setup (Max at Slow Process Corner)
  Data Path Delay:        7.512ns  (logic 1.619ns (21.551%)  route 5.893ns (78.449%))
  Logic Levels:           2  (IBUF=1 LUT3=1)
  Clock Path Skew:        4.806ns (DCD - SCD + CPR)
    Destination Clock Delay (DCD):    4.806ns
    Source Clock Delay      (SCD):    0.000ns
    Clock Pessimism Removal (CPR):    0.000ns
  Clock Uncertainty:      0.025ns  ((TSJ^2 + TIJ^2)^1/2 + DJ) / 2 + PE
    Total System Jitter     (TSJ):    0.050ns
    Total Input Jitter      (TIJ):    0.000ns
    Discrete Jitter          (DJ):    0.000ns
    Phase Error              (PE):    0.000ns

    Location             Delay type                Incr(ns)  Path(ns)    Netlist Resource(s)
  -------------------------------------------------------------------    -------------------
    D9                                                0.000     0.000 f  btn[0] (IN)
                         net (fo=0)                   0.000     0.000    btn[0]
    D9                   IBUF (Prop_ibuf_I_O)         1.467     1.467 f  btn_IBUF[0]_inst/O
                         net (fo=33, routed)          5.478     6.945    top_inst/custom_ops_inst/reset
    SLICE_X52Y61         LUT3 (Prop_lut3_I0_O)        0.152     7.097 r  top_inst/custom_ops_inst/b_stored[3]_i_1/O
                         net (fo=10, routed)          0.415     7.512    top_inst/custom_ops_inst/b_stored[3]_i_1_n_0
    SLICE_X53Y62         FDRE                                         r  top_inst/custom_ops_inst/a_stored_reg[0]/CE
  -------------------------------------------------------------------    -------------------

                         (clock sys_clk_pin rise edge)
                                                      0.000     0.000 r  
    E3                                                0.000     0.000 r  CLK100MHZ (IN)
                         net (fo=0)                   0.000     0.000    CLK100MHZ
    E3                   IBUF (Prop_ibuf_I_O)         1.418     1.418 r  CLK100MHZ_IBUF_inst/O
                         net (fo=1, routed)           1.862     3.280    CLK100MHZ_IBUF
    BUFGCTRL_X0Y16       BUFG (Prop_bufg_I_O)         0.091     3.371 r  CLK100MHZ_IBUF_BUFG_inst/O
                         net (fo=48, routed)          1.435     4.806    top_inst/custom_ops_inst/clk
    SLICE_X53Y62         FDRE                                         r  top_inst/custom_ops_inst/a_stored_reg[0]/C

Slack:                    inf
  Source:                 btn[0]
                            (input port)
  Destination:            top_inst/custom_ops_inst/a_stored_reg[1]/CE
                            (rising edge-triggered cell FDRE clocked by sys_clk_pin  {rise@0.000ns fall@5.000ns period=10.000ns})
  Path Group:             (none)
  Path Type:              Setup (Max at Slow Process Corner)
  Data Path Delay:        7.512ns  (logic 1.619ns (21.551%)  route 5.893ns (78.449%))
  Logic Levels:           2  (IBUF=1 LUT3=1)
  Clock Path Skew:        4.806ns (DCD - SCD + CPR)
    Destination Clock Delay (DCD):    4.806ns
    Source Clock Delay      (SCD):    0.000ns
    Clock Pessimism Removal (CPR):    0.000ns
  Clock Uncertainty:      0.025ns  ((TSJ^2 + TIJ^2)^1/2 + DJ) / 2 + PE
    Total System Jitter     (TSJ):    0.050ns
    Total Input Jitter      (TIJ):    0.000ns
    Discrete Jitter          (DJ):    0.000ns
    Phase Error              (PE):    0.000ns

    Location             Delay type                Incr(ns)  Path(ns)    Netlist Resource(s)
  -------------------------------------------------------------------    -------------------
    D9                                                0.000     0.000 f  btn[0] (IN)
                         net (fo=0)                   0.000     0.000    btn[0]
    D9                   IBUF (Prop_ibuf_I_O)         1.467     1.467 f  btn_IBUF[0]_inst/O
                         net (fo=33, routed)          5.478     6.945    top_inst/custom_ops_inst/reset
    SLICE_X52Y61         LUT3 (Prop_lut3_I0_O)        0.152     7.097 r  top_inst/custom_ops_inst/b_stored[3]_i_1/O
                         net (fo=10, routed)          0.415     7.512    top_inst/custom_ops_inst/b_stored[3]_i_1_n_0
    SLICE_X53Y62         FDRE                                         r  top_inst/custom_ops_inst/a_stored_reg[1]/CE
  -------------------------------------------------------------------    -------------------

                         (clock sys_clk_pin rise edge)
                                                      0.000     0.000 r  
    E3                                                0.000     0.000 r  CLK100MHZ (IN)
                         net (fo=0)                   0.000     0.000    CLK100MHZ
    E3                   IBUF (Prop_ibuf_I_O)         1.418     1.418 r  CLK100MHZ_IBUF_inst/O
                         net (fo=1, routed)           1.862     3.280    CLK100MHZ_IBUF
    BUFGCTRL_X0Y16       BUFG (Prop_bufg_I_O)         0.091     3.371 r  CLK100MHZ_IBUF_BUFG_inst/O
                         net (fo=48, routed)          1.435     4.806    top_inst/custom_ops_inst/clk
    SLICE_X53Y62         FDRE                                         r  top_inst/custom_ops_inst/a_stored_reg[1]/C

Slack:                    inf
  Source:                 btn[0]
                            (input port)
  Destination:            top_inst/custom_ops_inst/a_stored_reg[2]/CE
                            (rising edge-triggered cell FDRE clocked by sys_clk_pin  {rise@0.000ns fall@5.000ns period=10.000ns})
  Path Group:             (none)
  Path Type:              Setup (Max at Slow Process Corner)
  Data Path Delay:        7.512ns  (logic 1.619ns (21.551%)  route 5.893ns (78.449%))
  Logic Levels:           2  (IBUF=1 LUT3=1)
  Clock Path Skew:        4.806ns (DCD - SCD + CPR)
    Destination Clock Delay (DCD):    4.806ns
    Source Clock Delay      (SCD):    0.000ns
    Clock Pessimism Removal (CPR):    0.000ns
  Clock Uncertainty:      0.025ns  ((TSJ^2 + TIJ^2)^1/2 + DJ) / 2 + PE
    Total System Jitter     (TSJ):    0.050ns
    Total Input Jitter      (TIJ):    0.000ns
    Discrete Jitter          (DJ):    0.000ns
    Phase Error              (PE):    0.000ns

    Location             Delay type                Incr(ns)  Path(ns)    Netlist Resource(s)
  -------------------------------------------------------------------    -------------------
    D9                                                0.000     0.000 f  btn[0] (IN)
                         net (fo=0)                   0.000     0.000    btn[0]
    D9                   IBUF (Prop_ibuf_I_O)         1.467     1.467 f  btn_IBUF[0]_inst/O
                         net (fo=33, routed)          5.478     6.945    top_inst/custom_ops_inst/reset
    SLICE_X52Y61         LUT3 (Prop_lut3_I0_O)        0.152     7.097 r  top_inst/custom_ops_inst/b_stored[3]_i_1/O
                         net (fo=10, routed)          0.415     7.512    top_inst/custom_ops_inst/b_stored[3]_i_1_n_0
    SLICE_X53Y62         FDRE                                         r  top_inst/custom_ops_inst/a_stored_reg[2]/CE
  -------------------------------------------------------------------    -------------------

                         (clock sys_clk_pin rise edge)
                                                      0.000     0.000 r  
    E3                                                0.000     0.000 r  CLK100MHZ (IN)
                         net (fo=0)                   0.000     0.000    CLK100MHZ
    E3                   IBUF (Prop_ibuf_I_O)         1.418     1.418 r  CLK100MHZ_IBUF_inst/O
                         net (fo=1, routed)           1.862     3.280    CLK100MHZ_IBUF
    BUFGCTRL_X0Y16       BUFG (Prop_bufg_I_O)         0.091     3.371 r  CLK100MHZ_IBUF_BUFG_inst/O
                         net (fo=48, routed)          1.435     4.806    top_inst/custom_ops_inst/clk
    SLICE_X53Y62         FDRE                                         r  top_inst/custom_ops_inst/a_stored_reg[2]/C

Slack:                    inf
  Source:                 btn[0]
                            (input port)
  Destination:            top_inst/custom_ops_inst/a_stored_reg[3]/CE
                            (rising edge-triggered cell FDRE clocked by sys_clk_pin  {rise@0.000ns fall@5.000ns period=10.000ns})
  Path Group:             (none)
  Path Type:              Setup (Max at Slow Process Corner)
  Data Path Delay:        7.512ns  (logic 1.619ns (21.551%)  route 5.893ns (78.449%))
  Logic Levels:           2  (IBUF=1 LUT3=1)
  Clock Path Skew:        4.806ns (DCD - SCD + CPR)
    Destination Clock Delay (DCD):    4.806ns
    Source Clock Delay      (SCD):    0.000ns
    Clock Pessimism Removal (CPR):    0.000ns
  Clock Uncertainty:      0.025ns  ((TSJ^2 + TIJ^2)^1/2 + DJ) / 2 + PE
    Total System Jitter     (TSJ):    0.050ns
    Total Input Jitter      (TIJ):    0.000ns
    Discrete Jitter          (DJ):    0.000ns
    Phase Error              (PE):    0.000ns

    Location             Delay type                Incr(ns)  Path(ns)    Netlist Resource(s)
  -------------------------------------------------------------------    -------------------
    D9                                                0.000     0.000 f  btn[0] (IN)
                         net (fo=0)                   0.000     0.000    btn[0]
    D9                   IBUF (Prop_ibuf_I_O)         1.467     1.467 f  btn_IBUF[0]_inst/O
                         net (fo=33, routed)          5.478     6.945    top_inst/custom_ops_inst/reset
    SLICE_X52Y61         LUT3 (Prop_lut3_I0_O)        0.152     7.097 r  top_inst/custom_ops_inst/b_stored[3]_i_1/O
                         net (fo=10, routed)          0.415     7.512    top_inst/custom_ops_inst/b_stored[3]_i_1_n_0
    SLICE_X53Y62         FDRE                                         r  top_inst/custom_ops_inst/a_stored_reg[3]/CE
  -------------------------------------------------------------------    -------------------

                         (clock sys_clk_pin rise edge)
                                                      0.000     0.000 r  
    E3                                                0.000     0.000 r  CLK100MHZ (IN)
                         net (fo=0)                   0.000     0.000    CLK100MHZ
    E3                   IBUF (Prop_ibuf_I_O)         1.418     1.418 r  CLK100MHZ_IBUF_inst/O
                         net (fo=1, routed)           1.862     3.280    CLK100MHZ_IBUF
    BUFGCTRL_X0Y16       BUFG (Prop_bufg_I_O)         0.091     3.371 r  CLK100MHZ_IBUF_BUFG_inst/O
                         net (fo=48, routed)          1.435     4.806    top_inst/custom_ops_inst/clk
    SLICE_X53Y62         FDRE                                         r  top_inst/custom_ops_inst/a_stored_reg[3]/C

Slack:                    inf
  Source:                 btn[0]
                            (input port)
  Destination:            top_inst/custom_ops_inst/b_stored_reg[0]/CE
                            (rising edge-triggered cell FDRE clocked by sys_clk_pin  {rise@0.000ns fall@5.000ns period=10.000ns})
  Path Group:             (none)
  Path Type:              Setup (Max at Slow Process Corner)
  Data Path Delay:        7.462ns  (logic 1.619ns (21.694%)  route 5.843ns (78.306%))
  Logic Levels:           2  (IBUF=1 LUT3=1)
  Clock Path Skew:        4.806ns (DCD - SCD + CPR)
    Destination Clock Delay (DCD):    4.806ns
    Source Clock Delay      (SCD):    0.000ns
    Clock Pessimism Removal (CPR):    0.000ns
  Clock Uncertainty:      0.025ns  ((TSJ^2 + TIJ^2)^1/2 + DJ) / 2 + PE
    Total System Jitter     (TSJ):    0.050ns
    Total Input Jitter      (TIJ):    0.000ns
    Discrete Jitter          (DJ):    0.000ns
    Phase Error              (PE):    0.000ns

    Location             Delay type                Incr(ns)  Path(ns)    Netlist Resource(s)
  -------------------------------------------------------------------    -------------------
    D9                                                0.000     0.000 f  btn[0] (IN)
                         net (fo=0)                   0.000     0.000    btn[0]
    D9                   IBUF (Prop_ibuf_I_O)         1.467     1.467 f  btn_IBUF[0]_inst/O
                         net (fo=33, routed)          5.478     6.945    top_inst/custom_ops_inst/reset
    SLICE_X52Y61         LUT3 (Prop_lut3_I0_O)        0.152     7.097 r  top_inst/custom_ops_inst/b_stored[3]_i_1/O
                         net (fo=10, routed)          0.366     7.462    top_inst/custom_ops_inst/b_stored[3]_i_1_n_0
    SLICE_X52Y62         FDRE                                         r  top_inst/custom_ops_inst/b_stored_reg[0]/CE
  -------------------------------------------------------------------    -------------------

                         (clock sys_clk_pin rise edge)
                                                      0.000     0.000 r  
    E3                                                0.000     0.000 r  CLK100MHZ (IN)
                         net (fo=0)                   0.000     0.000    CLK100MHZ
    E3                   IBUF (Prop_ibuf_I_O)         1.418     1.418 r  CLK100MHZ_IBUF_inst/O
                         net (fo=1, routed)           1.862     3.280    CLK100MHZ_IBUF
    BUFGCTRL_X0Y16       BUFG (Prop_bufg_I_O)         0.091     3.371 r  CLK100MHZ_IBUF_BUFG_inst/O
                         net (fo=48, routed)          1.435     4.806    top_inst/custom_ops_inst/clk
    SLICE_X52Y62         FDRE                                         r  top_inst/custom_ops_inst/b_stored_reg[0]/C

Slack:                    inf
  Source:                 btn[0]
                            (input port)
  Destination:            top_inst/custom_ops_inst/b_stored_reg[1]/CE
                            (rising edge-triggered cell FDRE clocked by sys_clk_pin  {rise@0.000ns fall@5.000ns period=10.000ns})
  Path Group:             (none)
  Path Type:              Setup (Max at Slow Process Corner)
  Data Path Delay:        7.462ns  (logic 1.619ns (21.694%)  route 5.843ns (78.306%))
  Logic Levels:           2  (IBUF=1 LUT3=1)
  Clock Path Skew:        4.806ns (DCD - SCD + CPR)
    Destination Clock Delay (DCD):    4.806ns
    Source Clock Delay      (SCD):    0.000ns
    Clock Pessimism Removal (CPR):    0.000ns
  Clock Uncertainty:      0.025ns  ((TSJ^2 + TIJ^2)^1/2 + DJ) / 2 + PE
    Total System Jitter     (TSJ):    0.050ns
    Total Input Jitter      (TIJ):    0.000ns
    Discrete Jitter          (DJ):    0.000ns
    Phase Error              (PE):    0.000ns

    Location             Delay type                Incr(ns)  Path(ns)    Netlist Resource(s)
  -------------------------------------------------------------------    -------------------
    D9                                                0.000     0.000 f  btn[0] (IN)
                         net (fo=0)                   0.000     0.000    btn[0]
    D9                   IBUF (Prop_ibuf_I_O)         1.467     1.467 f  btn_IBUF[0]_inst/O
                         net (fo=33, routed)          5.478     6.945    top_inst/custom_ops_inst/reset
    SLICE_X52Y61         LUT3 (Prop_lut3_I0_O)        0.152     7.097 r  top_inst/custom_ops_inst/b_stored[3]_i_1/O
                         net (fo=10, routed)          0.366     7.462    top_inst/custom_ops_inst/b_stored[3]_i_1_n_0
    SLICE_X52Y62         FDRE                                         r  top_inst/custom_ops_inst/b_stored_reg[1]/CE
  -------------------------------------------------------------------    -------------------

                         (clock sys_clk_pin rise edge)
                                                      0.000     0.000 r  
    E3                                                0.000     0.000 r  CLK100MHZ (IN)
                         net (fo=0)                   0.000     0.000    CLK100MHZ
    E3                   IBUF (Prop_ibuf_I_O)         1.418     1.418 r  CLK100MHZ_IBUF_inst/O
                         net (fo=1, routed)           1.862     3.280    CLK100MHZ_IBUF
    BUFGCTRL_X0Y16       BUFG (Prop_bufg_I_O)         0.091     3.371 r  CLK100MHZ_IBUF_BUFG_inst/O
                         net (fo=48, routed)          1.435     4.806    top_inst/custom_ops_inst/clk
    SLICE_X52Y62         FDRE                                         r  top_inst/custom_ops_inst/b_stored_reg[1]/C

Slack:                    inf
  Source:                 btn[0]
                            (input port)
  Destination:            top_inst/custom_ops_inst/b_stored_reg[2]/CE
                            (rising edge-triggered cell FDRE clocked by sys_clk_pin  {rise@0.000ns fall@5.000ns period=10.000ns})
  Path Group:             (none)
  Path Type:              Setup (Max at Slow Process Corner)
  Data Path Delay:        7.462ns  (logic 1.619ns (21.694%)  route 5.843ns (78.306%))
  Logic Levels:           2  (IBUF=1 LUT3=1)
  Clock Path Skew:        4.806ns (DCD - SCD + CPR)
    Destination Clock Delay (DCD):    4.806ns
    Source Clock Delay      (SCD):    0.000ns
    Clock Pessimism Removal (CPR):    0.000ns
  Clock Uncertainty:      0.025ns  ((TSJ^2 + TIJ^2)^1/2 + DJ) / 2 + PE
    Total System Jitter     (TSJ):    0.050ns
    Total Input Jitter      (TIJ):    0.000ns
    Discrete Jitter          (DJ):    0.000ns
    Phase Error              (PE):    0.000ns

    Location             Delay type                Incr(ns)  Path(ns)    Netlist Resource(s)
  -------------------------------------------------------------------    -------------------
    D9                                                0.000     0.000 f  btn[0] (IN)
                         net (fo=0)                   0.000     0.000    btn[0]
    D9                   IBUF (Prop_ibuf_I_O)         1.467     1.467 f  btn_IBUF[0]_inst/O
                         net (fo=33, routed)          5.478     6.945    top_inst/custom_ops_inst/reset
    SLICE_X52Y61         LUT3 (Prop_lut3_I0_O)        0.152     7.097 r  top_inst/custom_ops_inst/b_stored[3]_i_1/O
                         net (fo=10, routed)          0.366     7.462    top_inst/custom_ops_inst/b_stored[3]_i_1_n_0
    SLICE_X52Y62         FDRE                                         r  top_inst/custom_ops_inst/b_stored_reg[2]/CE
  -------------------------------------------------------------------    -------------------

                         (clock sys_clk_pin rise edge)
                                                      0.000     0.000 r  
    E3                                                0.000     0.000 r  CLK100MHZ (IN)
                         net (fo=0)                   0.000     0.000    CLK100MHZ
    E3                   IBUF (Prop_ibuf_I_O)         1.418     1.418 r  CLK100MHZ_IBUF_inst/O
                         net (fo=1, routed)           1.862     3.280    CLK100MHZ_IBUF
    BUFGCTRL_X0Y16       BUFG (Prop_bufg_I_O)         0.091     3.371 r  CLK100MHZ_IBUF_BUFG_inst/O
                         net (fo=48, routed)          1.435     4.806    top_inst/custom_ops_inst/clk
    SLICE_X52Y62         FDRE                                         r  top_inst/custom_ops_inst/b_stored_reg[2]/C

Slack:                    inf
  Source:                 btn[0]
                            (input port)
  Destination:            top_inst/custom_ops_inst/b_stored_reg[3]/CE
                            (rising edge-triggered cell FDRE clocked by sys_clk_pin  {rise@0.000ns fall@5.000ns period=10.000ns})
  Path Group:             (none)
  Path Type:              Setup (Max at Slow Process Corner)
  Data Path Delay:        7.462ns  (logic 1.619ns (21.694%)  route 5.843ns (78.306%))
  Logic Levels:           2  (IBUF=1 LUT3=1)
  Clock Path Skew:        4.806ns (DCD - SCD + CPR)
    Destination Clock Delay (DCD):    4.806ns
    Source Clock Delay      (SCD):    0.000ns
    Clock Pessimism Removal (CPR):    0.000ns
  Clock Uncertainty:      0.025ns  ((TSJ^2 + TIJ^2)^1/2 + DJ) / 2 + PE
    Total System Jitter     (TSJ):    0.050ns
    Total Input Jitter      (TIJ):    0.000ns
    Discrete Jitter          (DJ):    0.000ns
    Phase Error              (PE):    0.000ns

    Location             Delay type                Incr(ns)  Path(ns)    Netlist Resource(s)
  -------------------------------------------------------------------    -------------------
    D9                                                0.000     0.000 f  btn[0] (IN)
                         net (fo=0)                   0.000     0.000    btn[0]
    D9                   IBUF (Prop_ibuf_I_O)         1.467     1.467 f  btn_IBUF[0]_inst/O
                         net (fo=33, routed)          5.478     6.945    top_inst/custom_ops_inst/reset
    SLICE_X52Y61         LUT3 (Prop_lut3_I0_O)        0.152     7.097 r  top_inst/custom_ops_inst/b_stored[3]_i_1/O
                         net (fo=10, routed)          0.366     7.462    top_inst/custom_ops_inst/b_stored[3]_i_1_n_0
    SLICE_X52Y62         FDRE                                         r  top_inst/custom_ops_inst/b_stored_reg[3]/CE
  -------------------------------------------------------------------    -------------------

                         (clock sys_clk_pin rise edge)
                                                      0.000     0.000 r  
    E3                                                0.000     0.000 r  CLK100MHZ (IN)
                         net (fo=0)                   0.000     0.000    CLK100MHZ
    E3                   IBUF (Prop_ibuf_I_O)         1.418     1.418 r  CLK100MHZ_IBUF_inst/O
                         net (fo=1, routed)           1.862     3.280    CLK100MHZ_IBUF
    BUFGCTRL_X0Y16       BUFG (Prop_bufg_I_O)         0.091     3.371 r  CLK100MHZ_IBUF_BUFG_inst/O
                         net (fo=48, routed)          1.435     4.806    top_inst/custom_ops_inst/clk
    SLICE_X52Y62         FDRE                                         r  top_inst/custom_ops_inst/b_stored_reg[3]/C





Min Delay Paths
--------------------------------------------------------------------------------------
Slack:                    inf
  Source:                 sw[2]
                            (input port)
  Destination:            top_inst/mem_ctrl/buf_a/buf_reg[2]/D
                            (rising edge-triggered cell FDRE clocked by sys_clk_pin  {rise@0.000ns fall@5.000ns period=10.000ns})
  Path Group:             (none)
  Path Type:              Hold (Min at Fast Process Corner)
  Data Path Delay:        1.966ns  (logic 0.282ns (14.360%)  route 1.684ns (85.640%))
  Logic Levels:           1  (IBUF=1)
  Clock Path Skew:        1.984ns (DCD - SCD - CPR)
    Destination Clock Delay (DCD):    1.984ns
    Source Clock Delay      (SCD):    0.000ns
    Clock Pessimism Removal (CPR):    -0.000ns

    Location             Delay type                Incr(ns)  Path(ns)    Netlist Resource(s)
  -------------------------------------------------------------------    -------------------
    C10                                               0.000     0.000 r  sw[2] (IN)
                         net (fo=0)                   0.000     0.000    sw[2]
    C10                  IBUF (Prop_ibuf_I_O)         0.282     0.282 r  sw_IBUF[2]_inst/O
                         net (fo=2, routed)           1.684     1.966    top_inst/mem_ctrl/buf_a/sw_IBUF[2]
    SLICE_X49Y65         FDRE                                         r  top_inst/mem_ctrl/buf_a/buf_reg[2]/D
  -------------------------------------------------------------------    -------------------

                         (clock sys_clk_pin rise edge)
                                                      0.000     0.000 r  
    E3                                                0.000     0.000 r  CLK100MHZ (IN)
                         net (fo=0)                   0.000     0.000    CLK100MHZ
    E3                   IBUF (Prop_ibuf_I_O)         0.445     0.445 r  CLK100MHZ_IBUF_inst/O
                         net (fo=1, routed)           0.685     1.129    CLK100MHZ_IBUF
    BUFGCTRL_X0Y16       BUFG (Prop_bufg_I_O)         0.029     1.158 r  CLK100MHZ_IBUF_BUFG_inst/O
                         net (fo=48, routed)          0.826     1.984    top_inst/mem_ctrl/buf_a/clk
    SLICE_X49Y65         FDRE                                         r  top_inst/mem_ctrl/buf_a/buf_reg[2]/C

Slack:                    inf
  Source:                 sw[3]
                            (input port)
  Destination:            top_inst/mem_ctrl/buf_a/buf_reg[3]/D
                            (rising edge-triggered cell FDRE clocked by sys_clk_pin  {rise@0.000ns fall@5.000ns period=10.000ns})
  Path Group:             (none)
  Path Type:              Hold (Min at Fast Process Corner)
  Data Path Delay:        2.026ns  (logic 0.307ns (15.148%)  route 1.719ns (84.852%))
  Logic Levels:           1  (IBUF=1)
  Clock Path Skew:        1.984ns (DCD - SCD - CPR)
    Destination Clock Delay (DCD):    1.984ns
    Source Clock Delay      (SCD):    0.000ns
    Clock Pessimism Removal (CPR):    -0.000ns

    Location             Delay type                Incr(ns)  Path(ns)    Netlist Resource(s)
  -------------------------------------------------------------------    -------------------
    A10                                               0.000     0.000 r  sw[3] (IN)
                         net (fo=0)                   0.000     0.000    sw[3]
    A10                  IBUF (Prop_ibuf_I_O)         0.307     0.307 r  sw_IBUF[3]_inst/O
                         net (fo=2, routed)           1.719     2.026    top_inst/mem_ctrl/buf_a/sw_IBUF[3]
    SLICE_X48Y65         FDRE                                         r  top_inst/mem_ctrl/buf_a/buf_reg[3]/D
  -------------------------------------------------------------------    -------------------

                         (clock sys_clk_pin rise edge)
                                                      0.000     0.000 r  
    E3                                                0.000     0.000 r  CLK100MHZ (IN)
                         net (fo=0)                   0.000     0.000    CLK100MHZ
    E3                   IBUF (Prop_ibuf_I_O)         0.445     0.445 r  CLK100MHZ_IBUF_inst/O
                         net (fo=1, routed)           0.685     1.129    CLK100MHZ_IBUF
    BUFGCTRL_X0Y16       BUFG (Prop_bufg_I_O)         0.029     1.158 r  CLK100MHZ_IBUF_BUFG_inst/O
                         net (fo=48, routed)          0.826     1.984    top_inst/mem_ctrl/buf_a/clk
    SLICE_X48Y65         FDRE                                         r  top_inst/mem_ctrl/buf_a/buf_reg[3]/C

Slack:                    inf
  Source:                 sw[2]
                            (input port)
  Destination:            top_inst/mem_ctrl/buf_b/buf_reg[2]/D
                            (rising edge-triggered cell FDRE clocked by sys_clk_pin  {rise@0.000ns fall@5.000ns period=10.000ns})
  Path Group:             (none)
  Path Type:              Hold (Min at Fast Process Corner)
  Data Path Delay:        2.057ns  (logic 0.327ns (15.915%)  route 1.730ns (84.085%))
  Logic Levels:           2  (IBUF=1 LUT6=1)
  Clock Path Skew:        1.986ns (DCD - SCD - CPR)
    Destination Clock Delay (DCD):    1.986ns
    Source Clock Delay      (SCD):    0.000ns
    Clock Pessimism Removal (CPR):    -0.000ns

    Location             Delay type                Incr(ns)  Path(ns)    Netlist Resource(s)
  -------------------------------------------------------------------    -------------------
    C10                                               0.000     0.000 r  sw[2] (IN)
                         net (fo=0)                   0.000     0.000    sw[2]
    C10                  IBUF (Prop_ibuf_I_O)         0.282     0.282 r  sw_IBUF[2]_inst/O
                         net (fo=2, routed)           1.730     2.012    top_inst/mem_ctrl/reg_sel_fct/sw_IBUF[1]
    SLICE_X50Y64         LUT6 (Prop_lut6_I0_O)        0.045     2.057 r  top_inst/mem_ctrl/reg_sel_fct/buf[2]_i_1/O
                         net (fo=1, routed)           0.000     2.057    top_inst/mem_ctrl/buf_b/D[2]
    SLICE_X50Y64         FDRE                                         r  top_inst/mem_ctrl/buf_b/buf_reg[2]/D
  -------------------------------------------------------------------    -------------------

                         (clock sys_clk_pin rise edge)
                                                      0.000     0.000 r  
    E3                                                0.000     0.000 r  CLK100MHZ (IN)
                         net (fo=0)                   0.000     0.000    CLK100MHZ
    E3                   IBUF (Prop_ibuf_I_O)         0.445     0.445 r  CLK100MHZ_IBUF_inst/O
                         net (fo=1, routed)           0.685     1.129    CLK100MHZ_IBUF
    BUFGCTRL_X0Y16       BUFG (Prop_bufg_I_O)         0.029     1.158 r  CLK100MHZ_IBUF_BUFG_inst/O
                         net (fo=48, routed)          0.827     1.986    top_inst/mem_ctrl/buf_b/clk
    SLICE_X50Y64         FDRE                                         r  top_inst/mem_ctrl/buf_b/buf_reg[2]/C

Slack:                    inf
  Source:                 sw[1]
                            (input port)
  Destination:            top_inst/mem_ctrl/buf_a/buf_reg[1]/D
                            (rising edge-triggered cell FDRE clocked by sys_clk_pin  {rise@0.000ns fall@5.000ns period=10.000ns})
  Path Group:             (none)
  Path Type:              Hold (Min at Fast Process Corner)
  Data Path Delay:        2.100ns  (logic 0.279ns (13.287%)  route 1.821ns (86.713%))
  Logic Levels:           1  (IBUF=1)
  Clock Path Skew:        1.984ns (DCD - SCD - CPR)
    Destination Clock Delay (DCD):    1.984ns
    Source Clock Delay      (SCD):    0.000ns
    Clock Pessimism Removal (CPR):    -0.000ns

    Location             Delay type                Incr(ns)  Path(ns)    Netlist Resource(s)
  -------------------------------------------------------------------    -------------------
    C11                                               0.000     0.000 r  sw[1] (IN)
                         net (fo=0)                   0.000     0.000    sw[1]
    C11                  IBUF (Prop_ibuf_I_O)         0.279     0.279 r  sw_IBUF[1]_inst/O
                         net (fo=2, routed)           1.821     2.100    top_inst/mem_ctrl/buf_a/sw_IBUF[1]
    SLICE_X48Y65         FDRE                                         r  top_inst/mem_ctrl/buf_a/buf_reg[1]/D
  -------------------------------------------------------------------    -------------------

                         (clock sys_clk_pin rise edge)
                                                      0.000     0.000 r  
    E3                                                0.000     0.000 r  CLK100MHZ (IN)
                         net (fo=0)                   0.000     0.000    CLK100MHZ
    E3                   IBUF (Prop_ibuf_I_O)         0.445     0.445 r  CLK100MHZ_IBUF_inst/O
                         net (fo=1, routed)           0.685     1.129    CLK100MHZ_IBUF
    BUFGCTRL_X0Y16       BUFG (Prop_bufg_I_O)         0.029     1.158 r  CLK100MHZ_IBUF_BUFG_inst/O
                         net (fo=48, routed)          0.826     1.984    top_inst/mem_ctrl/buf_a/clk
    SLICE_X48Y65         FDRE                                         r  top_inst/mem_ctrl/buf_a/buf_reg[1]/C

Slack:                    inf
  Source:                 sw[0]
                            (input port)
  Destination:            top_inst/mem_ctrl/buf_a/buf_reg[0]/D
                            (rising edge-triggered cell FDRE clocked by sys_clk_pin  {rise@0.000ns fall@5.000ns period=10.000ns})
  Path Group:             (none)
  Path Type:              Hold (Min at Fast Process Corner)
  Data Path Delay:        2.243ns  (logic 0.308ns (13.741%)  route 1.934ns (86.259%))
  Logic Levels:           1  (IBUF=1)
  Clock Path Skew:        1.984ns (DCD - SCD - CPR)
    Destination Clock Delay (DCD):    1.984ns
    Source Clock Delay      (SCD):    0.000ns
    Clock Pessimism Removal (CPR):    -0.000ns

    Location             Delay type                Incr(ns)  Path(ns)    Netlist Resource(s)
  -------------------------------------------------------------------    -------------------
    A8                                                0.000     0.000 r  sw[0] (IN)
                         net (fo=0)                   0.000     0.000    sw[0]
    A8                   IBUF (Prop_ibuf_I_O)         0.308     0.308 r  sw_IBUF[0]_inst/O
                         net (fo=2, routed)           1.934     2.243    top_inst/mem_ctrl/buf_a/sw_IBUF[0]
    SLICE_X48Y65         FDRE                                         r  top_inst/mem_ctrl/buf_a/buf_reg[0]/D
  -------------------------------------------------------------------    -------------------

                         (clock sys_clk_pin rise edge)
                                                      0.000     0.000 r  
    E3                                                0.000     0.000 r  CLK100MHZ (IN)
                         net (fo=0)                   0.000     0.000    CLK100MHZ
    E3                   IBUF (Prop_ibuf_I_O)         0.445     0.445 r  CLK100MHZ_IBUF_inst/O
                         net (fo=1, routed)           0.685     1.129    CLK100MHZ_IBUF
    BUFGCTRL_X0Y16       BUFG (Prop_bufg_I_O)         0.029     1.158 r  CLK100MHZ_IBUF_BUFG_inst/O
                         net (fo=48, routed)          0.826     1.984    top_inst/mem_ctrl/buf_a/clk
    SLICE_X48Y65         FDRE                                         r  top_inst/mem_ctrl/buf_a/buf_reg[0]/C

Slack:                    inf
  Source:                 btn[0]
                            (input port)
  Destination:            top_inst/mem_ctrl/buf_b/buf_reg[0]/R
                            (rising edge-triggered cell FDRE clocked by sys_clk_pin  {rise@0.000ns fall@5.000ns period=10.000ns})
  Path Group:             (none)
  Path Type:              Hold (Min at Fast Process Corner)
  Data Path Delay:        2.289ns  (logic 0.235ns (10.260%)  route 2.054ns (89.740%))
  Logic Levels:           1  (IBUF=1)
  Clock Path Skew:        1.985ns (DCD - SCD - CPR)
    Destination Clock Delay (DCD):    1.985ns
    Source Clock Delay      (SCD):    0.000ns
    Clock Pessimism Removal (CPR):    -0.000ns

    Location             Delay type                Incr(ns)  Path(ns)    Netlist Resource(s)
  -------------------------------------------------------------------    -------------------
    D9                                                0.000     0.000 r  btn[0] (IN)
                         net (fo=0)                   0.000     0.000    btn[0]
    D9                   IBUF (Prop_ibuf_I_O)         0.235     0.235 r  btn_IBUF[0]_inst/O
                         net (fo=33, routed)          2.054     2.289    top_inst/mem_ctrl/buf_b/reset
    SLICE_X49Y64         FDRE                                         r  top_inst/mem_ctrl/buf_b/buf_reg[0]/R
  -------------------------------------------------------------------    -------------------

                         (clock sys_clk_pin rise edge)
                                                      0.000     0.000 r  
    E3                                                0.000     0.000 r  CLK100MHZ (IN)
                         net (fo=0)                   0.000     0.000    CLK100MHZ
    E3                   IBUF (Prop_ibuf_I_O)         0.445     0.445 r  CLK100MHZ_IBUF_inst/O
                         net (fo=1, routed)           0.685     1.129    CLK100MHZ_IBUF
    BUFGCTRL_X0Y16       BUFG (Prop_bufg_I_O)         0.029     1.158 r  CLK100MHZ_IBUF_BUFG_inst/O
                         net (fo=48, routed)          0.826     1.985    top_inst/mem_ctrl/buf_b/clk
    SLICE_X49Y64         FDRE                                         r  top_inst/mem_ctrl/buf_b/buf_reg[0]/C

Slack:                    inf
  Source:                 btn[0]
                            (input port)
  Destination:            top_inst/mem_ctrl/buf_b/buf_reg[3]/R
                            (rising edge-triggered cell FDRE clocked by sys_clk_pin  {rise@0.000ns fall@5.000ns period=10.000ns})
  Path Group:             (none)
  Path Type:              Hold (Min at Fast Process Corner)
  Data Path Delay:        2.289ns  (logic 0.235ns (10.260%)  route 2.054ns (89.740%))
  Logic Levels:           1  (IBUF=1)
  Clock Path Skew:        1.985ns (DCD - SCD - CPR)
    Destination Clock Delay (DCD):    1.985ns
    Source Clock Delay      (SCD):    0.000ns
    Clock Pessimism Removal (CPR):    -0.000ns

    Location             Delay type                Incr(ns)  Path(ns)    Netlist Resource(s)
  -------------------------------------------------------------------    -------------------
    D9                                                0.000     0.000 r  btn[0] (IN)
                         net (fo=0)                   0.000     0.000    btn[0]
    D9                   IBUF (Prop_ibuf_I_O)         0.235     0.235 r  btn_IBUF[0]_inst/O
                         net (fo=33, routed)          2.054     2.289    top_inst/mem_ctrl/buf_b/reset
    SLICE_X49Y64         FDRE                                         r  top_inst/mem_ctrl/buf_b/buf_reg[3]/R
  -------------------------------------------------------------------    -------------------

                         (clock sys_clk_pin rise edge)
                                                      0.000     0.000 r  
    E3                                                0.000     0.000 r  CLK100MHZ (IN)
                         net (fo=0)                   0.000     0.000    CLK100MHZ
    E3                   IBUF (Prop_ibuf_I_O)         0.445     0.445 r  CLK100MHZ_IBUF_inst/O
                         net (fo=1, routed)           0.685     1.129    CLK100MHZ_IBUF
    BUFGCTRL_X0Y16       BUFG (Prop_bufg_I_O)         0.029     1.158 r  CLK100MHZ_IBUF_BUFG_inst/O
                         net (fo=48, routed)          0.826     1.985    top_inst/mem_ctrl/buf_b/clk
    SLICE_X49Y64         FDRE                                         r  top_inst/mem_ctrl/buf_b/buf_reg[3]/C

Slack:                    inf
  Source:                 btn[0]
                            (input port)
  Destination:            top_inst/mem_ctrl/instr_mem/pc_reg_rep[0]/R
                            (rising edge-triggered cell FDRE clocked by sys_clk_pin  {rise@0.000ns fall@5.000ns period=10.000ns})
  Path Group:             (none)
  Path Type:              Hold (Min at Fast Process Corner)
  Data Path Delay:        2.302ns  (logic 0.235ns (10.199%)  route 2.068ns (89.801%))
  Logic Levels:           1  (IBUF=1)
  Clock Path Skew:        1.985ns (DCD - SCD - CPR)
    Destination Clock Delay (DCD):    1.985ns
    Source Clock Delay      (SCD):    0.000ns
    Clock Pessimism Removal (CPR):    -0.000ns

    Location             Delay type                Incr(ns)  Path(ns)    Netlist Resource(s)
  -------------------------------------------------------------------    -------------------
    D9                                                0.000     0.000 r  btn[0] (IN)
                         net (fo=0)                   0.000     0.000    btn[0]
    D9                   IBUF (Prop_ibuf_I_O)         0.235     0.235 r  btn_IBUF[0]_inst/O
                         net (fo=33, routed)          2.068     2.302    top_inst/mem_ctrl/instr_mem/reset
    SLICE_X51Y65         FDRE                                         r  top_inst/mem_ctrl/instr_mem/pc_reg_rep[0]/R
  -------------------------------------------------------------------    -------------------

                         (clock sys_clk_pin rise edge)
                                                      0.000     0.000 r  
    E3                                                0.000     0.000 r  CLK100MHZ (IN)
                         net (fo=0)                   0.000     0.000    CLK100MHZ
    E3                   IBUF (Prop_ibuf_I_O)         0.445     0.445 r  CLK100MHZ_IBUF_inst/O
                         net (fo=1, routed)           0.685     1.129    CLK100MHZ_IBUF
    BUFGCTRL_X0Y16       BUFG (Prop_bufg_I_O)         0.029     1.158 r  CLK100MHZ_IBUF_BUFG_inst/O
                         net (fo=48, routed)          0.826     1.985    top_inst/mem_ctrl/instr_mem/clk
    SLICE_X51Y65         FDRE                                         r  top_inst/mem_ctrl/instr_mem/pc_reg_rep[0]/C

Slack:                    inf
  Source:                 btn[0]
                            (input port)
  Destination:            top_inst/mem_ctrl/instr_mem/pc_reg_rep[4]/R
                            (rising edge-triggered cell FDRE clocked by sys_clk_pin  {rise@0.000ns fall@5.000ns period=10.000ns})
  Path Group:             (none)
  Path Type:              Hold (Min at Fast Process Corner)
  Data Path Delay:        2.302ns  (logic 0.235ns (10.199%)  route 2.068ns (89.801%))
  Logic Levels:           1  (IBUF=1)
  Clock Path Skew:        1.985ns (DCD - SCD - CPR)
    Destination Clock Delay (DCD):    1.985ns
    Source Clock Delay      (SCD):    0.000ns
    Clock Pessimism Removal (CPR):    -0.000ns

    Location             Delay type                Incr(ns)  Path(ns)    Netlist Resource(s)
  -------------------------------------------------------------------    -------------------
    D9                                                0.000     0.000 r  btn[0] (IN)
                         net (fo=0)                   0.000     0.000    btn[0]
    D9                   IBUF (Prop_ibuf_I_O)         0.235     0.235 r  btn_IBUF[0]_inst/O
                         net (fo=33, routed)          2.068     2.302    top_inst/mem_ctrl/instr_mem/reset
    SLICE_X51Y65         FDRE                                         r  top_inst/mem_ctrl/instr_mem/pc_reg_rep[4]/R
  -------------------------------------------------------------------    -------------------

                         (clock sys_clk_pin rise edge)
                                                      0.000     0.000 r  
    E3                                                0.000     0.000 r  CLK100MHZ (IN)
                         net (fo=0)                   0.000     0.000    CLK100MHZ
    E3                   IBUF (Prop_ibuf_I_O)         0.445     0.445 r  CLK100MHZ_IBUF_inst/O
                         net (fo=1, routed)           0.685     1.129    CLK100MHZ_IBUF
    BUFGCTRL_X0Y16       BUFG (Prop_bufg_I_O)         0.029     1.158 r  CLK100MHZ_IBUF_BUFG_inst/O
                         net (fo=48, routed)          0.826     1.985    top_inst/mem_ctrl/instr_mem/clk
    SLICE_X51Y65         FDRE                                         r  top_inst/mem_ctrl/instr_mem/pc_reg_rep[4]/C

Slack:                    inf
  Source:                 btn[0]
                            (input port)
  Destination:            top_inst/mem_ctrl/instr_mem/pc_reg_rep[5]/R
                            (rising edge-triggered cell FDRE clocked by sys_clk_pin  {rise@0.000ns fall@5.000ns period=10.000ns})
  Path Group:             (none)
  Path Type:              Hold (Min at Fast Process Corner)
  Data Path Delay:        2.302ns  (logic 0.235ns (10.199%)  route 2.068ns (89.801%))
  Logic Levels:           1  (IBUF=1)
  Clock Path Skew:        1.985ns (DCD - SCD - CPR)
    Destination Clock Delay (DCD):    1.985ns
    Source Clock Delay      (SCD):    0.000ns
    Clock Pessimism Removal (CPR):    -0.000ns

    Location             Delay type                Incr(ns)  Path(ns)    Netlist Resource(s)
  -------------------------------------------------------------------    -------------------
    D9                                                0.000     0.000 r  btn[0] (IN)
                         net (fo=0)                   0.000     0.000    btn[0]
    D9                   IBUF (Prop_ibuf_I_O)         0.235     0.235 r  btn_IBUF[0]_inst/O
                         net (fo=33, routed)          2.068     2.302    top_inst/mem_ctrl/instr_mem/reset
    SLICE_X50Y65         FDRE                                         r  top_inst/mem_ctrl/instr_mem/pc_reg_rep[5]/R
  -------------------------------------------------------------------    -------------------

                         (clock sys_clk_pin rise edge)
                                                      0.000     0.000 r  
    E3                                                0.000     0.000 r  CLK100MHZ (IN)
                         net (fo=0)                   0.000     0.000    CLK100MHZ
    E3                   IBUF (Prop_ibuf_I_O)         0.445     0.445 r  CLK100MHZ_IBUF_inst/O
                         net (fo=1, routed)           0.685     1.129    CLK100MHZ_IBUF
    BUFGCTRL_X0Y16       BUFG (Prop_bufg_I_O)         0.029     1.158 r  CLK100MHZ_IBUF_BUFG_inst/O
                         net (fo=48, routed)          0.826     1.985    top_inst/mem_ctrl/instr_mem/clk
    SLICE_X50Y65         FDRE                                         r  top_inst/mem_ctrl/instr_mem/pc_reg_rep[5]/C





